ref_no,title,company,description,opening_date,closing_date,job_code,employer_code,detail_url
1496108,Senior Associate - Business Development (US Calendar - US Shift) (1),H Connect International (Pvt) Ltd,Please refer to the job advert.,Mon May 04 2026,Mon May 11 2026,0001496108,0000000445,https://www.topjobs.lk/applicant/JobAdvertismentServlet?AC=JOBADVERT&EC=0000000445&JC=0001496108
1496107,Experienced Sales Executives,MH Holdings (Pvt) Ltd,Please refer the vacancy,Mon May 04 2026,Mon May 18 2026,0001496107,DEFZZZ,https://www.topjobs.lk/applicant/JobAdvertismentServlet?AC=JOBADVERT&EC=DEFZZZ&JC=0001496107
1496106,Senior Associate - Business Development (US Calendar - US Shift) (1),H Connect International (Pvt) Ltd,Please refer to the job advert.,Mon May 04 2026,Mon May 11 2026,0001496106,0000000445,https://www.topjobs.lk/applicant/JobAdvertismentServlet?AC=JOBADVERT&EC=0000000445&JC=0001496106
1496105,Teacher Vacancies,Nova Royal College,Please refer the vacancy,Mon May 04 2026,Mon May 18 2026,0001496105,DEFZZZ,https://www.topjobs.lk/applicant/JobAdvertismentServlet?AC=JOBADVERT&EC=DEFZZZ&JC=0001496105
1496104,Assistant Manager - Finance Operations (AUS Calendar - AUS Shift) (1),H Connect International (Pvt) Ltd,Please refer to the job advert.,Mon May 04 2026,Mon May 11 2026,0001496104,0000000445,https://www.topjobs.lk/applicant/JobAdvertismentServlet?AC=JOBADVERT&EC=0000000445&JC=0001496104
1496103,Assistant Manager - Finance Operations (AUS Calendar - AUS Shift) (1),H Connect International (Pvt) Ltd,Please refer to the job advert.,Mon May 04 2026,Mon May 11 2026,0001496103,0000000445,https://www.topjobs.lk/applicant/JobAdvertismentServlet?AC=JOBADVERT&EC=0000000445&JC=0001496103
1496102,Head of Operations,MH Holdings (Pvt) Ltd,Please refer the vacancy,Mon May 04 2026,Mon May 18 2026,0001496102,DEFZZZ,https://www.topjobs.lk/applicant/JobAdvertismentServlet?AC=JOBADVERT&EC=DEFZZZ&JC=0001496102
1496101,Executive - Warehousing (Wattala) (1),Aitken Spence Logistics,Please refer the advertisement.,Mon May 04 2026,Mon May 18 2026,0001496101,0000000087,https://www.topjobs.lk/applicant/JobAdvertismentServlet?AC=JOBADVERT&EC=0000000087&JC=0001496101
1496100,Finance Intern,Orel Corperation Pvt Ltd,Please refer the vacancy,Mon May 04 2026,Mon May 18 2026,0001496100,DEFZZZ,https://www.topjobs.lk/applicant/JobAdvertismentServlet?AC=JOBADVERT&EC=DEFZZZ&JC=0001496100
1496099,Executive - Accounts Payable (AUS Calendar - AUS Shift) (1),H Connect International (Pvt) Ltd,Please refer to the job advert.,Mon May 04 2026,Mon May 11 2026,0001496099,0000000445,https://www.topjobs.lk/applicant/JobAdvertismentServlet?AC=JOBADVERT&EC=0000000445&JC=0001496099
1496098,Executive - Accounts Payable (AUS Calendar - AUS Shift) (1),H Connect International (Pvt) Ltd,Please refer to the job advert.,Mon May 04 2026,Mon May 11 2026,0001496098,0000000445,https://www.topjobs.lk/applicant/JobAdvertismentServlet?AC=JOBADVERT&EC=0000000445&JC=0001496098
1496097,Associate Manager - Accounts Payable (AUS Calendar - AUS Shift) (1),H Connect International (Pvt) Ltd,Please refer to the job advert.,Mon May 04 2026,Mon May 11 2026,0001496097,0000000445,https://www.topjobs.lk/applicant/JobAdvertismentServlet?AC=JOBADVERT&EC=0000000445&JC=0001496097
1496096,Draughtsman (1),Sumathi Group,Please refer to the job advertisement.,Mon May 04 2026,Mon May 11 2026,0001496096,0000000555,https://www.topjobs.lk/applicant/JobAdvertismentServlet?AC=JOBADVERT&EC=0000000555&JC=0001496096
1496095,Leasing - Head Office | Premier,UB Finance PLC,Please refer the vacancy,Mon May 04 2026,Mon May 18 2026,0001496095,DEFZZZ,https://www.topjobs.lk/applicant/JobAdvertismentServlet?AC=JOBADVERT&EC=DEFZZZ&JC=0001496095
1496094,Functional Consultant - Finance Solutions (1),Hirdaramani - H CONNECT (PVT) LIMITED,Please refer the Job Advert,Mon May 04 2026,Mon May 11 2026,0001496094,0000000603,https://www.topjobs.lk/applicant/JobAdvertismentServlet?AC=JOBADVERT&EC=0000000603&JC=0001496094
1496093,Functional Consultant - Finance Solutions (1),Hirdaramani - H CONNECT (PVT) LIMITED,Please refer the Job Advert,Mon May 04 2026,Mon May 11 2026,0001496093,0000000603,https://www.topjobs.lk/applicant/JobAdvertismentServlet?AC=JOBADVERT&EC=0000000603&JC=0001496093
1496092,Associate Functional Consultant - Finance Solutions (1),Hirdaramani - H CONNECT (PVT) LIMITED,Please refer the Job Advert,Mon May 04 2026,Mon May 11 2026,0001496092,0000000603,https://www.topjobs.lk/applicant/JobAdvertismentServlet?AC=JOBADVERT&EC=0000000603&JC=0001496092
1496091,Management Trainee - Finance Solutions (1),Hirdaramani - H CONNECT (PVT) LIMITED,Please refer the Job Advert,Mon May 04 2026,Mon May 11 2026,0001496091,0000000603,https://www.topjobs.lk/applicant/JobAdvertismentServlet?AC=JOBADVERT&EC=0000000603&JC=0001496091
1496090,Management Trainee - Finance Solutions (1),Hirdaramani - H CONNECT (PVT) LIMITED,Please refer the Job Advert,Mon May 04 2026,Mon May 11 2026,0001496090,0000000603,https://www.topjobs.lk/applicant/JobAdvertismentServlet?AC=JOBADVERT&EC=0000000603&JC=0001496090
1496089,Management Trainee - Finance Solutions (1),Hirdaramani - H CONNECT (PVT) LIMITED,Please refer the Job Advert,Mon May 04 2026,Mon May 11 2026,0001496089,0000000603,https://www.topjobs.lk/applicant/JobAdvertismentServlet?AC=JOBADVERT&EC=0000000603&JC=0001496089
1496088,Engineer - Data Analytics & AI (1),Hirdaramani - H CONNECT (PVT) LIMITED,Please refer the Job Advert,Mon May 04 2026,Mon May 11 2026,0001496088,0000000603,https://www.topjobs.lk/applicant/JobAdvertismentServlet?AC=JOBADVERT&EC=0000000603&JC=0001496088
1496087,Associate Manager - Accounts Payable (AUS Calendar - AUS Shift) (1),H Connect International (Pvt) Ltd,Please refer to the job advert.,Mon May 04 2026,Mon May 11 2026,0001496087,0000000445,https://www.topjobs.lk/applicant/JobAdvertismentServlet?AC=JOBADVERT&EC=0000000445&JC=0001496087
1496086,Relationship Manager - Colombo | Kandy,NDB Wealth Management Ltd,Please refer the vacancy,Mon May 04 2026,Mon May 18 2026,0001496086,DEFZZZ,https://www.topjobs.lk/applicant/JobAdvertismentServlet?AC=JOBADVERT&EC=DEFZZZ&JC=0001496086
1496085,Executive - Payroll (AUS Calendar - AUS Shift) (1),H Connect International (Pvt) Ltd,Please refer to the job advert.,Mon May 04 2026,Mon May 11 2026,0001496085,0000000445,https://www.topjobs.lk/applicant/JobAdvertismentServlet?AC=JOBADVERT&EC=0000000445&JC=0001496085
1496084,Executive - Payroll (AUS Calendar - AUS Shift) (1),H Connect International (Pvt) Ltd,Please refer to the job advert.,Mon May 04 2026,Mon May 11 2026,0001496084,0000000445,https://www.topjobs.lk/applicant/JobAdvertismentServlet?AC=JOBADVERT&EC=0000000445&JC=0001496084
1496083,Field Officer - Outdoor Advertising (1),Richardson Group of Companies,Please refer to the job advert.,Mon May 04 2026,Mon May 11 2026,0001496083,0000000196,https://www.topjobs.lk/applicant/JobAdvertismentServlet?AC=JOBADVERT&EC=0000000196&JC=0001496083
1496082,Field Officer - Outdoor Advertising (1),Richardson Group of Companies,Please refer to the job advert.,Mon May 04 2026,Mon May 11 2026,0001496082,0000000196,https://www.topjobs.lk/applicant/JobAdvertismentServlet?AC=JOBADVERT&EC=0000000196&JC=0001496082
1496081,Senior Executive - Finance Operations (AUS Calendar - AUS Shift) (1),H Connect International (Pvt) Ltd,Please refer to the job advert.,Mon May 04 2026,Mon May 11 2026,0001496081,0000000445,https://www.topjobs.lk/applicant/JobAdvertismentServlet?AC=JOBADVERT&EC=0000000445&JC=0001496081
1496080,Senior Executive - Finance Operations (AUS Calendar - AUS Shift) (1),H Connect International (Pvt) Ltd,Please refer to the job advert.,Mon May 04 2026,Mon May 11 2026,0001496080,0000000445,https://www.topjobs.lk/applicant/JobAdvertismentServlet?AC=JOBADVERT&EC=0000000445&JC=0001496080
1496079,Associate Manager - Finance Operations (AUS Calendar - AUS Shift) (1),H Connect International (Pvt) Ltd,Please refer to the job advert.,Mon May 04 2026,Mon May 11 2026,0001496079,0000000445,https://www.topjobs.lk/applicant/JobAdvertismentServlet?AC=JOBADVERT&EC=0000000445&JC=0001496079
1496078,Barista / Senior Barista Crew Members,Bing Chun - Kelaniya,Please refer the vacancy,Mon May 04 2026,Mon May 18 2026,0001496078,DEFZZZ,https://www.topjobs.lk/applicant/JobAdvertismentServlet?AC=JOBADVERT&EC=DEFZZZ&JC=0001496078
1496077,Executive Finance - General Ledger (1),Hirdaramani - H CONNECT (PVT) LIMITED,Please refer the job Advert,Mon May 04 2026,Mon May 11 2026,0001496077,0000000603,https://www.topjobs.lk/applicant/JobAdvertismentServlet?AC=JOBADVERT&EC=0000000603&JC=0001496077
1496076,Executive - Project Management (1),Hirdaramani - H CONNECT (PVT) LIMITED,Please refer the Job Advert,Mon May 04 2026,Mon May 11 2026,0001496076,0000000603,https://www.topjobs.lk/applicant/JobAdvertismentServlet?AC=JOBADVERT&EC=0000000603&JC=0001496076
1496075,AI Evangelist (1),Hirdaramani - H CONNECT (PVT) LIMITED,Please refer the Job Advert,Mon May 04 2026,Mon May 11 2026,0001496075,0000000603,https://www.topjobs.lk/applicant/JobAdvertismentServlet?AC=JOBADVERT&EC=0000000603&JC=0001496075
1496074,Intern - Documentation - ERP (1),Hirdaramani - H CONNECT (PVT) LIMITED,Please refer the Job Advert,Mon May 04 2026,Mon May 11 2026,0001496074,0000000603,https://www.topjobs.lk/applicant/JobAdvertismentServlet?AC=JOBADVERT&EC=0000000603&JC=0001496074
1496073,Production Executive,SDS Spices (Pvt) Ltd,Please refer the vacancy,Mon May 04 2026,Mon May 18 2026,0001496073,DEFZZZ,https://www.topjobs.lk/applicant/JobAdvertismentServlet?AC=JOBADVERT&EC=DEFZZZ&JC=0001496073
1496072,Associate Manager - Finance Operations (AUS Calendar - AUS Shift) (1),H Connect International (Pvt) Ltd,Please refer to the job advert.,Mon May 04 2026,Mon May 11 2026,0001496072,0000000445,https://www.topjobs.lk/applicant/JobAdvertismentServlet?AC=JOBADVERT&EC=0000000445&JC=0001496072
1496071,Accountant ? Auditing and Tax  (1),H Connect International (Pvt) Ltd,Please refer to the job advert.,Mon May 04 2026,Mon May 11 2026,0001496071,0000000445,https://www.topjobs.lk/applicant/JobAdvertismentServlet?AC=JOBADVERT&EC=0000000445&JC=0001496071
1496070,Generator Technician,Company Name Withheld,Please refer the vacancy,Mon May 04 2026,Mon May 18 2026,0001496070,DEFZZZ,https://www.topjobs.lk/applicant/JobAdvertismentServlet?AC=JOBADVERT&EC=DEFZZZ&JC=0001496070
1496069,Accountant ? Auditing and Tax  (1),H Connect International (Pvt) Ltd,Please refer to the job advert.,Mon May 04 2026,Mon May 11 2026,0001496069,0000000445,https://www.topjobs.lk/applicant/JobAdvertismentServlet?AC=JOBADVERT&EC=0000000445&JC=0001496069
1496068,Associate Manager - Finance Operations (UK Calendar - SL Shift) (1),H Connect International (Pvt) Ltd,Please refer to the job advert.,Mon May 04 2026,Mon May 11 2026,0001496068,0000000445,https://www.topjobs.lk/applicant/JobAdvertismentServlet?AC=JOBADVERT&EC=0000000445&JC=0001496068
1496067,Intern - Industrial Engineering (Biyagama ) (1),MAS Holdings,Click on the vacancy image to apply.,Mon May 04 2026,Mon May 11 2026,0001496067,0000000111,https://www.topjobs.lk/applicant/JobAdvertismentServlet?AC=JOBADVERT&EC=0000000111&JC=0001496067
1496066,CMS Content Publisher & Digital Editor,Company Name Withheld,Please refer the vacancy,Mon May 04 2026,Mon May 18 2026,0001496066,DEFZZZ,https://www.topjobs.lk/applicant/JobAdvertismentServlet?AC=JOBADVERT&EC=DEFZZZ&JC=0001496066
1496065,Senior Process Associate - Accounts Payable (1),InfoMate (Pvt) Ltd,Infomate is a John Keells Group company. Please register in our career site on https://careers.keells.com/InfoMate,Mon May 04 2026,Mon May 18 2026,0001496065,0000000503,https://www.topjobs.lk/applicant/JobAdvertismentServlet?AC=JOBADVERT&EC=0000000503&JC=0001496065
1496064,Associate Manager - Finance Operations (UK Calendar - SL Shift) (1),H Connect International (Pvt) Ltd,Please refer to the job advert.,Mon May 04 2026,Mon May 11 2026,0001496064,0000000445,https://www.topjobs.lk/applicant/JobAdvertismentServlet?AC=JOBADVERT&EC=0000000445&JC=0001496064
1496063,Regional Leasing Officer - East Region,Seylan Bank PLC,Please refer the vacancy,Mon May 04 2026,Mon May 18 2026,0001496063,DEFZZZ,https://www.topjobs.lk/applicant/JobAdvertismentServlet?AC=JOBADVERT&EC=DEFZZZ&JC=0001496063
1496062,Associate - Business Support (UK Calendar - UK Shift) (1),H Connect International (Pvt) Ltd,Please refer to the job advert.,Mon May 04 2026,Mon May 11 2026,0001496062,0000000445,https://www.topjobs.lk/applicant/JobAdvertismentServlet?AC=JOBADVERT&EC=0000000445&JC=0001496062
1496061,Associate - Business Support (UK Calendar - UK Shift) (1),H Connect International (Pvt) Ltd,Please refer to the job advert.,Mon May 04 2026,Mon May 11 2026,0001496061,0000000445,https://www.topjobs.lk/applicant/JobAdvertismentServlet?AC=JOBADVERT&EC=0000000445&JC=0001496061
1496060,Associate - Business Support (UK Calendar - UK Shift) (1),H Connect International (Pvt) Ltd,Please refer to the job advert.,Mon May 04 2026,Mon May 11 2026,0001496060,0000000445,https://www.topjobs.lk/applicant/JobAdvertismentServlet?AC=JOBADVERT&EC=0000000445&JC=0001496060
1496059,Senior Associate - AR (Canadian Calendar - Canadian Shift) (1),H Connect International (Pvt) Ltd,Please refer to the job advert.,Mon May 04 2026,Mon May 11 2026,0001496059,0000000445,https://www.topjobs.lk/applicant/JobAdvertismentServlet?AC=JOBADVERT&EC=0000000445&JC=0001496059
1496058,Senior Associate - AR (Canadian Calendar - Canadian Shift) (1),H Connect International (Pvt) Ltd,Please refer to the job advert.,Mon May 04 2026,Mon May 11 2026,0001496058,0000000445,https://www.topjobs.lk/applicant/JobAdvertismentServlet?AC=JOBADVERT&EC=0000000445&JC=0001496058
1496057,Customer Servicing Manager,SITREK Security Solutions (Pvt) Ltd,Please refer the advertisement,Mon May 04 2026,Mon May 11 2026,0001496057,0000000508,https://www.topjobs.lk/applicant/JobAdvertismentServlet?AC=JOBADVERT&EC=0000000508&JC=0001496057
1496056,Intern - Sales & Marketing (1),MAS Holdings,Please click the image to Apply.,Mon May 04 2026,Mon May 18 2026,0001496056,0000000111,https://www.topjobs.lk/applicant/JobAdvertismentServlet?AC=JOBADVERT&EC=0000000111&JC=0001496056
1496055,Executive - Plant Lean Enterprise (1),MAS Holdings,Please click on the image to apply.,Mon May 04 2026,Mon May 18 2026,0001496055,0000000111,https://www.topjobs.lk/applicant/JobAdvertismentServlet?AC=JOBADVERT&EC=0000000111&JC=0001496055
1496054,Commercial Executive,Singer (Sri Lanka) PLC,Please refer the vacancy,Mon May 04 2026,Mon May 18 2026,0001496054,DEFZZZ,https://www.topjobs.lk/applicant/JobAdvertismentServlet?AC=JOBADVERT&EC=DEFZZZ&JC=0001496054
1496053,Accountant | Accounts Executive - Finance,Chenara Dodge,Please refer the vacancy,Mon May 04 2026,Mon May 18 2026,0001496053,DEFZZZ,https://www.topjobs.lk/applicant/JobAdvertismentServlet?AC=JOBADVERT&EC=DEFZZZ&JC=0001496053
1496052,Relationship Manager - Priority Banking,Seylan Bank PLC,Please refer the vacancy,Mon May 04 2026,Mon May 18 2026,0001496052,DEFZZZ,https://www.topjobs.lk/applicant/JobAdvertismentServlet?AC=JOBADVERT&EC=DEFZZZ&JC=0001496052
1496051,Quality Controller,Asmara International Limited,Please refer the vacancy,Mon May 04 2026,Mon May 18 2026,0001496051,DEFZZZ,https://www.topjobs.lk/applicant/JobAdvertismentServlet?AC=JOBADVERT&EC=DEFZZZ&JC=0001496051
1496050,Accounts Assistant (Rotumba | Tawalama | Matara),Green House Group of Companies,Please refer the vacancy,Mon May 04 2026,Mon May 18 2026,0001496050,DEFZZZ,https://www.topjobs.lk/applicant/JobAdvertismentServlet?AC=JOBADVERT&EC=DEFZZZ&JC=0001496050
1496049,Client Relationship Manager,ESOFT Technologies (Pvt) Ltd,Please refer the vacancy,Mon May 04 2026,Mon May 18 2026,0001496049,DEFZZZ,https://www.topjobs.lk/applicant/JobAdvertismentServlet?AC=JOBADVERT&EC=DEFZZZ&JC=0001496049
1496048,Travel Executive | Travel Assistant | Interns,TGL Travels & Tours (Pvt) Ltd,Please refer the vacancy,Mon May 04 2026,Mon May 18 2026,0001496048,DEFZZZ,https://www.topjobs.lk/applicant/JobAdvertismentServlet?AC=JOBADVERT&EC=DEFZZZ&JC=0001496048
1496047,Inbound Tour Executive,Haim Travel,Please refer the vacancy,Mon May 04 2026,Mon May 18 2026,0001496047,DEFZZZ,https://www.topjobs.lk/applicant/JobAdvertismentServlet?AC=JOBADVERT&EC=DEFZZZ&JC=0001496047
1496046,Business Analyst | Accounts Assistant,European College (Pvt) Ltd,Please refer the vacancy,Mon May 04 2026,Mon May 18 2026,0001496046,DEFZZZ,https://www.topjobs.lk/applicant/JobAdvertismentServlet?AC=JOBADVERT&EC=DEFZZZ&JC=0001496046
1496045,Accounts Assistant - Work From Home,JK Accounting & Business Associates - BPO,Please refer the vacancy,Mon May 04 2026,Mon May 18 2026,0001496045,DEFZZZ,https://www.topjobs.lk/applicant/JobAdvertismentServlet?AC=JOBADVERT&EC=DEFZZZ&JC=0001496045
1496044,Tour Executive,Bimsan Tours (Pvt) Ltd,"Tour Executive - Outbound (Malaysia, Singapore, Thailand, Vietnam)",Mon May 04 2026,Mon May 18 2026,0001496044,DEFZZZ,https://www.topjobs.lk/applicant/JobAdvertismentServlet?AC=JOBADVERT&EC=DEFZZZ&JC=0001496044
1496043,Business Development Executive,FPMC Engineering Consultants (Pvt) Ltd,Please refer the vacancy,Mon May 04 2026,Mon May 18 2026,0001496043,DEFZZZ,https://www.topjobs.lk/applicant/JobAdvertismentServlet?AC=JOBADVERT&EC=DEFZZZ&JC=0001496043
1496042,Senior Steward | Steward,Monara lanka,Please refer the vacancy,Mon May 04 2026,Mon May 18 2026,0001496042,DEFZZZ,https://www.topjobs.lk/applicant/JobAdvertismentServlet?AC=JOBADVERT&EC=DEFZZZ&JC=0001496042
1496041,Audit Supervisor | Audit Senior - Galle Branch,T&D Group,Please refer the vacancy,Mon May 04 2026,Mon May 18 2026,0001496041,DEFZZZ,https://www.topjobs.lk/applicant/JobAdvertismentServlet?AC=JOBADVERT&EC=DEFZZZ&JC=0001496041
1496040,Social Media Marketing Trainee,Ayur Ayur Ayurveda Retreat,"Social Media Marketing Trainee - Responsible for managing social media, creating content.",Mon May 04 2026,Mon May 18 2026,0001496040,DEFZZZ,https://www.topjobs.lk/applicant/JobAdvertismentServlet?AC=JOBADVERT&EC=DEFZZZ&JC=0001496040
1496039,Maintenance Engineer,Leader Kaijie Battery (Pvt) Ltd,Please refer the vacancy,Mon May 04 2026,Mon May 18 2026,0001496039,DEFZZZ,https://www.topjobs.lk/applicant/JobAdvertismentServlet?AC=JOBADVERT&EC=DEFZZZ&JC=0001496039
1496038,Account Assistant,Three Sinha Industries (Pvt) Ltd,Please refer the vacancy,Mon May 04 2026,Mon May 18 2026,0001496038,DEFZZZ,https://www.topjobs.lk/applicant/JobAdvertismentServlet?AC=JOBADVERT&EC=DEFZZZ&JC=0001496038
1496037,F&B Service Attendant (1),Cinnamon Life Colombo,Click on the advert to apply.,Mon May 04 2026,Mon May 18 2026,0001496037,0000000668,https://www.topjobs.lk/applicant/JobAdvertismentServlet?AC=JOBADVERT&EC=0000000668&JC=0001496037
1496036,Quantity Surveyor / Supervisor (Colombo/Galle),Lanmo (Pvt) Ltd,Please refer the vacancy,Mon May 04 2026,Mon May 18 2026,0001496036,DEFZZZ,https://www.topjobs.lk/applicant/JobAdvertismentServlet?AC=JOBADVERT&EC=DEFZZZ&JC=0001496036
1496035,Financial Controller,Isso Restaurant (Pvt) Ltd,Please refer the vacancy,Mon May 04 2026,Mon May 18 2026,0001496035,DEFZZZ,https://www.topjobs.lk/applicant/JobAdvertismentServlet?AC=JOBADVERT&EC=DEFZZZ&JC=0001496035
1496034,Junior Executive ? Corporate Banking (1),Pan Asia Banking Corporation PLC,Please refer the advertisement,Mon May 04 2026,Mon May 11 2026,0001496034,0000000236,https://www.topjobs.lk/applicant/JobAdvertismentServlet?AC=JOBADVERT&EC=0000000236&JC=0001496034
1496033,Storekeeper | Assistant Storekeeper,E B Creasy & Co PLC,Please refer the vacancy,Mon May 04 2026,Mon May 18 2026,0001496033,DEFZZZ,https://www.topjobs.lk/applicant/JobAdvertismentServlet?AC=JOBADVERT&EC=DEFZZZ&JC=0001496033
1496032,Social Media Content Creator (Graphic Design & Video Editing),Company Name Withheld,Please refer the vacancy,Mon May 04 2026,Mon May 18 2026,0001496032,DEFZZZ,https://www.topjobs.lk/applicant/JobAdvertismentServlet?AC=JOBADVERT&EC=DEFZZZ&JC=0001496032
1496031,Head of Group Procurement & Operations,Ben Holdings (Pvt) Ltd,Please refer the vacancy,Mon May 04 2026,Mon May 18 2026,0001496031,DEFZZZ,https://www.topjobs.lk/applicant/JobAdvertismentServlet?AC=JOBADVERT&EC=DEFZZZ&JC=0001496031
1496030,Senior Marketing Executive | Marketing Executive | Junior Marketing Executive - Leasing,UB Finance PLC,Please refer the vacancy,Mon May 04 2026,Mon May 18 2026,0001496030,DEFZZZ,https://www.topjobs.lk/applicant/JobAdvertismentServlet?AC=JOBADVERT&EC=DEFZZZ&JC=0001496030
1496029,Showroom Manager / Sales Assistant (Female),Beverly Jewellers,Please refer the vacancy,Mon May 04 2026,Mon May 18 2026,0001496029,DEFZZZ,https://www.topjobs.lk/applicant/JobAdvertismentServlet?AC=JOBADVERT&EC=DEFZZZ&JC=0001496029
1496028,Teachers and Lecturers,Insight Global Campus,Please refer the vacancy,Mon May 04 2026,Mon May 18 2026,0001496028,DEFZZZ,https://www.topjobs.lk/applicant/JobAdvertismentServlet?AC=JOBADVERT&EC=DEFZZZ&JC=0001496028
1496027,Assistant Manager - Procurement / Food & Beverage (F&B),PVR Lanka Ltd,Please refer the vacancy,Mon May 04 2026,Mon May 18 2026,0001496027,DEFZZZ,https://www.topjobs.lk/applicant/JobAdvertismentServlet?AC=JOBADVERT&EC=DEFZZZ&JC=0001496027
1496026,Executive Recoveries - Head Office | Premier Branch | Panadura Branch,UB Finance PLC,Please refer the vacancy,Mon May 04 2026,Mon May 18 2026,0001496026,DEFZZZ,https://www.topjobs.lk/applicant/JobAdvertismentServlet?AC=JOBADVERT&EC=DEFZZZ&JC=0001496026
1496025,Assistant General Manager - Sales & Marketing (Fertilizer),Management Systems (Pvt) Ltd,Please refer the vacancy,Mon May 04 2026,Mon May 18 2026,0001496025,DEFZZZ,https://www.topjobs.lk/applicant/JobAdvertismentServlet?AC=JOBADVERT&EC=DEFZZZ&JC=0001496025
1496024,Machine Operator - Production (1 Year FTC) (25),Michelin,Please refer the advertisement.,Mon May 04 2026,Mon May 18 2026,0001496024,0000000192,https://www.topjobs.lk/applicant/JobAdvertismentServlet?AC=JOBADVERT&EC=0000000192&JC=0001496024
1496023,Production Executive (Meethirigala),Nelna Farm (Pvt) Ltd,Please refer the vacancy,Mon May 04 2026,Mon May 18 2026,0001496023,DEFZZZ,https://www.topjobs.lk/applicant/JobAdvertismentServlet?AC=JOBADVERT&EC=DEFZZZ&JC=0001496023
1496022,Assistant General Manager - Sales & Marketing (Fertilizer),Management Systems (Pvt) Ltd,Please refer the vacancy,Mon May 04 2026,Mon May 18 2026,0001496022,DEFZZZ,https://www.topjobs.lk/applicant/JobAdvertismentServlet?AC=JOBADVERT&EC=DEFZZZ&JC=0001496022
1496021,Senior Assistant Manager - Quality Assurance,Consolidated Business Systems Ltd,Please refer the vacancy,Mon May 04 2026,Mon May 18 2026,0001496021,DEFZZZ,https://www.topjobs.lk/applicant/JobAdvertismentServlet?AC=JOBADVERT&EC=DEFZZZ&JC=0001496021
1496020,Branch Coordinator,Kanrich Building Society Limited,Please refer the vacancy,Mon May 04 2026,Mon May 18 2026,0001496020,DEFZZZ,https://www.topjobs.lk/applicant/JobAdvertismentServlet?AC=JOBADVERT&EC=DEFZZZ&JC=0001496020
1496019,Heavy Vehicle Driver,Maleesha Transport Service,Please refer the vacancy,Mon May 04 2026,Mon May 18 2026,0001496019,DEFZZZ,https://www.topjobs.lk/applicant/JobAdvertismentServlet?AC=JOBADVERT&EC=DEFZZZ&JC=0001496019
1496018,Cyber Security Analyst,UB Finance PLC,Please refer the vacancy,Mon May 04 2026,Mon May 18 2026,0001496018,DEFZZZ,https://www.topjobs.lk/applicant/JobAdvertismentServlet?AC=JOBADVERT&EC=DEFZZZ&JC=0001496018
1496017,Quantity Surveyor | Technical Officer,Tech Way Engineering (Pvt) Ltd,Please refer the vacancy,Mon May 04 2026,Mon May 18 2026,0001496017,DEFZZZ,https://www.topjobs.lk/applicant/JobAdvertismentServlet?AC=JOBADVERT&EC=DEFZZZ&JC=0001496017
1496016,Associate - Audit,Chart Consultants,Please refer the vacancy,Mon May 04 2026,Mon May 18 2026,0001496016,DEFZZZ,https://www.topjobs.lk/applicant/JobAdvertismentServlet?AC=JOBADVERT&EC=DEFZZZ&JC=0001496016
1496015,Member Relationship & Fund Management Officer,Kanrich Building Society Limited,Please refer the vacancy,Mon May 04 2026,Mon May 18 2026,0001496015,DEFZZZ,https://www.topjobs.lk/applicant/JobAdvertismentServlet?AC=JOBADVERT&EC=DEFZZZ&JC=0001496015
1496014,Senior Executive - Quality Assurance,PMM & Company (Pvt) Ltd,Please refer the vacancy,Mon May 04 2026,Mon May 18 2026,0001496014,DEFZZZ,https://www.topjobs.lk/applicant/JobAdvertismentServlet?AC=JOBADVERT&EC=DEFZZZ&JC=0001496014
1496013,Receptionist,Mandaram Eco Resort,Please refer the vacancy,Mon May 04 2026,Mon May 18 2026,0001496013,DEFZZZ,https://www.topjobs.lk/applicant/JobAdvertismentServlet?AC=JOBADVERT&EC=DEFZZZ&JC=0001496013
1496012,Executive - Operations,Sisili Hanaro Encare (Pvt) Ltd,Please refer the vacancy,Mon May 04 2026,Mon May 18 2026,0001496012,DEFZZZ,https://www.topjobs.lk/applicant/JobAdvertismentServlet?AC=JOBADVERT&EC=DEFZZZ&JC=0001496012
1496011,Accounts Executive,Aseki Insurance Brokers (Pvt) Ltd,Please refer the vacancy,Mon May 04 2026,Mon May 18 2026,0001496011,DEFZZZ,https://www.topjobs.lk/applicant/JobAdvertismentServlet?AC=JOBADVERT&EC=DEFZZZ&JC=0001496011
1496010,Export | Import Manager,PMM & Company (Pvt) Ltd,Please refer the vacancy,Mon May 04 2026,Mon May 18 2026,0001496010,DEFZZZ,https://www.topjobs.lk/applicant/JobAdvertismentServlet?AC=JOBADVERT&EC=DEFZZZ&JC=0001496010
1496009,Gust Relations Officer,AARAWILD Luxury Villas,Please refer the vacancy,Mon May 04 2026,Mon May 18 2026,0001496009,DEFZZZ,https://www.topjobs.lk/applicant/JobAdvertismentServlet?AC=JOBADVERT&EC=DEFZZZ&JC=0001496009
1496008,Accountant,E.K.S Lanka Holding,Please refer the vacancy,Mon May 04 2026,Mon May 18 2026,0001496008,DEFZZZ,https://www.topjobs.lk/applicant/JobAdvertismentServlet?AC=JOBADVERT&EC=DEFZZZ&JC=0001496008
1496007,Management Trainee,Rhino Consultants & Facilitators (Pvt) Ltd,Please refer the vacancy,Mon May 04 2026,Mon May 18 2026,0001496007,DEFZZZ,https://www.topjobs.lk/applicant/JobAdvertismentServlet?AC=JOBADVERT&EC=DEFZZZ&JC=0001496007
1496006,Manager - Information Systems Audit (1),AMANA BANK PLC,Please refer job advert.,Mon May 04 2026,Mon May 18 2026,0001496006,0000000566,https://www.topjobs.lk/applicant/JobAdvertismentServlet?AC=JOBADVERT&EC=0000000566&JC=0001496006
1496005,Executive-Plant Lean Enterprise (1),MAS Holdings,Please click on the advert to apply.,Mon May 04 2026,Sat May 16 2026,0001496005,0000000111,https://www.topjobs.lk/applicant/JobAdvertismentServlet?AC=JOBADVERT&EC=0000000111&JC=0001496005
1496004,Executive - Procurement (Construction),Hayleys Group,"Click on the flyer to apply.
Join the World of Hayleys.",Mon May 04 2026,Mon May 18 2026,0001496004,0000000495,https://www.topjobs.lk/applicant/JobAdvertismentServlet?AC=JOBADVERT&EC=0000000495&JC=0001496004
1496003,Office Clerk - Male | Female,E.K.S Lanka Holding,Please refer the vacancy,Mon May 04 2026,Mon May 18 2026,0001496003,DEFZZZ,https://www.topjobs.lk/applicant/JobAdvertismentServlet?AC=JOBADVERT&EC=DEFZZZ&JC=0001496003
1496002,Manager - Solar Engineering,Abans Electricals PLC (Service Dept.),Please refer the vacancy,Mon May 04 2026,Mon May 18 2026,0001496002,DEFZZZ,https://www.topjobs.lk/applicant/JobAdvertismentServlet?AC=JOBADVERT&EC=DEFZZZ&JC=0001496002
1496001,Receptionist,Company Name Withheld,Please refer the vacancy,Mon May 04 2026,Mon May 18 2026,0001496001,DEFZZZ,https://www.topjobs.lk/applicant/JobAdvertismentServlet?AC=JOBADVERT&EC=DEFZZZ&JC=0001496001
1496000,Country Head,Hope Immigration Services,Please refer the vacancy,Mon May 04 2026,Mon May 18 2026,0001496000,DEFZZZ,https://www.topjobs.lk/applicant/JobAdvertismentServlet?AC=JOBADVERT&EC=DEFZZZ&JC=0001496000
1495999,Sales Executive,Jayananda Associates (Pvt) Ltd,Please refer the vacancy,Mon May 04 2026,Mon May 18 2026,0001495999,DEFZZZ,https://www.topjobs.lk/applicant/JobAdvertismentServlet?AC=JOBADVERT&EC=DEFZZZ&JC=0001495999
1495998,Executive - Procurement (Construction),Hayleys Group,"Click on the flyer to apply.
Join the World of Hayleys.",Mon May 04 2026,Mon May 18 2026,0001495998,0000000495,https://www.topjobs.lk/applicant/JobAdvertismentServlet?AC=JOBADVERT&EC=0000000495&JC=0001495998
1495997,Supervisor - Male,E.K.S Lanka Holding,Please refer the vacancy,Mon May 04 2026,Mon May 18 2026,0001495997,DEFZZZ,https://www.topjobs.lk/applicant/JobAdvertismentServlet?AC=JOBADVERT&EC=DEFZZZ&JC=0001495997
1495996,Teacher - English Language (National A/L & EDEXCEL IGCSE) / Teacher - Economics (IGCSE & IAL),St. Benedict?s College,Please refer the vacancy,Mon May 04 2026,Mon May 18 2026,0001495996,DEFZZZ,https://www.topjobs.lk/applicant/JobAdvertismentServlet?AC=JOBADVERT&EC=DEFZZZ&JC=0001495996
1495995,Barista,Caffora,Please refer the vacancy,Mon May 04 2026,Mon May 18 2026,0001495995,DEFZZZ,https://www.topjobs.lk/applicant/JobAdvertismentServlet?AC=JOBADVERT&EC=DEFZZZ&JC=0001495995
1495994,Manager - Information Systems Audit (1),AMANA BANK PLC,Please refer job advert.,Mon May 04 2026,Mon May 18 2026,0001495994,0000000566,https://www.topjobs.lk/applicant/JobAdvertismentServlet?AC=JOBADVERT&EC=0000000566&JC=0001495994
1495993,Bell Desk Attendant (1),Cinnamon Life Colombo,Click on the advert to apply.,Mon May 04 2026,Mon May 18 2026,0001495993,0000000668,https://www.topjobs.lk/applicant/JobAdvertismentServlet?AC=JOBADVERT&EC=0000000668&JC=0001495993
1495992,Teacher (English Literature),Vidura College,Please refer the vacancy,Mon May 04 2026,Mon May 18 2026,0001495992,DEFZZZ,https://www.topjobs.lk/applicant/JobAdvertismentServlet?AC=JOBADVERT&EC=DEFZZZ&JC=0001495992
1495991,Academic Staffs and Tutors (Online) - Female,Catalyst of Academics,Please refer the vacancy,Mon May 04 2026,Mon May 18 2026,0001495991,DEFZZZ,https://www.topjobs.lk/applicant/JobAdvertismentServlet?AC=JOBADVERT&EC=DEFZZZ&JC=0001495991
1495990,Junior Associate - Shipping and Freight Forwarding Operations,Hayleys Group,"Click on the flyer to apply.
Join the World of Hayleys.",Mon May 04 2026,Mon May 18 2026,0001495990,0000000495,https://www.topjobs.lk/applicant/JobAdvertismentServlet?AC=JOBADVERT&EC=0000000495&JC=0001495990
1495989,Restaurant Manager,Dragon's Den (Pvt) Ltd,Please refer the vacancy,Mon May 04 2026,Mon May 18 2026,0001495989,DEFZZZ,https://www.topjobs.lk/applicant/JobAdvertismentServlet?AC=JOBADVERT&EC=DEFZZZ&JC=0001495989
1495988,"Technician - Electrical (VFD, Harmonic Filters & Motors)",Hayleys Group,Join the World of Hayleys.,Mon May 04 2026,Mon May 18 2026,0001495988,0000000495,https://www.topjobs.lk/applicant/JobAdvertismentServlet?AC=JOBADVERT&EC=0000000495&JC=0001495988
1495986,Call Center Agents - Kurunegala Branch,Activ8.asia,Please refer the vacancy,Mon May 04 2026,Mon May 18 2026,0001495986,DEFZZZ,https://www.topjobs.lk/applicant/JobAdvertismentServlet?AC=JOBADVERT&EC=DEFZZZ&JC=0001495986
1495985,Junir Executive - Marketing,IMC AIC Education Consortium,Please refer the vacancy,Mon May 04 2026,Mon May 18 2026,0001495985,DEFZZZ,https://www.topjobs.lk/applicant/JobAdvertismentServlet?AC=JOBADVERT&EC=DEFZZZ&JC=0001495985
1495984,Medical Representative (1),Mobizz Elite (Pvt) Ltd,kindly find the job advert,Mon May 04 2026,Mon May 18 2026,0001495984,0000000531,https://www.topjobs.lk/applicant/JobAdvertismentServlet?AC=JOBADVERT&EC=0000000531&JC=0001495984
1495983,Door Attendant (1),Cinnamon Life Colombo,Click on the advert to apply.,Mon May 04 2026,Mon May 18 2026,0001495983,0000000668,https://www.topjobs.lk/applicant/JobAdvertismentServlet?AC=JOBADVERT&EC=0000000668&JC=0001495983
1495982,Call Center Agents - Kandy Branch,Activ8.asia,Please refer the vacancy,Mon May 04 2026,Mon May 18 2026,0001495982,DEFZZZ,https://www.topjobs.lk/applicant/JobAdvertismentServlet?AC=JOBADVERT&EC=DEFZZZ&JC=0001495982
1495981,Hotel Vacancies,Regal Re?eau Hotel & Spa,Please refer the vacancy,Mon May 04 2026,Mon May 18 2026,0001495981,DEFZZZ,https://www.topjobs.lk/applicant/JobAdvertismentServlet?AC=JOBADVERT&EC=DEFZZZ&JC=0001495981
1495980,Senior Accountant,Livest (Pvt) Ltd,Please refer the vacancy,Mon May 04 2026,Mon May 18 2026,0001495980,DEFZZZ,https://www.topjobs.lk/applicant/JobAdvertismentServlet?AC=JOBADVERT&EC=DEFZZZ&JC=0001495980
1495979,Reservations & Sales Senior Executive | Assistant Manager,The Serendipity Collection,Please refer the vacancy,Mon May 04 2026,Mon May 18 2026,0001495979,DEFZZZ,https://www.topjobs.lk/applicant/JobAdvertismentServlet?AC=JOBADVERT&EC=DEFZZZ&JC=0001495979
1495978,Debt Collector,Hayleys Group,Join the World of Hayleys.,Mon May 04 2026,Mon May 18 2026,0001495978,0000000495,https://www.topjobs.lk/applicant/JobAdvertismentServlet?AC=JOBADVERT&EC=0000000495&JC=0001495978
1495977,Medical Representative (1),Mobizz Elite (Pvt) Ltd,Kindly refer Job advert,Mon May 04 2026,Mon May 18 2026,0001495977,0000000531,https://www.topjobs.lk/applicant/JobAdvertismentServlet?AC=JOBADVERT&EC=0000000531&JC=0001495977
1495976,Technician,Ceylon Biscuits Limited,Please refer the vacancy,Mon May 04 2026,Mon May 18 2026,0001495976,DEFZZZ,https://www.topjobs.lk/applicant/JobAdvertismentServlet?AC=JOBADVERT&EC=DEFZZZ&JC=0001495976
1495975,Exports Executive Officer | Officer,Company Name Withheld,Please refer the vacancy,Mon May 04 2026,Mon May 18 2026,0001495975,DEFZZZ,https://www.topjobs.lk/applicant/JobAdvertismentServlet?AC=JOBADVERT&EC=DEFZZZ&JC=0001495975
1495974,Engineering Assistant - Kandy Building,Maga Engineering (Pvt) Ltd,Please refer the advertisement,Mon May 04 2026,Fri May 15 2026,0001495974,0000000525,https://www.topjobs.lk/applicant/JobAdvertismentServlet?AC=JOBADVERT&EC=0000000525&JC=0001495974
1495973,HSE Officer - Kandy Building,Maga Engineering (Pvt) Ltd,Please refer the advertisement,Mon May 04 2026,Fri May 15 2026,0001495973,0000000525,https://www.topjobs.lk/applicant/JobAdvertismentServlet?AC=JOBADVERT&EC=0000000525&JC=0001495973
1495972,Electrical Engineer - Colombo,Maga Engineering (Pvt) Ltd,Please refer the Advertisment,Mon May 04 2026,Fri May 15 2026,0001495972,0000000525,https://www.topjobs.lk/applicant/JobAdvertismentServlet?AC=JOBADVERT&EC=0000000525&JC=0001495972
1495971,Project Planning Manager,Maga Engineering (Pvt) Ltd,Please refer the advertisement,Mon May 04 2026,Fri May 15 2026,0001495971,0000000525,https://www.topjobs.lk/applicant/JobAdvertismentServlet?AC=JOBADVERT&EC=0000000525&JC=0001495971
1495970,Senior Quantity Surveyor - Kandy Building,Maga Engineering (Pvt) Ltd,Please refer the advertisement,Mon May 04 2026,Fri May 15 2026,0001495970,0000000525,https://www.topjobs.lk/applicant/JobAdvertismentServlet?AC=JOBADVERT&EC=0000000525&JC=0001495970
1495969,Technical Officer,Sri Lanka Centre for Development Facilitation (SLCDF),Please refer the vacancy,Mon May 04 2026,Mon May 18 2026,0001495969,DEFZZZ,https://www.topjobs.lk/applicant/JobAdvertismentServlet?AC=JOBADVERT&EC=DEFZZZ&JC=0001495969
1495968,Engineer MEP Services - Rajagiriya,Maga Engineering (Pvt) Ltd,Please refer the advertisement,Mon May 04 2026,Fri May 15 2026,0001495968,0000000525,https://www.topjobs.lk/applicant/JobAdvertismentServlet?AC=JOBADVERT&EC=0000000525&JC=0001495968
1495967,Therapist - Wellness & Spa,Beam Hela Osu Lanka (Pvt) Ltd,Please refer the vacancy,Mon May 04 2026,Mon May 18 2026,0001495967,DEFZZZ,https://www.topjobs.lk/applicant/JobAdvertismentServlet?AC=JOBADVERT&EC=DEFZZZ&JC=0001495967
1495966,Senior Executive - Learning And Development,Dankotuwa Porcelain PLC,Please refer the vacancy,Mon May 04 2026,Mon May 18 2026,0001495966,DEFZZZ,https://www.topjobs.lk/applicant/JobAdvertismentServlet?AC=JOBADVERT&EC=DEFZZZ&JC=0001495966
1495965,Administration Executive Officer | Officer,?Company Name Withheld?,Please refer the vacancy,Mon May 04 2026,Mon May 18 2026,0001495965,DEFZZZ,https://www.topjobs.lk/applicant/JobAdvertismentServlet?AC=JOBADVERT&EC=DEFZZZ&JC=0001495965
1495964,Junior Executive | Executive - Gold Loan (Negombo & Vavuniya),Cargills Bank PLC,Please refer the vacancy,Mon May 04 2026,Mon May 18 2026,0001495964,DEFZZZ,https://www.topjobs.lk/applicant/JobAdvertismentServlet?AC=JOBADVERT&EC=DEFZZZ&JC=0001495964
1495963,Medical Representative (1),Mobizz Elite (Pvt) Ltd,kindly refer the Job advert ( Male only ),Mon May 04 2026,Mon May 18 2026,0001495963,0000000531,https://www.topjobs.lk/applicant/JobAdvertismentServlet?AC=JOBADVERT&EC=0000000531&JC=0001495963
1495962,Electrical Foreman - Rajagiriya,Maga Engineering (Pvt) Ltd,Please refer the advertisement,Mon May 04 2026,Fri May 15 2026,0001495962,0000000525,https://www.topjobs.lk/applicant/JobAdvertismentServlet?AC=JOBADVERT&EC=0000000525&JC=0001495962
1495961,Manager - Management Accounting (Fiji),Vinod Patel & Co. Ltd,Please refer the vacancy,Mon May 04 2026,Mon May 18 2026,0001495961,DEFZZZ,https://www.topjobs.lk/applicant/JobAdvertismentServlet?AC=JOBADVERT&EC=DEFZZZ&JC=0001495961
1495960,HR Intern (1),INNODATA LANKA (PVT) LTD,As per the Advert,Mon May 04 2026,Mon May 11 2026,0001495960,0000000180,https://www.topjobs.lk/applicant/JobAdvertismentServlet?AC=JOBADVERT&EC=0000000180&JC=0001495960
1495959,Senior Manager - Marketing,Pelwatta Dairy Industries Ltd,Please refer the vacancy,Mon May 04 2026,Mon May 18 2026,0001495959,DEFZZZ,https://www.topjobs.lk/applicant/JobAdvertismentServlet?AC=JOBADVERT&EC=DEFZZZ&JC=0001495959
1495958,Stores Executive,Comfort World International (Pvt) Ltd,Please refer the vacancy,Mon May 04 2026,Mon May 18 2026,0001495958,DEFZZZ,https://www.topjobs.lk/applicant/JobAdvertismentServlet?AC=JOBADVERT&EC=DEFZZZ&JC=0001495958
1495957,Bancassurance Sales Executive - Ambalangoda/ Elpitiya (1),AIA Insurance Lanka Limited,Please refer the advertisemnt.,Mon May 04 2026,Tue May 05 2026,0001495957,0000000019,https://www.topjobs.lk/applicant/JobAdvertismentServlet?AC=JOBADVERT&EC=0000000019&JC=0001495957
1495956,Senior Network Administrator (Night Shift),Legacy Health (Pvt) Ltd,Please refer the vacancy,Mon May 04 2026,Mon May 18 2026,0001495956,DEFZZZ,https://www.topjobs.lk/applicant/JobAdvertismentServlet?AC=JOBADVERT&EC=DEFZZZ&JC=0001495956
1495955,Carpentry Foreman - Rajagiriya,Maga Engineering (Pvt) Ltd,Please refer the advertisement,Mon May 04 2026,Fri May 15 2026,0001495955,0000000525,https://www.topjobs.lk/applicant/JobAdvertismentServlet?AC=JOBADVERT&EC=0000000525&JC=0001495955
1495954,Senior ICT Engineer - Kandy Building,Maga Engineering (Pvt) Ltd,Please refer the advertisement,Mon May 04 2026,Fri May 15 2026,0001495954,0000000525,https://www.topjobs.lk/applicant/JobAdvertismentServlet?AC=JOBADVERT&EC=0000000525&JC=0001495954
1495953,Accounts Assistant,Deima Group of Companies,Please refer the vacancy,Mon May 04 2026,Mon May 18 2026,0001495953,DEFZZZ,https://www.topjobs.lk/applicant/JobAdvertismentServlet?AC=JOBADVERT&EC=DEFZZZ&JC=0001495953
1495952,HR Assistant (1),Edinborough Products [Pvt] Ltd,Please refer to the advertisement,Mon May 04 2026,Mon May 11 2026,0001495952,0000000507,https://www.topjobs.lk/applicant/JobAdvertismentServlet?AC=JOBADVERT&EC=0000000507&JC=0001495952
1495951,Site Engineer - Kandy Building,Maga Engineering (Pvt) Ltd,Please refer the advertisement,Mon May 04 2026,Fri May 15 2026,0001495951,0000000525,https://www.topjobs.lk/applicant/JobAdvertismentServlet?AC=JOBADVERT&EC=0000000525&JC=0001495951
1495950,Mechanical Engineer - Kandy Building,Maga Engineering (Pvt) Ltd,Please refer the advertisement,Mon May 04 2026,Fri May 15 2026,0001495950,0000000525,https://www.topjobs.lk/applicant/JobAdvertismentServlet?AC=JOBADVERT&EC=0000000525&JC=0001495950
1495949,Executive ? Fashion Branding & Marketing (1),Hameedia,Please refer to the advertisement,Mon May 04 2026,Mon May 18 2026,0001495949,0000000253,https://www.topjobs.lk/applicant/JobAdvertismentServlet?AC=JOBADVERT&EC=0000000253&JC=0001495949
1495948,Machine Operator (Male),Noas Products ( Pvt) Ltd,Please refer the vacancy,Mon May 04 2026,Mon May 18 2026,0001495948,DEFZZZ,https://www.topjobs.lk/applicant/JobAdvertismentServlet?AC=JOBADVERT&EC=DEFZZZ&JC=0001495948
1495947,Engineering Assistant - Kandy Building,Maga Engineering (Pvt) Ltd,Please refer the advertisement,Mon May 04 2026,Fri May 15 2026,0001495947,0000000525,https://www.topjobs.lk/applicant/JobAdvertismentServlet?AC=JOBADVERT&EC=0000000525&JC=0001495947
1495946,Planning Engineer - Kandy,Maga Engineering (Pvt) Ltd,Please refer the advertisement,Mon May 04 2026,Fri May 15 2026,0001495946,0000000525,https://www.topjobs.lk/applicant/JobAdvertismentServlet?AC=JOBADVERT&EC=0000000525&JC=0001495946
1495945,Deputy Sales Head - Broker Insurance Business | Micro Finance Insurance Business | Leasing Institutional Insurance Business,Sanansa General Insurance,Please refer the vacancy,Mon May 04 2026,Mon May 18 2026,0001495945,DEFZZZ,https://www.topjobs.lk/applicant/JobAdvertismentServlet?AC=JOBADVERT&EC=DEFZZZ&JC=0001495945
1495944,Room Division Manager,Island Life Sri Lanka,Please refer the vacancy,Mon May 04 2026,Mon May 18 2026,0001495944,DEFZZZ,https://www.topjobs.lk/applicant/JobAdvertismentServlet?AC=JOBADVERT&EC=DEFZZZ&JC=0001495944
1495943,Chartered Civil Engineer - Kandy Building,Maga Engineering (Pvt) Ltd,Please refer the advertisement,Mon May 04 2026,Fri May 15 2026,0001495943,0000000525,https://www.topjobs.lk/applicant/JobAdvertismentServlet?AC=JOBADVERT&EC=0000000525&JC=0001495943
1495942,Engineering Assistant - Kandy Building,Maga Engineering (Pvt) Ltd,Please refer the advertisement,Mon May 04 2026,Fri May 15 2026,0001495942,0000000525,https://www.topjobs.lk/applicant/JobAdvertismentServlet?AC=JOBADVERT&EC=0000000525&JC=0001495942
1495941,Planning Engineer - Kandy,Maga Engineering (Pvt) Ltd,Please refer the advertisement,Mon May 04 2026,Fri May 15 2026,0001495941,0000000525,https://www.topjobs.lk/applicant/JobAdvertismentServlet?AC=JOBADVERT&EC=0000000525&JC=0001495941
1495940,Bancassurance Sales Executive - Ambalangoda/ Elpitiya (1),AIA Insurance Lanka Limited,Please refer the advertisement.,Mon May 04 2026,Wed May 06 2026,0001495940,0000000019,https://www.topjobs.lk/applicant/JobAdvertismentServlet?AC=JOBADVERT&EC=0000000019&JC=0001495940
1495939,Retail Manager,SKY ONE - Fashion Empire,Please refer the vacancy,Mon May 04 2026,Mon May 18 2026,0001495939,DEFZZZ,https://www.topjobs.lk/applicant/JobAdvertismentServlet?AC=JOBADVERT&EC=DEFZZZ&JC=0001495939
1495938,Safety Officers,Maga Engineering (Pvt) Ltd,Please refer the advertisement,Mon May 04 2026,Fri May 15 2026,0001495938,0000000525,https://www.topjobs.lk/applicant/JobAdvertismentServlet?AC=JOBADVERT&EC=0000000525&JC=0001495938
1495937,Executive ? Fashion Branding & Marketing (1),Hameedia,Please refer to the advertisement,Mon May 04 2026,Mon May 18 2026,0001495937,0000000253,https://www.topjobs.lk/applicant/JobAdvertismentServlet?AC=JOBADVERT&EC=0000000253&JC=0001495937
1495936,Assistant Lecturer | Lecturer - Business Analytics,KIU University,Please refer the vacancy,Mon May 04 2026,Mon May 18 2026,0001495936,DEFZZZ,https://www.topjobs.lk/applicant/JobAdvertismentServlet?AC=JOBADVERT&EC=DEFZZZ&JC=0001495936
1495935,Store Keeper,Maga Engineering (Pvt) Ltd,Please refer the advertisement,Mon May 04 2026,Fri May 15 2026,0001495935,0000000525,https://www.topjobs.lk/applicant/JobAdvertismentServlet?AC=JOBADVERT&EC=0000000525&JC=0001495935
1495934,Compliance Executive - Homagama,Maga Engineering (Pvt) Ltd,Please refer the advertisment,Mon May 04 2026,Fri May 15 2026,0001495934,0000000525,https://www.topjobs.lk/applicant/JobAdvertismentServlet?AC=JOBADVERT&EC=0000000525&JC=0001495934
1495933,Accounts Assistant,Crown Tax and Accounting Service Pty Ltd,Please refer the vacancy,Mon May 04 2026,Mon May 18 2026,0001495933,DEFZZZ,https://www.topjobs.lk/applicant/JobAdvertismentServlet?AC=JOBADVERT&EC=DEFZZZ&JC=0001495933
1495932,MEP Draughtsman - Colombo,Maga Engineering (Pvt) Ltd,Please refer the advertisment,Mon May 04 2026,Fri May 15 2026,0001495932,0000000525,https://www.topjobs.lk/applicant/JobAdvertismentServlet?AC=JOBADVERT&EC=0000000525&JC=0001495932
1495931,Finance Executive,Island Life Sri Lanka,Please refer the vacancy,Mon May 04 2026,Mon May 18 2026,0001495931,DEFZZZ,https://www.topjobs.lk/applicant/JobAdvertismentServlet?AC=JOBADVERT&EC=DEFZZZ&JC=0001495931
1495930,Accounts Assistants,Maga Engineering (Pvt) Ltd,Please refer the advertisement,Mon May 04 2026,Fri May 15 2026,0001495930,0000000525,https://www.topjobs.lk/applicant/JobAdvertismentServlet?AC=JOBADVERT&EC=0000000525&JC=0001495930
1495929,Senior Civil Engineer - Kandy Building,Maga Engineering (Pvt) Ltd,Please refer the advertisement,Mon May 04 2026,Fri May 15 2026,0001495929,0000000525,https://www.topjobs.lk/applicant/JobAdvertismentServlet?AC=JOBADVERT&EC=0000000525&JC=0001495929
1495928,Quantity Surveyor - Rajagiriya,Maga Engineering (Pvt) Ltd,Please refer to the advertisement,Mon May 04 2026,Fri May 15 2026,0001495928,0000000525,https://www.topjobs.lk/applicant/JobAdvertismentServlet?AC=JOBADVERT&EC=0000000525&JC=0001495928
1495927,ICT Engineer - Colombo,Maga Engineering (Pvt) Ltd,Please refer the advertisment,Mon May 04 2026,Fri May 15 2026,0001495927,0000000525,https://www.topjobs.lk/applicant/JobAdvertismentServlet?AC=JOBADVERT&EC=0000000525&JC=0001495927
1495926,CCTV Monitoring Executive  (1),Java Lounge Pvt LTD,Please refer the advertistemnt.,Mon May 04 2026,Mon May 11 2026,0001495926,0000000713,https://www.topjobs.lk/applicant/JobAdvertismentServlet?AC=JOBADVERT&EC=0000000713&JC=0001495926
1495925,Assistant Engineer - Electrical,Maga Engineering (Pvt) Ltd,Please refer the advertisment,Mon May 04 2026,Fri May 15 2026,0001495925,0000000525,https://www.topjobs.lk/applicant/JobAdvertismentServlet?AC=JOBADVERT&EC=0000000525&JC=0001495925
1495924,Assistant Engineer Mechanical  - Colombo,Maga Engineering (Pvt) Ltd,Please refer the advertisment,Mon May 04 2026,Fri May 15 2026,0001495924,0000000525,https://www.topjobs.lk/applicant/JobAdvertismentServlet?AC=JOBADVERT&EC=0000000525&JC=0001495924
1495923,Demonstrator | Assistant Lecturer | Probationary Lecturer,KIU University,Please refer the vacancy,Mon May 04 2026,Mon May 18 2026,0001495923,DEFZZZ,https://www.topjobs.lk/applicant/JobAdvertismentServlet?AC=JOBADVERT&EC=DEFZZZ&JC=0001495923
1495922,ICT Engineer - Colombo,Maga Engineering (Pvt) Ltd,Please refer the advertisment,Mon May 04 2026,Fri May 15 2026,0001495922,0000000525,https://www.topjobs.lk/applicant/JobAdvertismentServlet?AC=JOBADVERT&EC=0000000525&JC=0001495922
1495921,Mechanical Engineer - Colombo,Maga Engineering (Pvt) Ltd,Please refer the advertisment,Mon May 04 2026,Fri May 15 2026,0001495921,0000000525,https://www.topjobs.lk/applicant/JobAdvertismentServlet?AC=JOBADVERT&EC=0000000525&JC=0001495921
1495920,Bar Manager | Waiters | Chefs,Company Name Withheld,Please refer the vacancy,Mon May 04 2026,Mon May 18 2026,0001495920,DEFZZZ,https://www.topjobs.lk/applicant/JobAdvertismentServlet?AC=JOBADVERT&EC=DEFZZZ&JC=0001495920
1495919,Inventory Clerk,Alumka Food Equipment (Pvt) Ltd,Please refer the vacancy,Mon May 04 2026,Mon May 18 2026,0001495919,DEFZZZ,https://www.topjobs.lk/applicant/JobAdvertismentServlet?AC=JOBADVERT&EC=DEFZZZ&JC=0001495919
1495918,Store Keepers - Colombo,Maga Engineering (Pvt) Ltd,Please refer the advertisement,Mon May 04 2026,Fri May 15 2026,0001495918,0000000525,https://www.topjobs.lk/applicant/JobAdvertismentServlet?AC=JOBADVERT&EC=0000000525&JC=0001495918
1495917,Sales Executive General Trade - (Cosmetics) - Ratnapura  (1),Healthguard Pharmacy Ltd,Please refer the advertisement,Mon May 04 2026,Sun May 31 2026,0001495917,0000000441,https://www.topjobs.lk/applicant/JobAdvertismentServlet?AC=JOBADVERT&EC=0000000441&JC=0001495917
1495916,Surveyor - Rambukkana,Maga Engineering (Pvt) Ltd,Please refer the advertisement,Mon May 04 2026,Fri May 15 2026,0001495916,0000000525,https://www.topjobs.lk/applicant/JobAdvertismentServlet?AC=JOBADVERT&EC=0000000525&JC=0001495916
1495915,Material Technician - Northern & Uva Roads,Maga Engineering (Pvt) Ltd,Please refer the advertisement,Mon May 04 2026,Fri May 15 2026,0001495915,0000000525,https://www.topjobs.lk/applicant/JobAdvertismentServlet?AC=JOBADVERT&EC=0000000525&JC=0001495915
1495914,Sales Executive General Trade - (Cosmetics)- Anuradhapura (1),Healthguard Pharmacy Ltd,Please refer the advertisement,Mon May 04 2026,Sun May 31 2026,0001495914,0000000441,https://www.topjobs.lk/applicant/JobAdvertismentServlet?AC=JOBADVERT&EC=0000000441&JC=0001495914
1495913,Senior Manager - Learning & Development (Night Shift),Legacy Health (Pvt) Ltd,Please refer the vacancy,Mon May 04 2026,Mon May 18 2026,0001495913,DEFZZZ,https://www.topjobs.lk/applicant/JobAdvertismentServlet?AC=JOBADVERT&EC=DEFZZZ&JC=0001495913
1495912,Sales Executive General Trade - (Cosmetics) -  Kalutara (1),Healthguard Pharmacy Ltd,Please refer the advertisement,Mon May 04 2026,Sun May 31 2026,0001495912,0000000441,https://www.topjobs.lk/applicant/JobAdvertismentServlet?AC=JOBADVERT&EC=0000000441&JC=0001495912
1495911,Sales Executive General Trade - (Cosmetics) - Galle  (1),Healthguard Pharmacy Ltd,Please refer the advertisement,Mon May 04 2026,Sun May 31 2026,0001495911,0000000441,https://www.topjobs.lk/applicant/JobAdvertismentServlet?AC=JOBADVERT&EC=0000000441&JC=0001495911
1495910,Material cum QA Engineer - Northern & Uva Roads,Maga Engineering (Pvt) Ltd,Please refer the advertisement,Mon May 04 2026,Fri May 15 2026,0001495910,0000000525,https://www.topjobs.lk/applicant/JobAdvertismentServlet?AC=JOBADVERT&EC=0000000525&JC=0001495910
1495909,Surveyor Cum GIS Expert,Maga Engineering (Pvt) Ltd,Please refer the advertisement,Mon May 04 2026,Fri May 15 2026,0001495909,0000000525,https://www.topjobs.lk/applicant/JobAdvertismentServlet?AC=JOBADVERT&EC=0000000525&JC=0001495909
1495908,Project Manager - Colombo,Maga Engineering (Pvt) Ltd,Please refer the advertisment,Mon May 04 2026,Fri May 15 2026,0001495908,0000000525,https://www.topjobs.lk/applicant/JobAdvertismentServlet?AC=JOBADVERT&EC=0000000525&JC=0001495908
1495907,Construction Manager - Colombo,Maga Engineering (Pvt) Ltd,Please refer the advertisement,Mon May 04 2026,Fri May 15 2026,0001495907,0000000525,https://www.topjobs.lk/applicant/JobAdvertismentServlet?AC=JOBADVERT&EC=0000000525&JC=0001495907
1495906,Civil Engineer - Colombo,Maga Engineering (Pvt) Ltd,Please refer the advertisment,Mon May 04 2026,Fri May 15 2026,0001495906,0000000525,https://www.topjobs.lk/applicant/JobAdvertismentServlet?AC=JOBADVERT&EC=0000000525&JC=0001495906
1495905,Quantity Surveyor - Colombo,Maga Engineering (Pvt) Ltd,Please refer the advertisement,Mon May 04 2026,Fri May 15 2026,0001495905,0000000525,https://www.topjobs.lk/applicant/JobAdvertismentServlet?AC=JOBADVERT&EC=0000000525&JC=0001495905
1495904,Engineering Assistant - Colombo,Maga Engineering (Pvt) Ltd,Please refer the advertisement,Mon May 04 2026,Fri May 15 2026,0001495904,0000000525,https://www.topjobs.lk/applicant/JobAdvertismentServlet?AC=JOBADVERT&EC=0000000525&JC=0001495904
1495903,Technical Officer - Kandy,Maga Engineering (Pvt) Ltd,Please refer the Advertisement,Mon May 04 2026,Fri May 15 2026,0001495903,0000000525,https://www.topjobs.lk/applicant/JobAdvertismentServlet?AC=JOBADVERT&EC=0000000525&JC=0001495903
1495902,Accounts Assistant - Kaduwela,Company Name Withheld,Please refer the vacancy,Mon May 04 2026,Mon May 18 2026,0001495902,DEFZZZ,https://www.topjobs.lk/applicant/JobAdvertismentServlet?AC=JOBADVERT&EC=DEFZZZ&JC=0001495902
1495901,Civil Engineer - Rambukkana,Maga Engineering (Pvt) Ltd,Please refer the advetisment,Mon May 04 2026,Fri May 15 2026,0001495901,0000000525,https://www.topjobs.lk/applicant/JobAdvertismentServlet?AC=JOBADVERT&EC=0000000525&JC=0001495901
1495900,Project Coordinator (Male/Female),Sri Lanka Centre for Development Facilitation (SLCDF),Please refer the vacancy,Mon May 04 2026,Mon May 18 2026,0001495900,DEFZZZ,https://www.topjobs.lk/applicant/JobAdvertismentServlet?AC=JOBADVERT&EC=DEFZZZ&JC=0001495900
1495899,Supervisors - Northern & Uva Roads,Maga Engineering (Pvt) Ltd,Please refer the advertisement,Mon May 04 2026,Fri May 15 2026,0001495899,0000000525,https://www.topjobs.lk/applicant/JobAdvertismentServlet?AC=JOBADVERT&EC=0000000525&JC=0001495899
1495898,Senior Sales Executive - Maldives,H.E. Engineering (Pvt) Ltd,Please refer the vacancy,Mon May 04 2026,Mon May 18 2026,0001495898,DEFZZZ,https://www.topjobs.lk/applicant/JobAdvertismentServlet?AC=JOBADVERT&EC=DEFZZZ&JC=0001495898
1495897,Store Keepers - Northern & Uva Roads,Maga Engineering (Pvt) Ltd,Please refer the advertisement,Mon May 04 2026,Fri May 15 2026,0001495897,0000000525,https://www.topjobs.lk/applicant/JobAdvertismentServlet?AC=JOBADVERT&EC=0000000525&JC=0001495897
1495896,Senior Quantity Surveyor - Female,International Building Systems Factory Lanka (Pvt) Ltd,Please refer the vacancy,Mon May 04 2026,Mon May 18 2026,0001495896,DEFZZZ,https://www.topjobs.lk/applicant/JobAdvertismentServlet?AC=JOBADVERT&EC=DEFZZZ&JC=0001495896
1495895,Prime Mover Driver (1),David Pieris Holdings (Pvt) Ltd,Please refer the advertisement,Mon May 04 2026,Mon May 18 2026,0001495895,0000000541,https://www.topjobs.lk/applicant/JobAdvertismentServlet?AC=JOBADVERT&EC=0000000541&JC=0001495895
1495894,Assistant Manager - Legal  (2),Allianz Insurance Lanka Limited,Please refer the advert,Mon May 04 2026,Mon May 18 2026,0001495894,0000000365,https://www.topjobs.lk/applicant/JobAdvertismentServlet?AC=JOBADVERT&EC=0000000365&JC=0001495894
1495893,General Foreman - Northern & Uva Roads,Maga Engineering (Pvt) Ltd,Please refer the advertisement,Mon May 04 2026,Fri May 15 2026,0001495893,0000000525,https://www.topjobs.lk/applicant/JobAdvertismentServlet?AC=JOBADVERT&EC=0000000525&JC=0001495893
1495892,Technical Officer,International Building Systems Factory Lanka (Pvt) Ltd,Please refer the vacancy,Mon May 04 2026,Mon May 18 2026,0001495892,DEFZZZ,https://www.topjobs.lk/applicant/JobAdvertismentServlet?AC=JOBADVERT&EC=DEFZZZ&JC=0001495892
1495891,Junior Sous Chef | Commis 2 | Kitchen Assistant,Wild & the Sage,Please refer the vacancy,Mon May 04 2026,Mon May 18 2026,0001495891,DEFZZZ,https://www.topjobs.lk/applicant/JobAdvertismentServlet?AC=JOBADVERT&EC=DEFZZZ&JC=0001495891
1495890,Senior Claims Handler  (1),Allianz Insurance Lanka Limited,Please refer the advert,Mon May 04 2026,Mon May 11 2026,0001495890,0000000365,https://www.topjobs.lk/applicant/JobAdvertismentServlet?AC=JOBADVERT&EC=0000000365&JC=0001495890
1495889,AC & Refrigeration Technician | Kitchen Technician | Electrical Technician,Alumka Food Equipment (Pvt) Ltd,Please refer the vacancy,Mon May 04 2026,Mon May 18 2026,0001495889,DEFZZZ,https://www.topjobs.lk/applicant/JobAdvertismentServlet?AC=JOBADVERT&EC=DEFZZZ&JC=0001495889
1495888,Draughtsman - Northern & Uva Roads,Maga Engineering (Pvt) Ltd,Please refer the advertisement,Mon May 04 2026,Fri May 15 2026,0001495888,0000000525,https://www.topjobs.lk/applicant/JobAdvertismentServlet?AC=JOBADVERT&EC=0000000525&JC=0001495888
1495887,Land Surveyor - Northern & Uva Roads,Maga Engineering (Pvt) Ltd,Please refer the advertisement,Mon May 04 2026,Fri May 15 2026,0001495887,0000000525,https://www.topjobs.lk/applicant/JobAdvertismentServlet?AC=JOBADVERT&EC=0000000525&JC=0001495887
1495886,Technical Officer - Northern & Uva Roads,Maga Engineering (Pvt) Ltd,Please refer the advertisement,Mon May 04 2026,Fri May 15 2026,0001495886,0000000525,https://www.topjobs.lk/applicant/JobAdvertismentServlet?AC=JOBADVERT&EC=0000000525&JC=0001495886
1495885,Draughtsman - (Colombo) (1),JKH Property Group,Please refer to the job advert.,Mon May 04 2026,Mon May 11 2026,0001495885,0000000312,https://www.topjobs.lk/applicant/JobAdvertismentServlet?AC=JOBADVERT&EC=0000000312&JC=0001495885
1495884,Social Officer - Northern & Uva Roads,Maga Engineering (Pvt) Ltd,Please refer the advertisement,Mon May 04 2026,Fri May 15 2026,0001495884,0000000525,https://www.topjobs.lk/applicant/JobAdvertismentServlet?AC=JOBADVERT&EC=0000000525&JC=0001495884
1495883,Intern - Civil (Ja ela) (1),JKH Property Group,Please refer the job advert.,Mon May 04 2026,Mon May 11 2026,0001495883,0000000312,https://www.topjobs.lk/applicant/JobAdvertismentServlet?AC=JOBADVERT&EC=0000000312&JC=0001495883
1495882,Site Engineer Cum Planning Engineer - Puttalam,Maga Engineering (Pvt) Ltd,Please Refer the Advertisement,Mon May 04 2026,Fri May 15 2026,0001495882,0000000525,https://www.topjobs.lk/applicant/JobAdvertismentServlet?AC=JOBADVERT&EC=0000000525&JC=0001495882
1495881,Quantity Surveyor - MEP (Ja Ela) (1),JKH Property Group,Please refer the job advert.,Mon May 04 2026,Mon May 11 2026,0001495881,0000000312,https://www.topjobs.lk/applicant/JobAdvertismentServlet?AC=JOBADVERT&EC=0000000312&JC=0001495881
1495880,Intern - Human Resources  (1),Hemas Holdings PLC,Please refer to the job advertisement.,Mon May 04 2026,Mon May 18 2026,0001495880,0000000038,https://www.topjobs.lk/applicant/JobAdvertismentServlet?AC=JOBADVERT&EC=0000000038&JC=0001495880
1495879,Storekeeper,Tudawe Brothers (Pvt) Ltd,Please refer the vacancy,Mon May 04 2026,Mon May 18 2026,0001495879,DEFZZZ,https://www.topjobs.lk/applicant/JobAdvertismentServlet?AC=JOBADVERT&EC=DEFZZZ&JC=0001495879
1495878,ELV Engineer (1),JKH Property Group,Please refer to the job advert.,Mon May 04 2026,Mon May 11 2026,0001495878,0000000312,https://www.topjobs.lk/applicant/JobAdvertismentServlet?AC=JOBADVERT&EC=0000000312&JC=0001495878
1495877,Material Cum Quality Assurance Engineer - Puttalam,Maga Engineering (Pvt) Ltd,Please Refer the Advertisement,Mon May 04 2026,Fri May 15 2026,0001495877,0000000525,https://www.topjobs.lk/applicant/JobAdvertismentServlet?AC=JOBADVERT&EC=0000000525&JC=0001495877
1495876,Quantity Surveyor - Puttalam,Maga Engineering (Pvt) Ltd,Please Refer the Advertisement,Mon May 04 2026,Fri May 15 2026,0001495876,0000000525,https://www.topjobs.lk/applicant/JobAdvertismentServlet?AC=JOBADVERT&EC=0000000525&JC=0001495876
1495875,Project Engineer MEP - Colombo (1),JKH Property Group,Please refer the job advert.,Mon May 04 2026,Mon May 11 2026,0001495875,0000000312,https://www.topjobs.lk/applicant/JobAdvertismentServlet?AC=JOBADVERT&EC=0000000312&JC=0001495875
1495874,Social Officer - Puttalam,Maga Engineering (Pvt) Ltd,Please Refer the Advertisement,Mon May 04 2026,Fri May 15 2026,0001495874,0000000525,https://www.topjobs.lk/applicant/JobAdvertismentServlet?AC=JOBADVERT&EC=0000000525&JC=0001495874
1495873,AutoCAD Designer,Alumka Food Equipment (Pvt) Ltd,Please refer the vacancy,Mon May 04 2026,Mon May 18 2026,0001495873,DEFZZZ,https://www.topjobs.lk/applicant/JobAdvertismentServlet?AC=JOBADVERT&EC=DEFZZZ&JC=0001495873
1495872,Manager,Island Life Sri Lanka,Please refer the vacancy,Mon May 04 2026,Mon May 18 2026,0001495872,DEFZZZ,https://www.topjobs.lk/applicant/JobAdvertismentServlet?AC=JOBADVERT&EC=DEFZZZ&JC=0001495872
1495871,Safety Officer,Tudawe Brothers (Pvt) Ltd,Please refer the vacancy,Mon May 04 2026,Mon May 18 2026,0001495871,DEFZZZ,https://www.topjobs.lk/applicant/JobAdvertismentServlet?AC=JOBADVERT&EC=DEFZZZ&JC=0001495871
1495870,Executive - Risk & Control (1),Hemas Holdings PLC,Please refer to the job advertisement.,Mon May 04 2026,Mon May 18 2026,0001495870,0000000038,https://www.topjobs.lk/applicant/JobAdvertismentServlet?AC=JOBADVERT&EC=0000000038&JC=0001495870
1495869,Audit Executives / Trainees,Samaraweera & Associates,Please refer the vacancy,Mon May 04 2026,Mon May 18 2026,0001495869,DEFZZZ,https://www.topjobs.lk/applicant/JobAdvertismentServlet?AC=JOBADVERT&EC=DEFZZZ&JC=0001495869
1495868,Site Engineer - Intern (Electrical),Solaris Energy (Pvt) Ltd,Please refer the vacancy,Mon May 04 2026,Mon May 18 2026,0001495868,DEFZZZ,https://www.topjobs.lk/applicant/JobAdvertismentServlet?AC=JOBADVERT&EC=DEFZZZ&JC=0001495868
1495867,Junior Documentation Executive - Imports,Rays International Shipping (Pvt) Ltd,Please refer the vacancy,Mon May 04 2026,Mon May 18 2026,0001495867,DEFZZZ,https://www.topjobs.lk/applicant/JobAdvertismentServlet?AC=JOBADVERT&EC=DEFZZZ&JC=0001495867
1495866,Business Analyst (1),MAS Holdings,Click on the advert to apply.,Mon May 04 2026,Mon May 18 2026,0001495866,0000000111,https://www.topjobs.lk/applicant/JobAdvertismentServlet?AC=JOBADVERT&EC=0000000111&JC=0001495866
1495865,Bancassurance Sales Executive - Mahiyanganaya (1),AIA Insurance Lanka Limited,Please refer the advertisement.,Mon May 04 2026,Wed May 06 2026,0001495865,0000000019,https://www.topjobs.lk/applicant/JobAdvertismentServlet?AC=JOBADVERT&EC=0000000019&JC=0001495865
1495864,Bancassurance Sales Executive - Mahiyanganaya (1),AIA Insurance Lanka Limited,Please refer the advertisement.,Mon May 04 2026,Tue May 05 2026,0001495864,0000000019,https://www.topjobs.lk/applicant/JobAdvertismentServlet?AC=JOBADVERT&EC=0000000019&JC=0001495864
1495863,Hotel Vacancies,Watergate Resort & Spa,Please refer the vacancy,Mon May 04 2026,Mon May 18 2026,0001495863,DEFZZZ,https://www.topjobs.lk/applicant/JobAdvertismentServlet?AC=JOBADVERT&EC=DEFZZZ&JC=0001495863
1495862,Business Analyst (1),MAS Holdings,Click on the advert to apply.,Mon May 04 2026,Mon May 18 2026,0001495862,0000000111,https://www.topjobs.lk/applicant/JobAdvertismentServlet?AC=JOBADVERT&EC=0000000111&JC=0001495862
1495861,Bancassurance Sales Executive - Pettah / Maradana / Kollupitiya / Bambalapitiya / Borella (1),AIA Insurance Lanka Limited,Please refer the advertisement.,Mon May 04 2026,Tue May 05 2026,0001495861,0000000019,https://www.topjobs.lk/applicant/JobAdvertismentServlet?AC=JOBADVERT&EC=0000000019&JC=0001495861
1495860,Technical Officer - Puttalam,Maga Engineering (Pvt) Ltd,Please Refer the Advertisement,Mon May 04 2026,Fri May 15 2026,0001495860,0000000525,https://www.topjobs.lk/applicant/JobAdvertismentServlet?AC=JOBADVERT&EC=0000000525&JC=0001495860
1495859,"Environmental, Health & Safety Officer - Puttalam",Maga Engineering (Pvt) Ltd,Please Refer the Advertisement,Mon May 04 2026,Fri May 15 2026,0001495859,0000000525,https://www.topjobs.lk/applicant/JobAdvertismentServlet?AC=JOBADVERT&EC=0000000525&JC=0001495859
1495858,Bancassurance Sales Executive - Pettah / Maradana / Kollupitiya / Bambalapitiya / Borella (1),AIA Insurance Lanka Limited,Please refer the advertisement,Mon May 04 2026,Wed May 06 2026,0001495858,0000000019,https://www.topjobs.lk/applicant/JobAdvertismentServlet?AC=JOBADVERT&EC=0000000019&JC=0001495858
1495857,Project Manager,Tudawe Brothers (Pvt) Ltd,Please refer the vacancy,Mon May 04 2026,Mon May 18 2026,0001495857,DEFZZZ,https://www.topjobs.lk/applicant/JobAdvertismentServlet?AC=JOBADVERT&EC=DEFZZZ&JC=0001495857
1495856,Salesman,Alumka Food Equipment (Pvt) Ltd,Please refer the vacancy,Mon May 04 2026,Mon May 18 2026,0001495856,DEFZZZ,https://www.topjobs.lk/applicant/JobAdvertismentServlet?AC=JOBADVERT&EC=DEFZZZ&JC=0001495856
1495855,Production Executive | Assistant Production Coordinator,Star Holdings International (Pvt) Ltd,Please refer the vacancy,Mon May 04 2026,Mon May 18 2026,0001495855,DEFZZZ,https://www.topjobs.lk/applicant/JobAdvertismentServlet?AC=JOBADVERT&EC=DEFZZZ&JC=0001495855
1495854,Assistant Accountant,Arienti (Pvt) Ltd,Please refer the vacancy,Mon May 04 2026,Mon May 18 2026,0001495854,DEFZZZ,https://www.topjobs.lk/applicant/JobAdvertismentServlet?AC=JOBADVERT&EC=DEFZZZ&JC=0001495854
1495853,Product Head - Money Exchange & Money Remittance (1),Citizens Development Business Finance PLC,Please refer the job advert for further details.,Mon May 04 2026,Mon May 18 2026,0001495853,0000000540,https://www.topjobs.lk/applicant/JobAdvertismentServlet?AC=JOBADVERT&EC=0000000540&JC=0001495853
1495852,Store Keeper,B N Trading International (Pvt) Ltd,Please refer the vacancy,Mon May 04 2026,Mon May 18 2026,0001495852,DEFZZZ,https://www.topjobs.lk/applicant/JobAdvertismentServlet?AC=JOBADVERT&EC=DEFZZZ&JC=0001495852
1495851,Hotel Vacancies,Happy Banana,Please refer the vacancy,Mon May 04 2026,Mon May 18 2026,0001495851,DEFZZZ,https://www.topjobs.lk/applicant/JobAdvertismentServlet?AC=JOBADVERT&EC=DEFZZZ&JC=0001495851
1495850,Account Executive,Facility Co.,Please refer the vacancy,Mon May 04 2026,Mon May 18 2026,0001495850,DEFZZZ,https://www.topjobs.lk/applicant/JobAdvertismentServlet?AC=JOBADVERT&EC=DEFZZZ&JC=0001495850
1495849,Manager - Non Motor Underwriting General Insurance,MBSL Insurance Co. Ltd,Please refer the vacancy,Mon May 04 2026,Mon May 18 2026,0001495849,DEFZZZ,https://www.topjobs.lk/applicant/JobAdvertismentServlet?AC=JOBADVERT&EC=DEFZZZ&JC=0001495849
1495848,Junior Executive - Accounts,B N Trading International (Pvt) Ltd,Please refer the vacancy,Mon May 04 2026,Mon May 18 2026,0001495848,DEFZZZ,https://www.topjobs.lk/applicant/JobAdvertismentServlet?AC=JOBADVERT&EC=DEFZZZ&JC=0001495848
1495847,Product Head - Money Exchange & Money Remittance (1),Citizens Development Business Finance PLC,Please refer the job advert for further details.,Mon May 04 2026,Mon May 18 2026,0001495847,0000000540,https://www.topjobs.lk/applicant/JobAdvertismentServlet?AC=JOBADVERT&EC=0000000540&JC=0001495847
1495846,Bancassurance Sales Executive - Kandy / Kegalle / Pilimathalawa / Peradeniya / Digana (1),AIA Insurance Lanka Limited,Please refer the advertisement.,Mon May 04 2026,Wed May 06 2026,0001495846,0000000019,https://www.topjobs.lk/applicant/JobAdvertismentServlet?AC=JOBADVERT&EC=0000000019&JC=0001495846
1495845,"Team Leader, Food & Beverage (1)",Cinnamon Life Colombo,Click on the advert to apply.,Mon May 04 2026,Mon May 18 2026,0001495845,0000000668,https://www.topjobs.lk/applicant/JobAdvertismentServlet?AC=JOBADVERT&EC=0000000668&JC=0001495845
1495844,Bancassurance Sales Executive - Kandy / Kegalle / Pilimathalawa / Peradeniya / Digana (1),AIA Insurance Lanka Limited,Please refer the advertisement.,Mon May 04 2026,Tue May 05 2026,0001495844,0000000019,https://www.topjobs.lk/applicant/JobAdvertismentServlet?AC=JOBADVERT&EC=0000000019&JC=0001495844
1495843,Product Head - Money Exchange & Money Remittance (1),Citizens Development Business Finance PLC,Please refer the job advert for further details.,Mon May 04 2026,Mon May 18 2026,0001495843,0000000540,https://www.topjobs.lk/applicant/JobAdvertismentServlet?AC=JOBADVERT&EC=0000000540&JC=0001495843
1495842,Bancassurance Sales Executive - Matara / Hakmana /Weligama / Deniyaya / Morawaka (1),AIA Insurance Lanka Limited,Please refer the advertisement.,Mon May 04 2026,Tue May 05 2026,0001495842,0000000019,https://www.topjobs.lk/applicant/JobAdvertismentServlet?AC=JOBADVERT&EC=0000000019&JC=0001495842
1495841,Bancassurance Sales Executive - Galle / Hikkaduwa / Elpitiya / Ambalangoda (1),AIA Insurance Lanka Limited,Please refer the advertisement.,Mon May 04 2026,Wed May 06 2026,0001495841,0000000019,https://www.topjobs.lk/applicant/JobAdvertismentServlet?AC=JOBADVERT&EC=0000000019&JC=0001495841
1495840,Customer Relations Officer,MBSL Insurance Co. Ltd,Please refer the vacancy,Mon May 04 2026,Mon May 18 2026,0001495840,DEFZZZ,https://www.topjobs.lk/applicant/JobAdvertismentServlet?AC=JOBADVERT&EC=DEFZZZ&JC=0001495840
1495839,Product Head - Money Exchange & Money Remittance (1),Citizens Development Business Finance PLC,Please refer the job advert for further details.,Mon May 04 2026,Mon May 18 2026,0001495839,0000000540,https://www.topjobs.lk/applicant/JobAdvertismentServlet?AC=JOBADVERT&EC=0000000540&JC=0001495839
1495838,Sales Representative | Trainee Sales Representative - Medical,Sunway Pharmaceuticals (Pvt) Ltd,Please refer the vacancy,Mon May 04 2026,Mon May 18 2026,0001495838,DEFZZZ,https://www.topjobs.lk/applicant/JobAdvertismentServlet?AC=JOBADVERT&EC=DEFZZZ&JC=0001495838
1495837,Manager - Tax (1),Siam City Cement (Lanka) Limited,"The purpose of the Manager ? Tax role is to  manage and oversee all direct and indirect tax matters of the Company, ensuring full statutory compliance and  ....",Mon May 04 2026,Tue May 12 2026,0001495837,0000000092,https://www.topjobs.lk/applicant/JobAdvertismentServlet?AC=JOBADVERT&EC=0000000092&JC=0001495837
1495836,Accountant,Helpers Holdings (Pvt) Ltd,Please refer the vacancy,Mon May 04 2026,Mon May 18 2026,0001495836,DEFZZZ,https://www.topjobs.lk/applicant/JobAdvertismentServlet?AC=JOBADVERT&EC=DEFZZZ&JC=0001495836
1495835,Data Entry Operator,A&R Manufacturing,Please refer the vacancy,Mon May 04 2026,Mon May 18 2026,0001495835,DEFZZZ,https://www.topjobs.lk/applicant/JobAdvertismentServlet?AC=JOBADVERT&EC=DEFZZZ&JC=0001495835
1495833,All Rounder - Commi I,Sunset Kandy,Please refer the vacancy,Mon May 04 2026,Mon May 18 2026,0001495833,DEFZZZ,https://www.topjobs.lk/applicant/JobAdvertismentServlet?AC=JOBADVERT&EC=DEFZZZ&JC=0001495833
1495832,Territory Sales Manager (1),DMS Software Technologies (Pvt) Ltd,Territory Sales Manager,Mon May 04 2026,Mon May 25 2026,0001495832,0000000667,https://www.topjobs.lk/applicant/JobAdvertismentServlet?AC=JOBADVERT&EC=0000000667&JC=0001495832
1495831,Bancassurance Sales Executive - Mahiyanganaya (1),AIA Insurance Lanka Limited,Please refer the advertisement.,Mon May 04 2026,Wed May 06 2026,0001495831,0000000019,https://www.topjobs.lk/applicant/JobAdvertismentServlet?AC=JOBADVERT&EC=0000000019&JC=0001495831
1495830,Bancassurance Sales Executive - Mahiyanganaya (1),AIA Insurance Lanka Limited,Please refer the advertisemnt.,Mon May 04 2026,Tue May 05 2026,0001495830,0000000019,https://www.topjobs.lk/applicant/JobAdvertismentServlet?AC=JOBADVERT&EC=0000000019&JC=0001495830
1495829,Guest Relations Executive,Clement's Wattala,Please refer the vacancy,Mon May 04 2026,Mon May 11 2026,0001495829,DEFZZZ,https://www.topjobs.lk/applicant/JobAdvertismentServlet?AC=JOBADVERT&EC=DEFZZZ&JC=0001495829
1495828,Accounting | Administrative Assistant,Company Name Withheld,Please refer the vacancy,Mon May 04 2026,Mon May 18 2026,0001495828,DEFZZZ,https://www.topjobs.lk/applicant/JobAdvertismentServlet?AC=JOBADVERT&EC=DEFZZZ&JC=0001495828
1495827,Business Development Manager (1),DMS Software Technologies (Pvt) Ltd,Business Development Manager,Mon May 04 2026,Mon May 25 2026,0001495827,0000000667,https://www.topjobs.lk/applicant/JobAdvertismentServlet?AC=JOBADVERT&EC=0000000667&JC=0001495827
1495826,Senior Accountant,Company Name Withheld,Please refer the vacancy,Mon May 04 2026,Mon May 11 2026,0001495826,DEFZZZ,https://www.topjobs.lk/applicant/JobAdvertismentServlet?AC=JOBADVERT&EC=DEFZZZ&JC=0001495826
1495825,Business Development Manager - Google (1),DMS Software Technologies (Pvt) Ltd,Business Development Manager - Google,Mon May 04 2026,Mon May 25 2026,0001495825,0000000667,https://www.topjobs.lk/applicant/JobAdvertismentServlet?AC=JOBADVERT&EC=0000000667&JC=0001495825
1495824,Co-Ordinator (Female),Data Management Systems (Pvt) Ltd,Please refer the advertisement,Mon May 04 2026,Thu Jun 04 2026,0001495824,0000000266,https://www.topjobs.lk/applicant/JobAdvertismentServlet?AC=JOBADVERT&EC=0000000266&JC=0001495824
1495823,Aquarium Maintenance Assistant,Aqualified International (Pvt) Ltd,Please refer the vacancy,Mon May 04 2026,Mon May 18 2026,0001495823,DEFZZZ,https://www.topjobs.lk/applicant/JobAdvertismentServlet?AC=JOBADVERT&EC=DEFZZZ&JC=0001495823
1495822,Business Development Executive (1),DMS Software Technologies (Pvt) Ltd,Business Development Executive,Mon May 04 2026,Mon May 25 2026,0001495822,0000000667,https://www.topjobs.lk/applicant/JobAdvertismentServlet?AC=JOBADVERT&EC=0000000667&JC=0001495822
1495821,Accounts Assistant,Teelan (Pvt) Ltd,Please refer the vacancy,Mon May 04 2026,Mon May 18 2026,0001495821,DEFZZZ,https://www.topjobs.lk/applicant/JobAdvertismentServlet?AC=JOBADVERT&EC=DEFZZZ&JC=0001495821
1495820,Waiter | Cashier | Barista,Warehouse Restaurant & Pub,Please refer the vacancy,Mon May 04 2026,Mon May 18 2026,0001495820,DEFZZZ,https://www.topjobs.lk/applicant/JobAdvertismentServlet?AC=JOBADVERT&EC=DEFZZZ&JC=0001495820
1495819,Executive - Imports  (1),David Pieris Holdings (Pvt) Ltd,Please refer the advertisement,Mon May 04 2026,Mon May 11 2026,0001495819,0000000541,https://www.topjobs.lk/applicant/JobAdvertismentServlet?AC=JOBADVERT&EC=0000000541&JC=0001495819
1495818,Operations Executive,Serendipity Retreats & Leisure (Pvt) Ltd,Please refer the vacancy,Mon May 04 2026,Mon May 18 2026,0001495818,DEFZZZ,https://www.topjobs.lk/applicant/JobAdvertismentServlet?AC=JOBADVERT&EC=DEFZZZ&JC=0001495818
1495817,Security Officer,Delmo Chicken & Agro (Pvt) Ltd,Please refer the vacancy,Mon May 04 2026,Mon May 18 2026,0001495817,DEFZZZ,https://www.topjobs.lk/applicant/JobAdvertismentServlet?AC=JOBADVERT&EC=DEFZZZ&JC=0001495817
1495816,MEP Technical Supervisor / Assistant MEP Engineer,Enviro Tritech (Pvt) Ltd,Please refer the vacancy,Mon May 04 2026,Mon May 18 2026,0001495816,DEFZZZ,https://www.topjobs.lk/applicant/JobAdvertismentServlet?AC=JOBADVERT&EC=DEFZZZ&JC=0001495816
1495815,"Sales Executive (Kandy, Batticaloa, Anuradhapura) (3)",United Motors Lanka PLC,Please refer the advertisement,Mon May 04 2026,Mon May 11 2026,0001495815,0000000535,https://www.topjobs.lk/applicant/JobAdvertismentServlet?AC=JOBADVERT&EC=0000000535&JC=0001495815
1495814,"Driver - Colombo, Ratmalana, Biyagama (3)",United Motors Lanka PLC,Please refer the advertisement,Mon May 04 2026,Mon May 11 2026,0001495814,0000000535,https://www.topjobs.lk/applicant/JobAdvertismentServlet?AC=JOBADVERT&EC=0000000535&JC=0001495814
1495813,"Driver - Colombo, Ratmalana, Biyagama (3)",United Motors Lanka PLC,Please refer the advertisement,Mon May 04 2026,Mon May 11 2026,0001495813,0000000535,https://www.topjobs.lk/applicant/JobAdvertismentServlet?AC=JOBADVERT&EC=0000000535&JC=0001495813
1495812,"Driver - Colombo, Ratmalana, Biyagama (3)",United Motors Lanka PLC,Please refer the advertisement,Mon May 04 2026,Mon May 11 2026,0001495812,0000000535,https://www.topjobs.lk/applicant/JobAdvertismentServlet?AC=JOBADVERT&EC=0000000535&JC=0001495812
1495811,Driver (for a Director) (1),United Motors Lanka PLC,Please refer the advertisement,Mon May 04 2026,Mon May 11 2026,0001495811,0000000535,https://www.topjobs.lk/applicant/JobAdvertismentServlet?AC=JOBADVERT&EC=0000000535&JC=0001495811
1495810,Driver (for a Director) (1),United Motors Lanka PLC,Please refer the advertisement,Mon May 04 2026,Mon May 11 2026,0001495810,0000000535,https://www.topjobs.lk/applicant/JobAdvertismentServlet?AC=JOBADVERT&EC=0000000535&JC=0001495810
1495809,Hotel Vacancies,Birds Resort Hambantota,Please refer the vacancy,Mon May 04 2026,Mon May 18 2026,0001495809,DEFZZZ,https://www.topjobs.lk/applicant/JobAdvertismentServlet?AC=JOBADVERT&EC=DEFZZZ&JC=0001495809
1495808,Procurement Officer,Heavycon Engineering (Pvt) Ltd,Please refer the vacancy,Mon May 04 2026,Mon May 18 2026,0001495808,DEFZZZ,https://www.topjobs.lk/applicant/JobAdvertismentServlet?AC=JOBADVERT&EC=DEFZZZ&JC=0001495808
1495807,Senior Executive - Learning & Development (1),Brandix Essentials - Ratmalana,Please refer the advert.,Mon May 04 2026,Thu Jun 04 2026,0001495807,0000000687,https://www.topjobs.lk/applicant/JobAdvertismentServlet?AC=JOBADVERT&EC=0000000687&JC=0001495807
1495806,Business Development  - Management Trainee  (1),DMS Software Technologies (Pvt) Ltd,Business Development  - Management Trainee,Mon May 04 2026,Mon May 25 2026,0001495806,0000000667,https://www.topjobs.lk/applicant/JobAdvertismentServlet?AC=JOBADVERT&EC=0000000667&JC=0001495806
1495805,Bartender,Colombo Colts Cricket Club,Please refer the vacancy,Mon May 04 2026,Mon May 18 2026,0001495805,DEFZZZ,https://www.topjobs.lk/applicant/JobAdvertismentServlet?AC=JOBADVERT&EC=DEFZZZ&JC=0001495805
1495804,Safety Officer,Heavycon Engineering (Pvt) Ltd,Please refer the vacancy,Mon May 04 2026,Mon May 18 2026,0001495804,DEFZZZ,https://www.topjobs.lk/applicant/JobAdvertismentServlet?AC=JOBADVERT&EC=DEFZZZ&JC=0001495804
1495803,Field Officer (1),Nawaloka Hospitals PLC,Please refer the advertisement.,Mon May 04 2026,Mon May 18 2026,0001495803,0000000178,https://www.topjobs.lk/applicant/JobAdvertismentServlet?AC=JOBADVERT&EC=0000000178&JC=0001495803
1495802,Research Officer / Officer,PepperCube Consultants (Pvt) Ltd,Please refer the vacancy,Mon May 04 2026,Mon May 18 2026,0001495802,DEFZZZ,https://www.topjobs.lk/applicant/JobAdvertismentServlet?AC=JOBADVERT&EC=DEFZZZ&JC=0001495802
1495801,Academic Vacancies,Sakya Academy of Higher Education (Pvt) Ltd,Please refer the vacancy,Mon May 04 2026,Mon May 18 2026,0001495801,DEFZZZ,https://www.topjobs.lk/applicant/JobAdvertismentServlet?AC=JOBADVERT&EC=DEFZZZ&JC=0001495801
1495800,Site Engineer (Civil) (Male Only) / Technical Officer (Male Only),Singhe Ruwan Construction - Galle (Grade C2),Please refer the vacancy,Mon May 04 2026,Mon May 18 2026,0001495800,DEFZZZ,https://www.topjobs.lk/applicant/JobAdvertismentServlet?AC=JOBADVERT&EC=DEFZZZ&JC=0001495800
1495799,Senior Executive - Student Enrollments,Royal Institute Campus (RIC),Please refer the vacancy,Mon May 04 2026,Mon May 18 2026,0001495799,DEFZZZ,https://www.topjobs.lk/applicant/JobAdvertismentServlet?AC=JOBADVERT&EC=DEFZZZ&JC=0001495799
1495798,"Showroom Sales Executive (Malé, Maldives)",Company Name Withheld,Please refer the vacancy,Mon May 04 2026,Mon May 18 2026,0001495798,DEFZZZ,https://www.topjobs.lk/applicant/JobAdvertismentServlet?AC=JOBADVERT&EC=DEFZZZ&JC=0001495798
1495797,Transport Executive - Male,IWS Logistics (Pvt) Ltd,Please refer the vacancy,Mon May 04 2026,Mon May 11 2026,0001495797,DEFZZZ,https://www.topjobs.lk/applicant/JobAdvertismentServlet?AC=JOBADVERT&EC=DEFZZZ&JC=0001495797
1495796,Machine Operator,Uswatte Golden Biscuits (Pvt) Ltd,Please refer the vacancy,Mon May 04 2026,Mon May 18 2026,0001495796,DEFZZZ,https://www.topjobs.lk/applicant/JobAdvertismentServlet?AC=JOBADVERT&EC=DEFZZZ&JC=0001495796
1495795,Operations Executive - Container Yard | Logistics,IWS Logistics (Pvt) Ltd,Please refer the vacancy,Mon May 04 2026,Mon May 11 2026,0001495795,DEFZZZ,https://www.topjobs.lk/applicant/JobAdvertismentServlet?AC=JOBADVERT&EC=DEFZZZ&JC=0001495795
1495794,Junior Executive - HR (Male),SLP Group,Please refer the vacancy,Mon May 04 2026,Mon May 11 2026,0001495794,DEFZZZ,https://www.topjobs.lk/applicant/JobAdvertismentServlet?AC=JOBADVERT&EC=DEFZZZ&JC=0001495794
1495793,Senior Stores Executive,Polycrome Cable Management System (Pvt) Limited,Please refer the vacancy,Mon May 04 2026,Mon May 18 2026,0001495793,DEFZZZ,https://www.topjobs.lk/applicant/JobAdvertismentServlet?AC=JOBADVERT&EC=DEFZZZ&JC=0001495793
1495792,Planning Engineer - MEP,SLP Group,Please refer the vacancy,Mon May 04 2026,Mon May 11 2026,0001495792,DEFZZZ,https://www.topjobs.lk/applicant/JobAdvertismentServlet?AC=JOBADVERT&EC=DEFZZZ&JC=0001495792
1495791,Senior Design Engineer - Electrical,SLP Group,Please refer the vacancy,Mon May 04 2026,Mon May 11 2026,0001495791,DEFZZZ,https://www.topjobs.lk/applicant/JobAdvertismentServlet?AC=JOBADVERT&EC=DEFZZZ&JC=0001495791
1495790,Senior Design Engineer - HVAC,SLP Group,Please refer the vacancy,Mon May 04 2026,Mon May 11 2026,0001495790,DEFZZZ,https://www.topjobs.lk/applicant/JobAdvertismentServlet?AC=JOBADVERT&EC=DEFZZZ&JC=0001495790
1495789,Assistant Manager - Corporate Sales,Polycrome Cable Management System (Pvt) Limited,Please refer the vacancy,Mon May 04 2026,Mon May 18 2026,0001495789,DEFZZZ,https://www.topjobs.lk/applicant/JobAdvertismentServlet?AC=JOBADVERT&EC=DEFZZZ&JC=0001495789
1495788,Senior Design Engineer - Electrical ELV,SLP Group,Please refer the vacancy,Mon May 04 2026,Mon May 11 2026,0001495788,DEFZZZ,https://www.topjobs.lk/applicant/JobAdvertismentServlet?AC=JOBADVERT&EC=DEFZZZ&JC=0001495788
1495787,Accounts Executives / Accounts Assistants,Samuel & Co.,Please refer the vacancy,Mon May 04 2026,Mon May 18 2026,0001495787,DEFZZZ,https://www.topjobs.lk/applicant/JobAdvertismentServlet?AC=JOBADVERT&EC=DEFZZZ&JC=0001495787
1495786,Customer Experience & Support Executive,Cliara,Please refer the vacancy,Mon May 04 2026,Mon May 11 2026,0001495786,DEFZZZ,https://www.topjobs.lk/applicant/JobAdvertismentServlet?AC=JOBADVERT&EC=DEFZZZ&JC=0001495786
1495785,Laboratory Assistant,Lalan CM (Pvt) Ltd,Please refer the vacancy,Mon May 04 2026,Mon May 18 2026,0001495785,DEFZZZ,https://www.topjobs.lk/applicant/JobAdvertismentServlet?AC=JOBADVERT&EC=DEFZZZ&JC=0001495785
1495784,Trainee Finance Officer - 1 Year Contract,WSO2 Inc,Please refer the vacancy,Mon May 04 2026,Mon May 18 2026,0001495784,DEFZZZ,https://www.topjobs.lk/applicant/JobAdvertismentServlet?AC=JOBADVERT&EC=DEFZZZ&JC=0001495784
1495783,Finance Officer,WSO2 Inc,Please refer the vacancy,Mon May 04 2026,Mon May 18 2026,0001495783,DEFZZZ,https://www.topjobs.lk/applicant/JobAdvertismentServlet?AC=JOBADVERT&EC=DEFZZZ&JC=0001495783
1495782,Accounts Executive (1),JKH Property Group,Please refer the job advert,Mon May 04 2026,Mon May 11 2026,0001495782,0000000312,https://www.topjobs.lk/applicant/JobAdvertismentServlet?AC=JOBADVERT&EC=0000000312&JC=0001495782
1495781,Executive - Customer Service (1),JKH Property Group,Please refer the job advert.,Mon May 04 2026,Mon May 11 2026,0001495781,0000000312,https://www.topjobs.lk/applicant/JobAdvertismentServlet?AC=JOBADVERT&EC=0000000312&JC=0001495781
1495780,Executive - Customer Service (1),JKH Property Group,Please refer the job advert.,Mon May 04 2026,Mon May 11 2026,0001495780,0000000312,https://www.topjobs.lk/applicant/JobAdvertismentServlet?AC=JOBADVERT&EC=0000000312&JC=0001495780
1495779,Executive - Customer Service (1),JKH Property Group,Please refer the job advert.,Mon May 04 2026,Mon May 11 2026,0001495779,0000000312,https://www.topjobs.lk/applicant/JobAdvertismentServlet?AC=JOBADVERT&EC=0000000312&JC=0001495779
1495778,Executive - Legal (1),JKH Property Group,Please refer the job advert.,Mon May 04 2026,Mon May 11 2026,0001495778,0000000312,https://www.topjobs.lk/applicant/JobAdvertismentServlet?AC=JOBADVERT&EC=0000000312&JC=0001495778
1495777,Executive - Pre Sales (1),JKH Property Group,Please refer the job advert,Mon May 04 2026,Mon May 11 2026,0001495777,0000000312,https://www.topjobs.lk/applicant/JobAdvertismentServlet?AC=JOBADVERT&EC=0000000312&JC=0001495777
1495773,Senior Executive Management Information systems Panadura (Apparel/Textile) (1),Konnect Net Pvt Ltd,Please refer the advert,Mon May 04 2026,Sun May 17 2026,0001495773,0000000505,https://www.topjobs.lk/applicant/JobAdvertismentServlet?AC=JOBADVERT&EC=0000000505&JC=0001495773
1495715,Digital Marketing Specialist (1),Genesiis Software Pvt Ltd,Please refer the vacancy,Mon May 04 2026,Fri May 15 2026,0001495715,0000000001,https://www.topjobs.lk/applicant/JobAdvertismentServlet?AC=JOBADVERT&EC=0000000001&JC=0001495715
1495714,Senior Mobile App Developer (1),Genesiis Software Pvt Ltd,Please refer the vacancy,Mon May 04 2026,Fri May 15 2026,0001495714,0000000001,https://www.topjobs.lk/applicant/JobAdvertismentServlet?AC=JOBADVERT&EC=0000000001&JC=0001495714
1495700,Restaurant Manager,Rasa Ceylon,Please refer the vacancy,Mon May 04 2026,Thu May 14 2026,0001495700,DEFZZZ,https://www.topjobs.lk/applicant/JobAdvertismentServlet?AC=JOBADVERT&EC=DEFZZZ&JC=0001495700
1495656,Client Relations Executives,Platinum Immigration Solutions (Pvt) Ltd,Please refer the vacancy,Mon May 04 2026,Thu May 14 2026,0001495656,DEFZZZ,https://www.topjobs.lk/applicant/JobAdvertismentServlet?AC=JOBADVERT&EC=DEFZZZ&JC=0001495656
1495654,Client Relations Executives,Platinum Immigration Solutions (Pvt) Ltd,Please refer the vacancy,Mon May 04 2026,Thu May 14 2026,0001495654,DEFZZZ,https://www.topjobs.lk/applicant/JobAdvertismentServlet?AC=JOBADVERT&EC=DEFZZZ&JC=0001495654
1495651,Client Relations Executives,Platinum Immigration Solutions (Pvt) Ltd,Please refer the vacancy,Mon May 04 2026,Thu May 14 2026,0001495651,DEFZZZ,https://www.topjobs.lk/applicant/JobAdvertismentServlet?AC=JOBADVERT&EC=DEFZZZ&JC=0001495651
1495637,Digital Printing Operator | Junior Designer,Frella International (Pvt) Ltd,Please refer the vacancy,Mon May 04 2026,Thu May 14 2026,0001495637,DEFZZZ,https://www.topjobs.lk/applicant/JobAdvertismentServlet?AC=JOBADVERT&EC=DEFZZZ&JC=0001495637
1495635,Production Supervisor,KRAMSKI Lanka (Pvt) Ltd,Please refer the vacancy,Mon May 04 2026,Thu May 14 2026,0001495635,DEFZZZ,https://www.topjobs.lk/applicant/JobAdvertismentServlet?AC=JOBADVERT&EC=DEFZZZ&JC=0001495635
1495633,Document Coordinator,KRAMSKI Lanka (Pvt) Ltd,Please refer the vacancy,Mon May 04 2026,Thu May 14 2026,0001495633,DEFZZZ,https://www.topjobs.lk/applicant/JobAdvertismentServlet?AC=JOBADVERT&EC=DEFZZZ&JC=0001495633
1495616,Software Engineer - Web | Senior Software Engineer - Web & Software Engineer - Desktop,Afisol (Pvt) Ltd,"Immediate Vacancies for Software Engineers (Web/Desktop) """,Mon May 04 2026,Thu May 14 2026,0001495616,DEFZZZ,https://www.topjobs.lk/applicant/JobAdvertismentServlet?AC=JOBADVERT&EC=DEFZZZ&JC=0001495616
1495615,Manager | Executive - Business Growth,medfuture,Please refer the vacancy,Mon May 04 2026,Thu May 14 2026,0001495615,DEFZZZ,https://www.topjobs.lk/applicant/JobAdvertismentServlet?AC=JOBADVERT&EC=DEFZZZ&JC=0001495615
1495612,Legal Officer,Commercial Bank of Ceylon PLC,Please refer the vacancy,Mon May 04 2026,Sun May 10 2026,0001495612,DEFZZZ,https://www.topjobs.lk/applicant/JobAdvertismentServlet?AC=JOBADVERT&EC=DEFZZZ&JC=0001495612
1495610,Executive - Account Receivables and Recovery,MedFuture Group,Please refer the vacancy,Mon May 04 2026,Thu May 14 2026,0001495610,DEFZZZ,https://www.topjobs.lk/applicant/JobAdvertismentServlet?AC=JOBADVERT&EC=DEFZZZ&JC=0001495610
1495598,Senior Accountant,Indoscan (Pvt) Ltd,Please refer the vacancy,Mon May 04 2026,Thu May 14 2026,0001495598,DEFZZZ,https://www.topjobs.lk/applicant/JobAdvertismentServlet?AC=JOBADVERT&EC=DEFZZZ&JC=0001495598
1495596,Consultant - Projects (Salt Cluster) (1),Raigam Marketing Services (Pvt) Ltd,Please refer the advertisement.,Mon May 04 2026,Thu May 07 2026,0001495596,0000000556,https://www.topjobs.lk/applicant/JobAdvertismentServlet?AC=JOBADVERT&EC=0000000556&JC=0001495596
1495575,Management Trainee,Canbarra (Pvt) Ltd,Please refer the vacancy,Mon May 04 2026,Thu May 14 2026,0001495575,DEFZZZ,https://www.topjobs.lk/applicant/JobAdvertismentServlet?AC=JOBADVERT&EC=DEFZZZ&JC=0001495575
1495571,Senior Finance Manager,Kandy City Centre,Please refer the vacancy,Mon May 04 2026,Thu May 14 2026,0001495571,DEFZZZ,https://www.topjobs.lk/applicant/JobAdvertismentServlet?AC=JOBADVERT&EC=DEFZZZ&JC=0001495571
1495547,Production Officer,Trinity Steel (Pvt) Ltd,Please refer the vacancy,Mon May 04 2026,Thu May 14 2026,0001495547,DEFZZZ,https://www.topjobs.lk/applicant/JobAdvertismentServlet?AC=JOBADVERT&EC=DEFZZZ&JC=0001495547
1495487,Quality Assurance & Compliance Executive,Company Name Withheld,Please refer the vacancy,Mon May 04 2026,Thu May 14 2026,0001495487,DEFZZZ,https://www.topjobs.lk/applicant/JobAdvertismentServlet?AC=JOBADVERT&EC=DEFZZZ&JC=0001495487
1495455,RPG Software Engineer,Commercial Bank of Ceylon PLC,Please refer the vacancy,Mon May 04 2026,Sun May 10 2026,0001495455,DEFZZZ,https://www.topjobs.lk/applicant/JobAdvertismentServlet?AC=JOBADVERT&EC=DEFZZZ&JC=0001495455
1495444,Interns |Tour  Executives | Junior Tour Executives,Company Name Withheld,Please refer the vacancy,Mon May 04 2026,Thu May 14 2026,0001495444,DEFZZZ,https://www.topjobs.lk/applicant/JobAdvertismentServlet?AC=JOBADVERT&EC=DEFZZZ&JC=0001495444
1495375,Customer Service Officer,Import - Export Company,Please refer the vacancy,Mon May 04 2026,Thu May 14 2026,0001495375,DEFZZZ,https://www.topjobs.lk/applicant/JobAdvertismentServlet?AC=JOBADVERT&EC=DEFZZZ&JC=0001495375
1495355,Sales Manager | Brand Managers | Activation Managers,International Food and Beverage (Pvt) Ltd,Please refer the vacancy,Mon May 04 2026,Thu May 14 2026,0001495355,DEFZZZ,https://www.topjobs.lk/applicant/JobAdvertismentServlet?AC=JOBADVERT&EC=DEFZZZ&JC=0001495355
1495306,Admin Officer,Cambridge College of British English,Please refer the vacancy,Mon May 04 2026,Thu May 14 2026,0001495306,DEFZZZ,https://www.topjobs.lk/applicant/JobAdvertismentServlet?AC=JOBADVERT&EC=DEFZZZ&JC=0001495306
1495288,Head Teachers - Full Time,Institute of British Examinations (Pvt) Ltd,Please refer the vacancy,Mon May 04 2026,Thu May 14 2026,0001495288,DEFZZZ,https://www.topjobs.lk/applicant/JobAdvertismentServlet?AC=JOBADVERT&EC=DEFZZZ&JC=0001495288
1495284,Cambridge English Teachers (Full Time | Freshers),Institute of British Examinations (Pvt) Ltd,Please refer the vacancy,Mon May 04 2026,Thu May 14 2026,0001495284,DEFZZZ,https://www.topjobs.lk/applicant/JobAdvertismentServlet?AC=JOBADVERT&EC=DEFZZZ&JC=0001495284
1495277,Quality Assurance Executive,Institute of British Examinations (Pvt) Ltd,Please refer the vacancy,Mon May 04 2026,Thu May 14 2026,0001495277,DEFZZZ,https://www.topjobs.lk/applicant/JobAdvertismentServlet?AC=JOBADVERT&EC=DEFZZZ&JC=0001495277
1495275,Food Safety Officer,Anantaya Resorts & Spa,Please refer the vacancy,Mon May 04 2026,Thu May 14 2026,0001495275,DEFZZZ,https://www.topjobs.lk/applicant/JobAdvertismentServlet?AC=JOBADVERT&EC=DEFZZZ&JC=0001495275
1495274,Administrative & Customer Support Officer,Institute of British Examinations (Pvt) Ltd,Please refer the vacancy,Mon May 04 2026,Thu May 14 2026,0001495274,DEFZZZ,https://www.topjobs.lk/applicant/JobAdvertismentServlet?AC=JOBADVERT&EC=DEFZZZ&JC=0001495274
1495254,Social Media Specialist,Pet Veterinary Services (Pvt) Ltd,Please refer the vacancy,Mon May 04 2026,Thu May 14 2026,0001495254,DEFZZZ,https://www.topjobs.lk/applicant/JobAdvertismentServlet?AC=JOBADVERT&EC=DEFZZZ&JC=0001495254
1495250,Graphic Designer (Male | Female),Trans Interior & Signage (Pvt) Ltd,Please refer the vacancy,Mon May 04 2026,Thu May 14 2026,0001495250,DEFZZZ,https://www.topjobs.lk/applicant/JobAdvertismentServlet?AC=JOBADVERT&EC=DEFZZZ&JC=0001495250
1495248,In-House Photographer,Anantaya Resorts & Spa,Please refer the vacancy,Mon May 04 2026,Thu May 14 2026,0001495248,DEFZZZ,https://www.topjobs.lk/applicant/JobAdvertismentServlet?AC=JOBADVERT&EC=DEFZZZ&JC=0001495248
1495225,Trainee Officer - All Island,Vallibel Finance PLC,Please refer the vacancy,Mon May 04 2026,Thu May 14 2026,0001495225,DEFZZZ,https://www.topjobs.lk/applicant/JobAdvertismentServlet?AC=JOBADVERT&EC=DEFZZZ&JC=0001495225
1495219,Trainee Officer - All Island,Vallibel Finance PLC,Please refer the vacancy,Mon May 04 2026,Thu May 14 2026,0001495219,DEFZZZ,https://www.topjobs.lk/applicant/JobAdvertismentServlet?AC=JOBADVERT&EC=DEFZZZ&JC=0001495219
1495169,Quantity Surveyor - Interior Fit-Out | Joinery & Furniture,Idea Hub,Opportunity to be involved in high-end local and international projects with a strong emphasis on design integrity and execution at a premium standard,Mon May 04 2026,Thu May 14 2026,0001495169,DEFZZZ,https://www.topjobs.lk/applicant/JobAdvertismentServlet?AC=JOBADVERT&EC=DEFZZZ&JC=0001495169
1495148,Sales Executive - Battery,Elcardo Motor Engineering (Pvt) Ltd,Please refer the vacancy,Mon May 04 2026,Thu May 14 2026,0001495148,DEFZZZ,https://www.topjobs.lk/applicant/JobAdvertismentServlet?AC=JOBADVERT&EC=DEFZZZ&JC=0001495148
1495057,Sales & Marketing,QBL ERP Lanka (Pvt) Ltd,Please refer the vacancy,Mon May 04 2026,Wed May 13 2026,0001495057,DEFZZZ,https://www.topjobs.lk/applicant/JobAdvertismentServlet?AC=JOBADVERT&EC=DEFZZZ&JC=0001495057
1495046,Quantity Surveyor,Vajira House Builders (Pvt) Ltd,Please refer the vacancy,Mon May 04 2026,Wed May 13 2026,0001495046,DEFZZZ,https://www.topjobs.lk/applicant/JobAdvertismentServlet?AC=JOBADVERT&EC=DEFZZZ&JC=0001495046
1494996,Document Controller,Pearl Grand Tower Hotel,Please refer the vacancy,Mon May 04 2026,Wed May 13 2026,0001494996,DEFZZZ,https://www.topjobs.lk/applicant/JobAdvertismentServlet?AC=JOBADVERT&EC=DEFZZZ&JC=0001494996
1494983,Head of Finance,Association of Accounting Technicians of Sri Lanka,Please refer the vacancy,Mon May 04 2026,Wed May 13 2026,0001494983,DEFZZZ,https://www.topjobs.lk/applicant/JobAdvertismentServlet?AC=JOBADVERT&EC=DEFZZZ&JC=0001494983
1494970,Associate Business Analyst - Technical,Affixcon,Please refer the vacancy,Mon May 04 2026,Wed May 13 2026,0001494970,DEFZZZ,https://www.topjobs.lk/applicant/JobAdvertismentServlet?AC=JOBADVERT&EC=DEFZZZ&JC=0001494970
1494958,Executive - Import,BenchMark Logistics International (Pvt) Ltd,Please refer the vacancy,Mon May 04 2026,Wed May 13 2026,0001494958,DEFZZZ,https://www.topjobs.lk/applicant/JobAdvertismentServlet?AC=JOBADVERT&EC=DEFZZZ&JC=0001494958
1494951,Executive - Import,BenchMark Logistics International (Pvt) Ltd,Please refer the vacancy,Mon May 04 2026,Wed May 13 2026,0001494951,DEFZZZ,https://www.topjobs.lk/applicant/JobAdvertismentServlet?AC=JOBADVERT&EC=DEFZZZ&JC=0001494951
1494917,Head of Marketing,AAT Sri Lanka,Please refer the vacancy,Mon May 04 2026,Wed May 13 2026,0001494917,DEFZZZ,https://www.topjobs.lk/applicant/JobAdvertismentServlet?AC=JOBADVERT&EC=DEFZZZ&JC=0001494917
1494898,Hotel Vacancies,Anantaya Resorts & Spa,Please refer the vacancy,Mon May 04 2026,Wed May 13 2026,0001494898,DEFZZZ,https://www.topjobs.lk/applicant/JobAdvertismentServlet?AC=JOBADVERT&EC=DEFZZZ&JC=0001494898
1494865,Intern - QA,Epic Lanka (Pvt) Ltd,Please refer the vacancy,Mon May 04 2026,Wed May 13 2026,0001494865,0000000651,https://www.topjobs.lk/applicant/JobAdvertismentServlet?AC=JOBADVERT&EC=0000000651&JC=0001494865
1494844,Finance Intern,Intrepid Travel,Please refer the vacancy,Mon May 04 2026,Wed May 13 2026,0001494844,DEFZZZ,https://www.topjobs.lk/applicant/JobAdvertismentServlet?AC=JOBADVERT&EC=DEFZZZ&JC=0001494844
1494836,Legal Officer,Epic Lanka (Pvt) Ltd,Please refer the vacancy,Mon May 04 2026,Wed May 13 2026,0001494836,0000000651,https://www.topjobs.lk/applicant/JobAdvertismentServlet?AC=JOBADVERT&EC=0000000651&JC=0001494836
1494831,Chef De Partie | Demi Chef De Partie,Lanka Premier Foods (Pvt) Ltd,Please refer the vacancy,Mon May 04 2026,Wed May 13 2026,0001494831,DEFZZZ,https://www.topjobs.lk/applicant/JobAdvertismentServlet?AC=JOBADVERT&EC=DEFZZZ&JC=0001494831
1494815,Assistant Accountant,Diana Biscuits (Pvt) Ltd,Please refer the vacancy,Mon May 04 2026,Wed May 13 2026,0001494815,DEFZZZ,https://www.topjobs.lk/applicant/JobAdvertismentServlet?AC=JOBADVERT&EC=DEFZZZ&JC=0001494815
1494774,Food & Beverage Supervisor | Executive,Headqarters By W15,Please refer the vacancy,Mon May 04 2026,Wed May 13 2026,0001494774,DEFZZZ,https://www.topjobs.lk/applicant/JobAdvertismentServlet?AC=JOBADVERT&EC=DEFZZZ&JC=0001494774
1494663,Executive | Junior Executive - Accounting & Finance,Actiive Tech Networks (Pvt) Ltd,Please refer the vacancy,Mon May 04 2026,Wed May 13 2026,0001494663,DEFZZZ,https://www.topjobs.lk/applicant/JobAdvertismentServlet?AC=JOBADVERT&EC=DEFZZZ&JC=0001494663
1494636,Procurement Executive,Knights Bridge Technologies,Please refer the vacancy,Mon May 04 2026,Wed May 13 2026,0001494636,DEFZZZ,https://www.topjobs.lk/applicant/JobAdvertismentServlet?AC=JOBADVERT&EC=DEFZZZ&JC=0001494636
1494627,Marketing Manager(Automobile) -Colombo (1),Konnect Net Pvt Ltd,Please refer the advert,Mon May 04 2026,Tue May 12 2026,0001494627,0000000505,https://www.topjobs.lk/applicant/JobAdvertismentServlet?AC=JOBADVERT&EC=0000000505&JC=0001494627
1494561,Office Assistant cum Personal Assistant - Male (1),Ignite Media Vision (Pvt) Ltd,Please refer the vacancy,Mon May 04 2026,Tue May 12 2026,0001494561,DEFZZZ,https://www.topjobs.lk/applicant/JobAdvertismentServlet?AC=JOBADVERT&EC=DEFZZZ&JC=0001494561
1494510,Cashier,Elcardo Industries (Pvt) Ltd,Please refer the vacancy,Mon May 04 2026,Tue May 12 2026,0001494510,DEFZZZ,https://www.topjobs.lk/applicant/JobAdvertismentServlet?AC=JOBADVERT&EC=DEFZZZ&JC=0001494510
1494368,Brand Manager,Multichemi International Limited,Please refer the vacancy,Mon May 04 2026,Tue May 12 2026,0001494368,DEFZZZ,https://www.topjobs.lk/applicant/JobAdvertismentServlet?AC=JOBADVERT&EC=DEFZZZ&JC=0001494368
1494358,Engineers,Sunbeam Construction Co (Pvt) Ltd,Please refer the vacancy,Mon May 04 2026,Mon May 18 2026,0001494358,DEFZZZ,https://www.topjobs.lk/applicant/JobAdvertismentServlet?AC=JOBADVERT&EC=DEFZZZ&JC=0001494358
1494315,Admission Executive,Eureka Consultants,Please refer the vacancy,Mon May 04 2026,Tue May 12 2026,0001494315,DEFZZZ,https://www.topjobs.lk/applicant/JobAdvertismentServlet?AC=JOBADVERT&EC=DEFZZZ&JC=0001494315
1494314,Student Consultant,Eureka Consultants,Please refer the vacancy,Mon May 04 2026,Tue May 12 2026,0001494314,DEFZZZ,https://www.topjobs.lk/applicant/JobAdvertismentServlet?AC=JOBADVERT&EC=DEFZZZ&JC=0001494314
1494298,Senior Accounts Executive,The KALA Group of Companies (Private) Limited,Please refer the vacancy,Mon May 04 2026,Tue May 12 2026,0001494298,DEFZZZ,https://www.topjobs.lk/applicant/JobAdvertismentServlet?AC=JOBADVERT&EC=DEFZZZ&JC=0001494298
1494268,Senior Finance Executive  (1),Goodhope Asia Holdings Ltd,"Minimum 3 - 4 years of relevant experience in a similar role within a dynamic or a diversified organization. Bachelor's degree in Commerce, Business Manage ....",Mon May 04 2026,Sun May 17 2026,0001494268,0000000486,https://www.topjobs.lk/applicant/JobAdvertismentServlet?AC=JOBADVERT&EC=0000000486&JC=0001494268
1494189,Chief Engineers,I-Perform (Pvt) Ltd,Please refer the vacancy,Mon May 04 2026,Tue May 12 2026,0001494189,DEFZZZ,https://www.topjobs.lk/applicant/JobAdvertismentServlet?AC=JOBADVERT&EC=DEFZZZ&JC=0001494189
1494147,Intern / Trainee Coordinator & Web Administrator,Pro Consultancy International (Pvt) Ltd,Please refer the vacancy,Mon May 04 2026,Tue May 12 2026,0001494147,DEFZZZ,https://www.topjobs.lk/applicant/JobAdvertismentServlet?AC=JOBADVERT&EC=DEFZZZ&JC=0001494147
1494142,Cost Accounts Executive,Mercantile Fortunes,Please refer the vacancy,Mon May 04 2026,Tue May 12 2026,0001494142,DEFZZZ,https://www.topjobs.lk/applicant/JobAdvertismentServlet?AC=JOBADVERT&EC=DEFZZZ&JC=0001494142
1494121,Kitchen Manager (Founding Team) Multi-Concept Cloud Kitchen,Juicy Kitchen - Sri Lanka,Please refer the vacancy,Mon May 04 2026,Tue May 12 2026,0001494121,DEFZZZ,https://www.topjobs.lk/applicant/JobAdvertismentServlet?AC=JOBADVERT&EC=DEFZZZ&JC=0001494121
1494119,Digital Marketing Manager,PL. MTT. Muthukaruppan Chettiar Jewellers,Please refer the vacancy,Mon May 04 2026,Tue May 12 2026,0001494119,DEFZZZ,https://www.topjobs.lk/applicant/JobAdvertismentServlet?AC=JOBADVERT&EC=DEFZZZ&JC=0001494119
1494116,Executive - Internal Audit,PL. MTT. Muthukaruppan Chettiar Jewellers,Please refer the vacancy,Mon May 04 2026,Tue May 12 2026,0001494116,DEFZZZ,https://www.topjobs.lk/applicant/JobAdvertismentServlet?AC=JOBADVERT&EC=DEFZZZ&JC=0001494116
1494114,Accountant,PL. MTT. Muthukaruppan Chettiar Jewellers,Please refer the vacancy,Mon May 04 2026,Tue May 12 2026,0001494114,DEFZZZ,https://www.topjobs.lk/applicant/JobAdvertismentServlet?AC=JOBADVERT&EC=DEFZZZ&JC=0001494114
1494094,"SENIOR EXECUTIVE - SAFETY, SUSTAINABILITY & COMPLIANCE-KATUNAYAKE (1)",Konnect Net Pvt Ltd,Please refer the advert,Mon May 04 2026,Sat May 09 2026,0001494094,0000000505,https://www.topjobs.lk/applicant/JobAdvertismentServlet?AC=JOBADVERT&EC=0000000505&JC=0001494094
1494053,Software Engineers,Care Systems South Asia (Pvt) Ltd,Please refer the vacancy,Mon May 04 2026,Mon May 11 2026,0001494053,DEFZZZ,https://www.topjobs.lk/applicant/JobAdvertismentServlet?AC=JOBADVERT&EC=DEFZZZ&JC=0001494053
1494024,Assistant Production Manager,Discovery International (Pvt) Ltd,Please refer the vacancy,Mon May 04 2026,Mon May 11 2026,0001494024,DEFZZZ,https://www.topjobs.lk/applicant/JobAdvertismentServlet?AC=JOBADVERT&EC=DEFZZZ&JC=0001494024
1494018,Business Development Executives,Discovery International (Pvt) Ltd,Please refer the vacancy,Mon May 04 2026,Mon May 11 2026,0001494018,DEFZZZ,https://www.topjobs.lk/applicant/JobAdvertismentServlet?AC=JOBADVERT&EC=DEFZZZ&JC=0001494018
1493990,Telesales Executive - Onsite Job,Esafe Global (Pvt) Ltd,Please refer the vacancy,Mon May 04 2026,Mon May 11 2026,0001493990,DEFZZZ,https://www.topjobs.lk/applicant/JobAdvertismentServlet?AC=JOBADVERT&EC=DEFZZZ&JC=0001493990
1493968,Management Accountant,Medfuture Group,Please refer the vacancy,Mon May 04 2026,Mon May 11 2026,0001493968,DEFZZZ,https://www.topjobs.lk/applicant/JobAdvertismentServlet?AC=JOBADVERT&EC=DEFZZZ&JC=0001493968
1493963,Recruitment Business Consultant (Healthcare),Medfuture Group,Please refer the vacancy,Mon May 04 2026,Mon May 11 2026,0001493963,DEFZZZ,https://www.topjobs.lk/applicant/JobAdvertismentServlet?AC=JOBADVERT&EC=DEFZZZ&JC=0001493963
1493958,Logistic Assistant,Plastica International (Pvt) Ltd,Please refer the vacancy,Mon May 04 2026,Mon May 11 2026,0001493958,DEFZZZ,https://www.topjobs.lk/applicant/JobAdvertismentServlet?AC=JOBADVERT&EC=DEFZZZ&JC=0001493958
1493933,Head of Human Resources,Merchant Bank of Sri Lanka & Finance PLC,Please refer the vacancy,Mon May 04 2026,Mon May 11 2026,0001493933,DEFZZZ,https://www.topjobs.lk/applicant/JobAdvertismentServlet?AC=JOBADVERT&EC=DEFZZZ&JC=0001493933
1493932,Accounts Executive,Halcyon Concepts (Pvt) Ltd,Please refer the vacancy,Mon May 04 2026,Mon May 11 2026,0001493932,DEFZZZ,https://www.topjobs.lk/applicant/JobAdvertismentServlet?AC=JOBADVERT&EC=DEFZZZ&JC=0001493932
1493925,Head of Human Resources,Merchant Bank of Sri Lanka & Finance PLC,Please refer the vacancy,Mon May 04 2026,Mon May 11 2026,0001493925,DEFZZZ,https://www.topjobs.lk/applicant/JobAdvertismentServlet?AC=JOBADVERT&EC=DEFZZZ&JC=0001493925
1493920,Junior Business Development Executive (BDE),Croissance Digital,Please refer the vacancy,Mon May 04 2026,Mon May 11 2026,0001493920,DEFZZZ,https://www.topjobs.lk/applicant/JobAdvertismentServlet?AC=JOBADVERT&EC=DEFZZZ&JC=0001493920
1493882,Sales Support Assistant - Male,Ceylon Exports & Trading (Pvt) Ltd,Please refer the vacancy,Mon May 04 2026,Mon May 11 2026,0001493882,DEFZZZ,https://www.topjobs.lk/applicant/JobAdvertismentServlet?AC=JOBADVERT&EC=DEFZZZ&JC=0001493882
1493871,Junior Account Executive,Transco Digital (Pvt) Ltd,Please refer the vacancy,Mon May 04 2026,Mon May 11 2026,0001493871,DEFZZZ,https://www.topjobs.lk/applicant/JobAdvertismentServlet?AC=JOBADVERT&EC=DEFZZZ&JC=0001493871
1493870,Purchasing Executive,Elcardo Industries (Pvt) Ltd,Please refer the vacancy,Mon May 04 2026,Mon May 11 2026,0001493870,DEFZZZ,https://www.topjobs.lk/applicant/JobAdvertismentServlet?AC=JOBADVERT&EC=DEFZZZ&JC=0001493870
1493866,Accounts Executive,Elcardo Industries (Pvt) Ltd,Please refer the vacancy,Mon May 04 2026,Mon May 11 2026,0001493866,DEFZZZ,https://www.topjobs.lk/applicant/JobAdvertismentServlet?AC=JOBADVERT&EC=DEFZZZ&JC=0001493866
1493836,Executive | Junior Executive - Gold Loan | Gold Loan Officer,Vallibel Finance PLC,Please refer the vacancy,Mon May 04 2026,Mon May 11 2026,0001493836,DEFZZZ,https://www.topjobs.lk/applicant/JobAdvertismentServlet?AC=JOBADVERT&EC=DEFZZZ&JC=0001493836
1493834,Executive | Junior Executive - Gold Loan | Gold Loan Officer,Vallibel Finance PLC,Please refer the vacancy,Mon May 04 2026,Mon May 11 2026,0001493834,DEFZZZ,https://www.topjobs.lk/applicant/JobAdvertismentServlet?AC=JOBADVERT&EC=DEFZZZ&JC=0001493834
1493752,Technical Officer (Civil),Sri Lanka Telecom (SLT) Group,Please refer the vacancy,Mon May 04 2026,Mon May 11 2026,0001493752,DEFZZZ,https://www.topjobs.lk/applicant/JobAdvertismentServlet?AC=JOBADVERT&EC=DEFZZZ&JC=0001493752
1493747,Technical Officer (Civil),Sri Lanka Telecom (SLT) Group,Please refer the vacancy,Mon May 04 2026,Mon May 11 2026,0001493747,DEFZZZ,https://www.topjobs.lk/applicant/JobAdvertismentServlet?AC=JOBADVERT&EC=DEFZZZ&JC=0001493747
1493743,Engineer (Civil),Sri Lanka Telecom (SLT) Group,Please refer the vacancy,Mon May 04 2026,Mon May 11 2026,0001493743,DEFZZZ,https://www.topjobs.lk/applicant/JobAdvertismentServlet?AC=JOBADVERT&EC=DEFZZZ&JC=0001493743
1493742,Engineer (Civil),Sri Lanka Telecom (SLT) Group,Please refer the vacancy,Mon May 04 2026,Mon May 11 2026,0001493742,DEFZZZ,https://www.topjobs.lk/applicant/JobAdvertismentServlet?AC=JOBADVERT&EC=DEFZZZ&JC=0001493742
1493732,Finance Executive,Sentab Groups,Please refer the vacancy,Mon May 04 2026,Mon May 11 2026,0001493732,DEFZZZ,https://www.topjobs.lk/applicant/JobAdvertismentServlet?AC=JOBADVERT&EC=DEFZZZ&JC=0001493732
1493731,Teachers For Edexcel Programmes,ESOL College International,Please refer the vacancy,Mon May 04 2026,Mon May 11 2026,0001493731,DEFZZZ,https://www.topjobs.lk/applicant/JobAdvertismentServlet?AC=JOBADVERT&EC=DEFZZZ&JC=0001493731
1493728,Junior Executive - Human Resources,ESOL College International,Please refer the vacancy,Mon May 04 2026,Mon May 11 2026,0001493728,DEFZZZ,https://www.topjobs.lk/applicant/JobAdvertismentServlet?AC=JOBADVERT&EC=DEFZZZ&JC=0001493728
1493725,Business Development Executive,ESOL Premier Campus,Please refer the vacancy,Mon May 04 2026,Mon May 11 2026,0001493725,DEFZZZ,https://www.topjobs.lk/applicant/JobAdvertismentServlet?AC=JOBADVERT&EC=DEFZZZ&JC=0001493725
1493722,Assistant Manager - IT,ESOL College International,Please refer the vacancy,Mon May 04 2026,Mon May 11 2026,0001493722,DEFZZZ,https://www.topjobs.lk/applicant/JobAdvertismentServlet?AC=JOBADVERT&EC=DEFZZZ&JC=0001493722
1493718,English Teacher,ESOL College International,Please refer the vacancy,Mon May 04 2026,Mon May 11 2026,0001493718,DEFZZZ,https://www.topjobs.lk/applicant/JobAdvertismentServlet?AC=JOBADVERT&EC=DEFZZZ&JC=0001493718
1493671,Leasing Marketing - Gampaha Region,Siyapatha Finance PLC,Please refer the vacancy,Mon May 04 2026,Mon May 11 2026,0001493671,DEFZZZ,https://www.topjobs.lk/applicant/JobAdvertismentServlet?AC=JOBADVERT&EC=DEFZZZ&JC=0001493671
1493668,Assistant Sales Manager,Ceylon Cashew Marketing (Pvt) Ltd,Please refer the vacancy,Mon May 04 2026,Mon May 11 2026,0001493668,DEFZZZ,https://www.topjobs.lk/applicant/JobAdvertismentServlet?AC=JOBADVERT&EC=DEFZZZ&JC=0001493668
1493663,Leasing Marketing - Colombo Region,Siyapatha Finance PLC,Please refer the vacancy,Mon May 04 2026,Mon May 11 2026,0001493663,DEFZZZ,https://www.topjobs.lk/applicant/JobAdvertismentServlet?AC=JOBADVERT&EC=DEFZZZ&JC=0001493663
1493628,Leasing Marketing - All Island,Siyapatha Finance PLC,Please refer the vacancy,Mon May 04 2026,Mon May 11 2026,0001493628,DEFZZZ,https://www.topjobs.lk/applicant/JobAdvertismentServlet?AC=JOBADVERT&EC=DEFZZZ&JC=0001493628
1493601,Hotel Vacancies,Bolgoda Resort,Please refer the vacancy,Mon May 04 2026,Mon May 11 2026,0001493601,DEFZZZ,https://www.topjobs.lk/applicant/JobAdvertismentServlet?AC=JOBADVERT&EC=DEFZZZ&JC=0001493601
1493588,MIS Support Executive - MIS Division,Prima Management Services (Pvt) Ltd,"Be part of our dynamic team as an MIS support executive - support data management, prepare reports, and assist in maintaining accurate and timely informati ....",Mon May 04 2026,Mon May 11 2026,0001493588,DEFZZZ,https://www.topjobs.lk/applicant/JobAdvertismentServlet?AC=JOBADVERT&EC=DEFZZZ&JC=0001493588
1493564,Student Counsellor - Study Abroad,Global Uni Connect,Please refer the vacancy,Mon May 04 2026,Mon May 11 2026,0001493564,DEFZZZ,https://www.topjobs.lk/applicant/JobAdvertismentServlet?AC=JOBADVERT&EC=DEFZZZ&JC=0001493564
1493454,Procurement Executive-Dematagoda (MALE) (1),Konnect Net Pvt Ltd,Please refer the advert,Mon May 04 2026,Sat May 09 2026,0001493454,0000000505,https://www.topjobs.lk/applicant/JobAdvertismentServlet?AC=JOBADVERT&EC=0000000505&JC=0001493454
1493352,Digital Marketing Trainer (Part-Time) (1),PACE Institute,Please refer the vacancy,Mon May 04 2026,Sat May 09 2026,0001493352,DEFZZZ,https://www.topjobs.lk/applicant/JobAdvertismentServlet?AC=JOBADVERT&EC=DEFZZZ&JC=0001493352
1493351,Marketers - Manager (Marketing & Operations) | Assistant Manager (Marketing & Operations),PACE Institute,Please refer the vacancy,Mon May 04 2026,Sat May 09 2026,0001493351,DEFZZZ,https://www.topjobs.lk/applicant/JobAdvertismentServlet?AC=JOBADVERT&EC=DEFZZZ&JC=0001493351
1493350,Digital Marketing Specialist,eBEYONDS (Pvt) Ltd,Please refer the vacancy,Mon May 04 2026,Sat May 09 2026,0001493350,DEFZZZ,https://www.topjobs.lk/applicant/JobAdvertismentServlet?AC=JOBADVERT&EC=DEFZZZ&JC=0001493350
1493325,Performance Marketer,eBEYONDS,Please refer the vacancy,Mon May 04 2026,Sat May 09 2026,0001493325,DEFZZZ,https://www.topjobs.lk/applicant/JobAdvertismentServlet?AC=JOBADVERT&EC=DEFZZZ&JC=0001493325
1493324,Finance Executive,eBEYONDS,Please refer the vacancy,Mon May 04 2026,Sat May 09 2026,0001493324,DEFZZZ,https://www.topjobs.lk/applicant/JobAdvertismentServlet?AC=JOBADVERT&EC=DEFZZZ&JC=0001493324
1493323,UI | UX Designer,eBEYONDS,Please refer the vacancy,Mon May 04 2026,Sat May 09 2026,0001493323,DEFZZZ,https://www.topjobs.lk/applicant/JobAdvertismentServlet?AC=JOBADVERT&EC=DEFZZZ&JC=0001493323
1493286,Video Creator / Editor,eBEYONDS,Please refer the vacancy,Mon May 04 2026,Fri May 08 2026,0001493286,DEFZZZ,https://www.topjobs.lk/applicant/JobAdvertismentServlet?AC=JOBADVERT&EC=DEFZZZ&JC=0001493286
1493282,Assistant Sales Manager | Senior Executive - Sales Operations,eBEYONDS,Please refer the vacancy,Mon May 04 2026,Fri May 08 2026,0001493282,DEFZZZ,https://www.topjobs.lk/applicant/JobAdvertismentServlet?AC=JOBADVERT&EC=DEFZZZ&JC=0001493282
1493178,Branding Executive,Premium Auto Parts (Pvt) Ltd,Please refer the vacancy,Mon May 04 2026,Fri May 08 2026,0001493178,DEFZZZ,https://www.topjobs.lk/applicant/JobAdvertismentServlet?AC=JOBADVERT&EC=DEFZZZ&JC=0001493178
1493173,Store Executive,Premium Auto Parts (Pvt) Ltd,Please refer the vacancy,Mon May 04 2026,Fri May 08 2026,0001493173,DEFZZZ,https://www.topjobs.lk/applicant/JobAdvertismentServlet?AC=JOBADVERT&EC=DEFZZZ&JC=0001493173
1493167,Quality Executive,Ceylon Exports & Trading (Pvt) Ltd,Please refer the vacancy,Mon May 04 2026,Fri May 08 2026,0001493167,DEFZZZ,https://www.topjobs.lk/applicant/JobAdvertismentServlet?AC=JOBADVERT&EC=DEFZZZ&JC=0001493167
1493156,Program Coordinator - Maharagama Branch,IgniterSpace (Pvt) Ltd,Please refer the vacancy,Mon May 04 2026,Fri May 08 2026,0001493156,DEFZZZ,https://www.topjobs.lk/applicant/JobAdvertismentServlet?AC=JOBADVERT&EC=DEFZZZ&JC=0001493156
1493144,Back-End Developer (PHP/Laravel/React),Aspirations I-Lab (Pvt) Ltd,Full time / Part time / Fully Remote,Mon May 04 2026,Fri May 08 2026,0001493144,DEFZZZ,https://www.topjobs.lk/applicant/JobAdvertismentServlet?AC=JOBADVERT&EC=DEFZZZ&JC=0001493144
1493139,Sales/Marketing Executive (Male/Female),Okithma Construction (Pvt) Ltd,Please refer the vacancy,Mon May 04 2026,Fri May 08 2026,0001493139,DEFZZZ,https://www.topjobs.lk/applicant/JobAdvertismentServlet?AC=JOBADVERT&EC=DEFZZZ&JC=0001493139
1493131,System Support Specialist,Eureka Technology Partners [Pvt] Ltd,Please refer the vacancy,Mon May 04 2026,Fri May 08 2026,0001493131,DEFZZZ,https://www.topjobs.lk/applicant/JobAdvertismentServlet?AC=JOBADVERT&EC=DEFZZZ&JC=0001493131
1493115,Manager Internal Audit - Male,Semini Motors (Pvt) Ltd,Please refer the vacancy,Mon May 04 2026,Fri May 08 2026,0001493115,DEFZZZ,https://www.topjobs.lk/applicant/JobAdvertismentServlet?AC=JOBADVERT&EC=DEFZZZ&JC=0001493115
1493086,Assistant General Manager - Finance,Vallibel Finance,Please refer the vacancy,Mon May 04 2026,Fri May 08 2026,0001493086,DEFZZZ,https://www.topjobs.lk/applicant/JobAdvertismentServlet?AC=JOBADVERT&EC=DEFZZZ&JC=0001493086
1493084,Assistant General Manager - Finance,Vallibel Finance,Please refer the vacancy,Mon May 04 2026,Fri May 08 2026,0001493084,DEFZZZ,https://www.topjobs.lk/applicant/JobAdvertismentServlet?AC=JOBADVERT&EC=DEFZZZ&JC=0001493084
1493081,Assistant General Manager - Finance,Vallibel Finance,Please refer the vacancy,Mon May 04 2026,Fri May 08 2026,0001493081,DEFZZZ,https://www.topjobs.lk/applicant/JobAdvertismentServlet?AC=JOBADVERT&EC=DEFZZZ&JC=0001493081
1493044,Business Development Associate,SOBA Network,Please refer the vacancy,Mon May 04 2026,Fri May 08 2026,0001493044,DEFZZZ,https://www.topjobs.lk/applicant/JobAdvertismentServlet?AC=JOBADVERT&EC=DEFZZZ&JC=0001493044
1493042,Accounts Executive (Female),Nascent Grow (Pvt) Ltd,Please refer the vacancy,Mon May 04 2026,Fri May 08 2026,0001493042,DEFZZZ,https://www.topjobs.lk/applicant/JobAdvertismentServlet?AC=JOBADVERT&EC=DEFZZZ&JC=0001493042
1493041,Customer Service Executive - Sales,Esafe Global (Pvt) Ltd,Please refer the vacancy,Mon May 04 2026,Fri May 08 2026,0001493041,DEFZZZ,https://www.topjobs.lk/applicant/JobAdvertismentServlet?AC=JOBADVERT&EC=DEFZZZ&JC=0001493041
1493033,Assistant Manager Quality Management-Panadura (Apparel/textile) (1),Konnect Net Pvt Ltd,Please refer the advert,Mon May 04 2026,Fri May 08 2026,0001493033,0000000505,https://www.topjobs.lk/applicant/JobAdvertismentServlet?AC=JOBADVERT&EC=0000000505&JC=0001493033
1493019,Senior Manager - Legal,Vallibel Finance PLC,Please refer the vacancy,Mon May 04 2026,Fri May 08 2026,0001493019,DEFZZZ,https://www.topjobs.lk/applicant/JobAdvertismentServlet?AC=JOBADVERT&EC=DEFZZZ&JC=0001493019
1493018,Senior Manager - Legal,Vallibel Finance PLC,Please refer the vacancy,Mon May 04 2026,Fri May 08 2026,0001493018,DEFZZZ,https://www.topjobs.lk/applicant/JobAdvertismentServlet?AC=JOBADVERT&EC=DEFZZZ&JC=0001493018
1493016,Senior Manager - Legal,Vallibel Finance PLC,Please refer the vacancy,Mon May 04 2026,Fri May 08 2026,0001493016,DEFZZZ,https://www.topjobs.lk/applicant/JobAdvertismentServlet?AC=JOBADVERT&EC=DEFZZZ&JC=0001493016
1492963,Finance | Tax Executive,Trinity Steel (Pvt) Ltd,Please refer the vacancy,Mon May 04 2026,Fri May 08 2026,0001492963,DEFZZZ,https://www.topjobs.lk/applicant/JobAdvertismentServlet?AC=JOBADVERT&EC=DEFZZZ&JC=0001492963
1492962,Student Counsellor | Assistant Program Manager,Cambridge College of Business and Management,Please refer the vacancy,Mon May 04 2026,Fri May 08 2026,0001492962,DEFZZZ,https://www.topjobs.lk/applicant/JobAdvertismentServlet?AC=JOBADVERT&EC=DEFZZZ&JC=0001492962
1492960,English Teachers,Cambridge College of British English,Please refer the vacancy,Mon May 04 2026,Fri May 08 2026,0001492960,DEFZZZ,https://www.topjobs.lk/applicant/JobAdvertismentServlet?AC=JOBADVERT&EC=DEFZZZ&JC=0001492960
1492959,Student Counsellor | Assistant Program Manager,Cambridge College of Business and Management,Please refer the vacancy,Mon May 04 2026,Fri May 08 2026,0001492959,DEFZZZ,https://www.topjobs.lk/applicant/JobAdvertismentServlet?AC=JOBADVERT&EC=DEFZZZ&JC=0001492959
1492957,English Teachers,Cambridge College of British English (Pvt) Ltd,Please refer the vacancy,Mon May 04 2026,Fri May 08 2026,0001492957,DEFZZZ,https://www.topjobs.lk/applicant/JobAdvertismentServlet?AC=JOBADVERT&EC=DEFZZZ&JC=0001492957
1492955,Branch Manager,Cambridge College of British English,Please refer the vacancy,Mon May 04 2026,Fri May 08 2026,0001492955,DEFZZZ,https://www.topjobs.lk/applicant/JobAdvertismentServlet?AC=JOBADVERT&EC=DEFZZZ&JC=0001492955
1492952,Site Supervisor,Swisstek (Ceylon) PLC,Please refer the vacancy,Mon May 04 2026,Fri May 08 2026,0001492952,DEFZZZ,https://www.topjobs.lk/applicant/JobAdvertismentServlet?AC=JOBADVERT&EC=DEFZZZ&JC=0001492952
1492946,Digital Marketing Executive,Cambridge College of British English,Please refer the vacancy,Mon May 04 2026,Fri May 08 2026,0001492946,DEFZZZ,https://www.topjobs.lk/applicant/JobAdvertismentServlet?AC=JOBADVERT&EC=DEFZZZ&JC=0001492946
1492945,Manager - Order Processing & Logistics,Fine Enterprises,Please refer the vacancy,Mon May 04 2026,Fri May 08 2026,0001492945,DEFZZZ,https://www.topjobs.lk/applicant/JobAdvertismentServlet?AC=JOBADVERT&EC=DEFZZZ&JC=0001492945
1492943,Academic Manager / Academic Coordinator,Cambridge College of British English,Please refer the vacancy,Mon May 04 2026,Fri May 08 2026,0001492943,DEFZZZ,https://www.topjobs.lk/applicant/JobAdvertismentServlet?AC=JOBADVERT&EC=DEFZZZ&JC=0001492943
1492923,Cashier cum Waiter,Delmon Hospitality (Pvt) Ltd,Please refer the vacancy,Mon May 04 2026,Fri May 08 2026,0001492923,DEFZZZ,https://www.topjobs.lk/applicant/JobAdvertismentServlet?AC=JOBADVERT&EC=DEFZZZ&JC=0001492923
1492825,Software Engineer (PHP),Procons Infotech (Pvt) Ltd,Please refer the vacancy,Mon May 04 2026,Fri May 08 2026,0001492825,DEFZZZ,https://www.topjobs.lk/applicant/JobAdvertismentServlet?AC=JOBADVERT&EC=DEFZZZ&JC=0001492825
1492823,"IT Asset Analyst (Malabe) / IT Support Associates / Specialists (Malabe, Pannala, Hanwella, Wattala, Pallekella & Mahiyanganaya)",SevenX Lanka (Pvt) Ltd,Please refer the vacancy,Mon May 04 2026,Fri May 08 2026,0001492823,DEFZZZ,https://www.topjobs.lk/applicant/JobAdvertismentServlet?AC=JOBADVERT&EC=DEFZZZ&JC=0001492823
1492795,Assistant Accountant  (Work From Home),My Books,Please refer the vacancy,Mon May 04 2026,Fri May 08 2026,0001492795,DEFZZZ,https://www.topjobs.lk/applicant/JobAdvertismentServlet?AC=JOBADVERT&EC=DEFZZZ&JC=0001492795
1492763,Senior Sales Executive - Institutional Sales (1),McLarens Holdings Limited,Please click on the Vacancy Image and Apply (Use this for Job Description For jobs that we will be guiding them to our company website),Mon May 04 2026,Sat May 16 2026,0001492763,0000000026,https://www.topjobs.lk/applicant/JobAdvertismentServlet?AC=JOBADVERT&EC=0000000026&JC=0001492763
1492744,System Administrator / Intern - System Administrator,Capsicum Labs,Please refer the vacancy,Mon May 04 2026,Fri May 08 2026,0001492744,DEFZZZ,https://www.topjobs.lk/applicant/JobAdvertismentServlet?AC=JOBADVERT&EC=DEFZZZ&JC=0001492744
1492722,Boiler Operator - Class I,Econopack Industries (Pvt) Ltd,Please refer the vacancy,Mon May 04 2026,Fri May 08 2026,0001492722,DEFZZZ,https://www.topjobs.lk/applicant/JobAdvertismentServlet?AC=JOBADVERT&EC=DEFZZZ&JC=0001492722
1492709,Personal Assistant to the CEO-Rathmalana (1),Konnect Net Pvt Ltd,Please refer the advert,Mon May 04 2026,Fri May 08 2026,0001492709,0000000505,https://www.topjobs.lk/applicant/JobAdvertismentServlet?AC=JOBADVERT&EC=0000000505&JC=0001492709
1492702,Senior Executive /Assistant Accountant - Costing (Garment Manufacturing) Panadura (1),Konnect Net Pvt Ltd,Please refer the advert,Mon May 04 2026,Thu May 07 2026,0001492702,0000000505,https://www.topjobs.lk/applicant/JobAdvertismentServlet?AC=JOBADVERT&EC=0000000505&JC=0001492702
1492643,Intern - Backend,Epic Lanka (Pvt) Ltd,Please refer the vacancy,Mon May 04 2026,Thu May 07 2026,0001492643,0000000651,https://www.topjobs.lk/applicant/JobAdvertismentServlet?AC=JOBADVERT&EC=0000000651&JC=0001492643
1492581,Sales Executives (Ratmalana),Elcardo Industries (Pvt) Ltd,Please refer the vacancy,Mon May 04 2026,Thu May 07 2026,0001492581,DEFZZZ,https://www.topjobs.lk/applicant/JobAdvertismentServlet?AC=JOBADVERT&EC=DEFZZZ&JC=0001492581
1492545,Procurement & Stores Control Executive,"The Bungalow & The Archives Boutique Hotel , Restaurant & Bar - Galle fort",Please refer the vacancy,Mon May 04 2026,Thu May 07 2026,0001492545,DEFZZZ,https://www.topjobs.lk/applicant/JobAdvertismentServlet?AC=JOBADVERT&EC=DEFZZZ&JC=0001492545
1492527,Process Engineer,H20 One (Pvt) Ltd,Please refer the vacancy,Mon May 04 2026,Thu May 07 2026,0001492527,DEFZZZ,https://www.topjobs.lk/applicant/JobAdvertismentServlet?AC=JOBADVERT&EC=DEFZZZ&JC=0001492527
1492339,Assistant Front Office Manager,Otherland Galle,Please refer the vacancy,Mon May 04 2026,Thu May 07 2026,0001492339,DEFZZZ,https://www.topjobs.lk/applicant/JobAdvertismentServlet?AC=JOBADVERT&EC=DEFZZZ&JC=0001492339
1492325,Kitchen Vacancies,Otherland Galle,Please refer the vacancy,Mon May 04 2026,Thu May 07 2026,0001492325,DEFZZZ,https://www.topjobs.lk/applicant/JobAdvertismentServlet?AC=JOBADVERT&EC=DEFZZZ&JC=0001492325
1492253,Digital Marketing Executive,Logistics Engineering (Pvt) Ltd,Please refer the vacancy,Mon May 04 2026,Thu May 07 2026,0001492253,DEFZZZ,https://www.topjobs.lk/applicant/JobAdvertismentServlet?AC=JOBADVERT&EC=DEFZZZ&JC=0001492253
1492222,Receptionist | Nail Technicians,SOLE by Thilhara,Please refer the vacancy,Mon May 04 2026,Thu May 07 2026,0001492222,DEFZZZ,https://www.topjobs.lk/applicant/JobAdvertismentServlet?AC=JOBADVERT&EC=DEFZZZ&JC=0001492222
1492188,Trainee Accounts Assistant,Hotel Thilhara (Pvt) Ltd,Please refer the vacancy,Mon May 04 2026,Thu May 07 2026,0001492188,DEFZZZ,https://www.topjobs.lk/applicant/JobAdvertismentServlet?AC=JOBADVERT&EC=DEFZZZ&JC=0001492188
1492182,Housekeeping - Room Boy | Security Officers | All Rounders (HK & Receptionists),Thilhara Colombo,Please refer the vacancy,Mon May 04 2026,Thu May 07 2026,0001492182,DEFZZZ,https://www.topjobs.lk/applicant/JobAdvertismentServlet?AC=JOBADVERT&EC=DEFZZZ&JC=0001492182
1492066,Engineer - QA | QC | Quantity Surveyors | Trainee - Civil Engineering,Vonlan Constructions (Pvt) Ltd,Please refer the vacancy,Mon May 04 2026,Wed May 06 2026,0001492066,DEFZZZ,https://www.topjobs.lk/applicant/JobAdvertismentServlet?AC=JOBADVERT&EC=DEFZZZ&JC=0001492066
1492058,Sales Executives | Trainee Sales Representatives,Pasindu Associates,Please refer the vacancy,Mon May 04 2026,Wed May 06 2026,0001492058,DEFZZZ,https://www.topjobs.lk/applicant/JobAdvertismentServlet?AC=JOBADVERT&EC=DEFZZZ&JC=0001492058
1492051,Receptionist,Merchant Bank of Sri Lanka & Finance PLC,Please refer the vacancy,Mon May 04 2026,Wed May 06 2026,0001492051,DEFZZZ,https://www.topjobs.lk/applicant/JobAdvertismentServlet?AC=JOBADVERT&EC=DEFZZZ&JC=0001492051
1491992,Chef / Manager (Catering),Company Name Withheld,Please refer the vacancy,Mon May 04 2026,Wed May 06 2026,0001491992,DEFZZZ,https://www.topjobs.lk/applicant/JobAdvertismentServlet?AC=JOBADVERT&EC=DEFZZZ&JC=0001491992
1491969,Accounts Executive - Female,Amaran Medicenter (Pvt) Ltd,Please refer the vacancy,Mon May 04 2026,Wed May 06 2026,0001491969,DEFZZZ,https://www.topjobs.lk/applicant/JobAdvertismentServlet?AC=JOBADVERT&EC=DEFZZZ&JC=0001491969
1491842,Microbiologist - Microbiology Laboratory,Watercare Technologies (Pvt) Ltd,Please refer the vacancy,Mon May 04 2026,Wed May 06 2026,0001491842,DEFZZZ,https://www.topjobs.lk/applicant/JobAdvertismentServlet?AC=JOBADVERT&EC=DEFZZZ&JC=0001491842
1491801,Front Office Sales Executives,Cambridge College of Linguistics & Education,Please refer the vacancy,Mon May 04 2026,Wed May 06 2026,0001491801,DEFZZZ,https://www.topjobs.lk/applicant/JobAdvertismentServlet?AC=JOBADVERT&EC=DEFZZZ&JC=0001491801
1491785,Lecturer | Assistant Lecturer (English),Cambridge College of Linguistics & Education (Pvt) Ltd,Please refer the vacancy,Mon May 04 2026,Wed May 06 2026,0001491785,DEFZZZ,https://www.topjobs.lk/applicant/JobAdvertismentServlet?AC=JOBADVERT&EC=DEFZZZ&JC=0001491785
1491747,Jewellery Designer,Ariyawansa Jewellers and Investment,Please refer the vacancy,Mon May 04 2026,Wed May 06 2026,0001491747,DEFZZZ,https://www.topjobs.lk/applicant/JobAdvertismentServlet?AC=JOBADVERT&EC=DEFZZZ&JC=0001491747
1491727,Branch Manager,Cambridge College of Linguistics & Education,Please refer the vacancy,Mon May 04 2026,Wed May 06 2026,0001491727,DEFZZZ,https://www.topjobs.lk/applicant/JobAdvertismentServlet?AC=JOBADVERT&EC=DEFZZZ&JC=0001491727
1491724,Office Assistant,V S Information Systems (Pvt) Ltd,Please refer the vacancy,Mon May 04 2026,Wed May 06 2026,0001491724,DEFZZZ,https://www.topjobs.lk/applicant/JobAdvertismentServlet?AC=JOBADVERT&EC=DEFZZZ&JC=0001491724
1491721,Customer Support Executive / Assistant (IT Support),V S Information Systems (Pvt) Ltd,Please refer the vacancy,Mon May 04 2026,Wed May 06 2026,0001491721,DEFZZZ,https://www.topjobs.lk/applicant/JobAdvertismentServlet?AC=JOBADVERT&EC=DEFZZZ&JC=0001491721
1491629,Senior Site Engineer,Grand Apartments (Pvt) Ltd,Please refer the vacancy,Mon May 04 2026,Wed May 06 2026,0001491629,DEFZZZ,https://www.topjobs.lk/applicant/JobAdvertismentServlet?AC=JOBADVERT&EC=DEFZZZ&JC=0001491629
1491626,Senior Quantity Surveyor,Grand Apartments (Pvt) Ltd,Please refer the vacancy,Mon May 04 2026,Wed May 06 2026,0001491626,DEFZZZ,https://www.topjobs.lk/applicant/JobAdvertismentServlet?AC=JOBADVERT&EC=DEFZZZ&JC=0001491626
1491592,Industrial Engineering Manager (IEM) | IE Manager,Sithma Packaging,Offset Printing & Packaging Industry,Mon May 04 2026,Wed May 06 2026,0001491592,DEFZZZ,https://www.topjobs.lk/applicant/JobAdvertismentServlet?AC=JOBADVERT&EC=DEFZZZ&JC=0001491592
1491584,Cost Accountants,Sithma Packaging,Offset Printing & Packaging Industry,Mon May 04 2026,Wed May 06 2026,0001491584,DEFZZZ,https://www.topjobs.lk/applicant/JobAdvertismentServlet?AC=JOBADVERT&EC=DEFZZZ&JC=0001491584
1491583,Accounts Senior Executive - Colombo,Ceylon Exports & Trading (Pvt) Ltd,Please refer the vacancy,Mon May 04 2026,Wed May 06 2026,0001491583,DEFZZZ,https://www.topjobs.lk/applicant/JobAdvertismentServlet?AC=JOBADVERT&EC=DEFZZZ&JC=0001491583
1491344,Restaurant Vacancies,Company Name Withheld,Please refer the vacancy,Mon May 04 2026,Tue May 05 2026,0001491344,DEFZZZ,https://www.topjobs.lk/applicant/JobAdvertismentServlet?AC=JOBADVERT&EC=DEFZZZ&JC=0001491344
1491295,Assistant Accountant,Eureka Technology Partners (Pvt) Ltd,Please refer the vacancy,Mon May 04 2026,Tue May 05 2026,0001491295,DEFZZZ,https://www.topjobs.lk/applicant/JobAdvertismentServlet?AC=JOBADVERT&EC=DEFZZZ&JC=0001491295
1491293,Senior Executive - Supply Chain & Logistics (On Site - Colombo 06),VS One World (Pvt) Ltd,Please refer the vacancy,Mon May 04 2026,Tue May 05 2026,0001491293,DEFZZZ,https://www.topjobs.lk/applicant/JobAdvertismentServlet?AC=JOBADVERT&EC=DEFZZZ&JC=0001491293
1491203,Oracle Cloud Database - Senior Engineer | Tech Lead,Twixia Tech,Please refer the vacancy,Mon May 04 2026,Tue May 05 2026,0001491203,DEFZZZ,https://www.topjobs.lk/applicant/JobAdvertismentServlet?AC=JOBADVERT&EC=DEFZZZ&JC=0001491203
1491201,Oracle Workflow & BPM - Senior Developer | Lead,Twixia Tech,Please refer the vacancy,Mon May 04 2026,Tue May 05 2026,0001491201,DEFZZZ,https://www.topjobs.lk/applicant/JobAdvertismentServlet?AC=JOBADVERT&EC=DEFZZZ&JC=0001491201
1491197,Oracle (EBS | Fusion) - Senior | Lead Consultant,Twixia Tech,Please refer the vacancy,Mon May 04 2026,Tue May 05 2026,0001491197,DEFZZZ,https://www.topjobs.lk/applicant/JobAdvertismentServlet?AC=JOBADVERT&EC=DEFZZZ&JC=0001491197
1491194,Oracle APEX | VBCS - Senior Developer | Lead,Twixia Tech,Please refer the vacancy,Mon May 04 2026,Tue May 05 2026,0001491194,DEFZZZ,https://www.topjobs.lk/applicant/JobAdvertismentServlet?AC=JOBADVERT&EC=DEFZZZ&JC=0001491194
1491181,Oracle (OIC | SOA) - Senior | Lead Consultant,Twixia Tech,Please refer the vacancy,Mon May 04 2026,Tue May 05 2026,0001491181,DEFZZZ,https://www.topjobs.lk/applicant/JobAdvertismentServlet?AC=JOBADVERT&EC=DEFZZZ&JC=0001491181
1491164,Assistant Accountant,Ceylon Catch (Pvt) Ltd,Please refer the vacancy,Mon May 04 2026,Tue May 05 2026,0001491164,DEFZZZ,https://www.topjobs.lk/applicant/JobAdvertismentServlet?AC=JOBADVERT&EC=DEFZZZ&JC=0001491164
1491101,Audit Trainee,NM Associates (Chartered Accountants),Please refer the vacancy,Mon May 04 2026,Tue May 05 2026,0001491101,DEFZZZ,https://www.topjobs.lk/applicant/JobAdvertismentServlet?AC=JOBADVERT&EC=DEFZZZ&JC=0001491101
1491093,Senior Executive - Administration,FLi Hotels & Resorts,Please refer the vacancy,Mon May 04 2026,Tue May 05 2026,0001491093,DEFZZZ,https://www.topjobs.lk/applicant/JobAdvertismentServlet?AC=JOBADVERT&EC=DEFZZZ&JC=0001491093
1491072,Executive - Student Recruitment,IIMT Campus,Please refer the vacancy,Mon May 04 2026,Tue May 05 2026,0001491072,DEFZZZ,https://www.topjobs.lk/applicant/JobAdvertismentServlet?AC=JOBADVERT&EC=DEFZZZ&JC=0001491072
1491050,Accounts Executive,Star Agencies Lanka (Pvt) Ltd,Please refer the vacancy,Mon May 04 2026,Tue May 05 2026,0001491050,DEFZZZ,https://www.topjobs.lk/applicant/JobAdvertismentServlet?AC=JOBADVERT&EC=DEFZZZ&JC=0001491050
1491011,Head of Culinary,W15 Collection,Please refer the vacancy,Mon May 04 2026,Tue May 05 2026,0001491011,DEFZZZ,https://www.topjobs.lk/applicant/JobAdvertismentServlet?AC=JOBADVERT&EC=DEFZZZ&JC=0001491011
1490968,Data Insight Specialist,Greenpeace South Asia,Please refer the vacancy,Mon May 04 2026,Tue May 05 2026,0001490968,DEFZZZ,https://www.topjobs.lk/applicant/JobAdvertismentServlet?AC=JOBADVERT&EC=DEFZZZ&JC=0001490968
1490966,Community Organizer,Greenpeace South Asia,Please refer the vacancy,Mon May 04 2026,Tue May 05 2026,0001490966,DEFZZZ,https://www.topjobs.lk/applicant/JobAdvertismentServlet?AC=JOBADVERT&EC=DEFZZZ&JC=0001490966
1490965,Fundraising Officer ( HNI & UHNI),Greenpeace South Asia,Please refer the vacancy,Mon May 04 2026,Tue May 05 2026,0001490965,DEFZZZ,https://www.topjobs.lk/applicant/JobAdvertismentServlet?AC=JOBADVERT&EC=DEFZZZ&JC=0001490965
1490955,JUNIOR QUALITY ASSURANCE EXECUTIVE / QUALITY ASSURANCE EXECUTIVE-Wadduwa (Male) (FMCG) (1),Konnect Net Pvt Ltd,Please refer the advert,Mon May 04 2026,Sat May 09 2026,0001490955,0000000505,https://www.topjobs.lk/applicant/JobAdvertismentServlet?AC=JOBADVERT&EC=0000000505&JC=0001490955
1490954,Assistant Quality Assurance Manager (FMCG/Food & Beverages)-Ekala (1),Konnect Net Pvt Ltd,Please refer the advert,Mon May 04 2026,Sat May 09 2026,0001490954,0000000505,https://www.topjobs.lk/applicant/JobAdvertismentServlet?AC=JOBADVERT&EC=0000000505&JC=0001490954
1490952,Management Accountant-Peliyagoda (1),Konnect Net Pvt Ltd,Please refer the advert,Mon May 04 2026,Sat May 09 2026,0001490952,0000000505,https://www.topjobs.lk/applicant/JobAdvertismentServlet?AC=JOBADVERT&EC=0000000505&JC=0001490952
1490914,Production Executive (Night Shift) - Male,Intelligent Image Management Lanka (Pvt) Ltd (IIML),Please refer the vacancy,Mon May 04 2026,Mon May 04 2026,0001490914,DEFZZZ,https://www.topjobs.lk/applicant/JobAdvertismentServlet?AC=JOBADVERT&EC=DEFZZZ&JC=0001490914
1490895,Senior Personal Tax Consultant,Numerix (Pvt) Ltd,Please refer the vacancy,Mon May 04 2026,Mon May 04 2026,0001490895,DEFZZZ,https://www.topjobs.lk/applicant/JobAdvertismentServlet?AC=JOBADVERT&EC=DEFZZZ&JC=0001490895
1490887,Senior Tax Consultant,Numerix (Pvt) Ltd,Please refer the vacancy,Mon May 04 2026,Mon May 04 2026,0001490887,DEFZZZ,https://www.topjobs.lk/applicant/JobAdvertismentServlet?AC=JOBADVERT&EC=DEFZZZ&JC=0001490887
1490883,Intern | Junior - HR & Admin,Numerix (Pvt) Ltd,Please refer the vacancy,Mon May 04 2026,Mon May 04 2026,0001490883,DEFZZZ,https://www.topjobs.lk/applicant/JobAdvertismentServlet?AC=JOBADVERT&EC=DEFZZZ&JC=0001490883
1490764,AI Engineer,Accura Tech (Pvt) Ltd,Please refer the vacancy,Mon May 04 2026,Mon May 04 2026,0001490764,DEFZZZ,https://www.topjobs.lk/applicant/JobAdvertismentServlet?AC=JOBADVERT&EC=DEFZZZ&JC=0001490764
1490761,Graphic Designer,AAT Sri Lanka,Please refer the vacancy,Mon May 04 2026,Mon May 04 2026,0001490761,DEFZZZ,https://www.topjobs.lk/applicant/JobAdvertismentServlet?AC=JOBADVERT&EC=DEFZZZ&JC=0001490761
1490618,Senior Sales Executive - Colombo | Kandy,GIVA,Please refer the vacancy,Mon May 04 2026,Mon May 04 2026,0001490618,DEFZZZ,https://www.topjobs.lk/applicant/JobAdvertismentServlet?AC=JOBADVERT&EC=DEFZZZ&JC=0001490618
1490616,Retail Marketing Associate,GIVA,Please refer the vacancy,Mon May 04 2026,Mon May 04 2026,0001490616,DEFZZZ,https://www.topjobs.lk/applicant/JobAdvertismentServlet?AC=JOBADVERT&EC=DEFZZZ&JC=0001490616
1490614,Visual Merchandiser,GIVA,Please refer the vacancy,Mon May 04 2026,Mon May 04 2026,0001490614,DEFZZZ,https://www.topjobs.lk/applicant/JobAdvertismentServlet?AC=JOBADVERT&EC=DEFZZZ&JC=0001490614
1490551,Full Stack .Net Engineer (1),CMS (Pvt) Ltd,Please click on the job advertisement to apply,Mon May 04 2026,Tue May 12 2026,0001490551,0000000350,https://www.topjobs.lk/applicant/JobAdvertismentServlet?AC=JOBADVERT&EC=0000000350&JC=0001490551
1490547,Customer Service Associate,Talentshell.US (Pvt) Ltd,Please refer the vacancy,Mon May 04 2026,Mon May 04 2026,0001490547,DEFZZZ,https://www.topjobs.lk/applicant/JobAdvertismentServlet?AC=JOBADVERT&EC=DEFZZZ&JC=0001490547
1490544,Customer Service Associate,Talentshell.US (Pvt) Ltd,Please refer the vacancy,Mon May 04 2026,Mon May 04 2026,0001490544,DEFZZZ,https://www.topjobs.lk/applicant/JobAdvertismentServlet?AC=JOBADVERT&EC=DEFZZZ&JC=0001490544
1490540,Junior Finance Executive,Intrepid Colombo,Please refer the vacancy,Mon May 04 2026,Mon May 04 2026,0001490540,DEFZZZ,https://www.topjobs.lk/applicant/JobAdvertismentServlet?AC=JOBADVERT&EC=DEFZZZ&JC=0001490540
1489795,Senior Team Leader - Airfares & Ticketing,Global Travel Systems (Pvt) Ltd,"Strong GDS Knowledge, Practical Airfare & Ticketing Experience & Senior Leadership Responsibilities.",Mon May 04 2026,Thu May 14 2026,0001489795,DEFZZZ,https://www.topjobs.lk/applicant/JobAdvertismentServlet?AC=JOBADVERT&EC=DEFZZZ&JC=0001489795
1489788,Senior Team Leader - Airfares & Ticketing,Global Travel Systems (Pvt) Ltd,"Strong GDS Knowledge, Practical Airfare & Ticketing Experience & Senior Leadership Responsibilities.",Mon May 04 2026,Thu May 14 2026,0001489788,DEFZZZ,https://www.topjobs.lk/applicant/JobAdvertismentServlet?AC=JOBADVERT&EC=DEFZZZ&JC=0001489788
1489567,Senior Executive Colorist -Biyagama  (1),Konnect Net Pvt Ltd,Please refer the advert,Mon May 04 2026,Sat May 09 2026,0001489567,0000000505,https://www.topjobs.lk/applicant/JobAdvertismentServlet?AC=JOBADVERT&EC=0000000505&JC=0001489567
1489215,Room Attendant (1),Southbeach Weligama,Please refer the advert.,Mon May 04 2026,Fri May 15 2026,0001489215,0000000712,https://www.topjobs.lk/applicant/JobAdvertismentServlet?AC=JOBADVERT&EC=0000000712&JC=0001489215
1489062,Travel Executive - Trainee,Beauty Lanka Travels Private Limited,Please refer the vacancy,Mon May 04 2026,Sun May 10 2026,0001489062,DEFZZZ,https://www.topjobs.lk/applicant/JobAdvertismentServlet?AC=JOBADVERT&EC=DEFZZZ&JC=0001489062
1488744,Executive - Store (1),McLarens Holdings Limited,Please click on the Vacancy Image and Apply (Use this for Job Description For jobs that we will be guiding them to our company website),Mon May 04 2026,Fri May 15 2026,0001488744,0000000026,https://www.topjobs.lk/applicant/JobAdvertismentServlet?AC=JOBADVERT&EC=0000000026&JC=0001488744
1488497,Executive/Junior Executive - MCC Support (1),McLarens Holdings Limited,Please click on the Vacancy Image and Apply (Use this for Job Description For jobs that we will be guiding them to our company website),Mon May 04 2026,Fri May 15 2026,0001488497,0000000026,https://www.topjobs.lk/applicant/JobAdvertismentServlet?AC=JOBADVERT&EC=0000000026&JC=0001488497
1488484,System Administrator  (1),Goodhope Asia Holdings Ltd,"Minimum 5 years' experience in a similar role. Bachelor's Degree in Information Technology, Networking, IT Security or equivalent. Product certifications f ....",Mon May 04 2026,Sun May 17 2026,0001488484,0000000486,https://www.topjobs.lk/applicant/JobAdvertismentServlet?AC=JOBADVERT&EC=0000000486&JC=0001488484
1488420,System Administrator  (1),Goodhope Asia Holdings Ltd,"Minimum 5 years' experience in a similar role. Bachelor's Degree in Information Technology, Networking, IT Security or equivalent. Product certifications f ....",Mon May 04 2026,Sun May 17 2026,0001488420,0000000486,https://www.topjobs.lk/applicant/JobAdvertismentServlet?AC=JOBADVERT&EC=0000000486&JC=0001488420
1488276,Senior Logistics Executive,DPO Lanka (Pvt) Ltd,Please refer the vacancy,Mon May 04 2026,Fri May 08 2026,0001488276,DEFZZZ,https://www.topjobs.lk/applicant/JobAdvertismentServlet?AC=JOBADVERT&EC=DEFZZZ&JC=0001488276
1487411,Associate Software Engineer/Software Engineer - Business Intelligence & Analytics (1),Goodhope Asia Holdings Ltd,"1 -2 years' experience in a similar role, with a degree in Computer Science/Software Engineering",Mon May 04 2026,Sun May 17 2026,0001487411,0000000486,https://www.topjobs.lk/applicant/JobAdvertismentServlet?AC=JOBADVERT&EC=0000000486&JC=0001487411
1487076,"Occupational Health & Safety Executive-Peliyagoda (FMCG,Food & Beverages) (1)",Konnect Net Pvt Ltd,Please refer the advert,Mon May 04 2026,Sat May 09 2026,0001487076,0000000505,https://www.topjobs.lk/applicant/JobAdvertismentServlet?AC=JOBADVERT&EC=0000000505&JC=0001487076
1486592,Accountant -Rajagiriya (ICALS/CIMA) (1),Konnect Net Pvt Ltd,Please refer the advert,Mon May 04 2026,Sat May 09 2026,0001486592,0000000505,https://www.topjobs.lk/applicant/JobAdvertismentServlet?AC=JOBADVERT&EC=0000000505&JC=0001486592
1486591,"Brand Manager Colombo (FMCG,Food & Beverages) (1)",Konnect Net Pvt Ltd,Please refer the advert,Mon May 04 2026,Sat May 09 2026,0001486591,0000000505,https://www.topjobs.lk/applicant/JobAdvertismentServlet?AC=JOBADVERT&EC=0000000505&JC=0001486591
1486082,Technician  (1),McLarens Holdings Limited,Please refer the advertisement.,Mon May 04 2026,Fri May 15 2026,0001486082,0000000026,https://www.topjobs.lk/applicant/JobAdvertismentServlet?AC=JOBADVERT&EC=0000000026&JC=0001486082
1485104,Manager - P & I (1),McLarens Holdings Limited,Please click on the Vacancy Image and Apply (Use this for Job Description For jobs that we will be guiding them to our company website),Mon May 04 2026,Fri May 15 2026,0001485104,0000000026,https://www.topjobs.lk/applicant/JobAdvertismentServlet?AC=JOBADVERT&EC=0000000026&JC=0001485104
1485055,Senior Executive HR Performance Management-Colombo (1),Konnect Net Pvt Ltd,Please refer the advert,Mon May 04 2026,Sat May 09 2026,0001485055,0000000505,https://www.topjobs.lk/applicant/JobAdvertismentServlet?AC=JOBADVERT&EC=0000000505&JC=0001485055
1484520,Junior Associate - Finance Operations,Hayleys Group,"Click on the flyer to apply.
Join the World of Hayleys.",Mon May 04 2026,Mon May 18 2026,0001484520,0000000495,https://www.topjobs.lk/applicant/JobAdvertismentServlet?AC=JOBADVERT&EC=0000000495&JC=0001484520
1481532,Executive Finance (1),McLarens Holdings Limited,Please click on the Vacancy Image and Apply (Use this for Job Description For jobs that we will be guiding them to our company website),Mon May 04 2026,Fri May 15 2026,0001481532,0000000026,https://www.topjobs.lk/applicant/JobAdvertismentServlet?AC=JOBADVERT&EC=0000000026&JC=0001481532
1480707,Executive - Commercial & Marketing (1),McLarens Holdings Limited,Please click on the Vacancy Image and Apply (Use this for Job Description For jobs that we will be guiding them to our company website),Mon May 04 2026,Fri May 15 2026,0001480707,0000000026,https://www.topjobs.lk/applicant/JobAdvertismentServlet?AC=JOBADVERT&EC=0000000026&JC=0001480707
1478758,Executive -Warehouse & Supply Planning-Ragama (1),Konnect Net Pvt Ltd,Please refer the advert.,Mon May 04 2026,Sat May 09 2026,0001478758,0000000505,https://www.topjobs.lk/applicant/JobAdvertismentServlet?AC=JOBADVERT&EC=0000000505&JC=0001478758
1478673,Senior Executive/Executive - Marine Talent Acquisition (1),McLarens Holdings Limited,Please click on the Vacancy Image and Apply (Use this for Job Description For jobs that we will be guiding them to our company website),Mon May 04 2026,Fri May 15 2026,0001478673,0000000026,https://www.topjobs.lk/applicant/JobAdvertismentServlet?AC=JOBADVERT&EC=0000000026&JC=0001478673
1477700,Senior Executive - Operations (1),McLarens Holdings Limited,Please click on the Vacancy Image and Apply (Use this for Job Description For jobs that we will be guiding them to our company website),Mon May 04 2026,Fri May 15 2026,0001477700,0000000026,https://www.topjobs.lk/applicant/JobAdvertismentServlet?AC=JOBADVERT&EC=0000000026&JC=0001477700
1477323,Credit Control Coordinator (1),Debug Group of Companies,Please refer the advertisement,Mon May 04 2026,Mon May 18 2026,0001477323,0000000338,https://www.topjobs.lk/applicant/JobAdvertismentServlet?AC=JOBADVERT&EC=0000000338&JC=0001477323
1477097,ASSISTANT MANAGER RESEARCH AND DEVELOPMENT-GAMPAHA (1),Konnect Net Pvt Ltd,"Please refer the advert 
Salary 250K-350K (Negotiable)",Mon May 04 2026,Sat May 09 2026,0001477097,0000000505,https://www.topjobs.lk/applicant/JobAdvertismentServlet?AC=JOBADVERT&EC=0000000505&JC=0001477097
1470737,Accountant (Manager Level) (1),McLarens Holdings Limited,Please click on the Vacancy Image and Apply (Use this for Job Description For jobs that we will be guiding them to our company website),Mon May 04 2026,Fri May 15 2026,0001470737,0000000026,https://www.topjobs.lk/applicant/JobAdvertismentServlet?AC=JOBADVERT&EC=0000000026&JC=0001470737
1460440,Senior Executive - Sales (Sea Exports) (1),McLarens Holdings Limited,Please click on the Vacancy Image and Apply (Use this for Job Description For jobs that we will be guiding them to our company website),Mon May 04 2026,Fri May 15 2026,0001460440,0000000026,https://www.topjobs.lk/applicant/JobAdvertismentServlet?AC=JOBADVERT&EC=0000000026&JC=0001460440
1455612,Associate Project Manager  (1),CMS (Pvt) Ltd,Please click on the advertisement to apply,Mon May 04 2026,Tue May 12 2026,0001455612,0000000350,https://www.topjobs.lk/applicant/JobAdvertismentServlet?AC=JOBADVERT&EC=0000000350&JC=0001455612
1455608,Associate Project Manager  (1),CMS (Pvt) Ltd,Please click on the advertisement to apply,Mon May 04 2026,Tue May 12 2026,0001455608,0000000350,https://www.topjobs.lk/applicant/JobAdvertismentServlet?AC=JOBADVERT&EC=0000000350&JC=0001455608
1444422,General Manager Commercial (Shipping Sector) (1),McLarens Holdings Limited,Please click on the Vacancy Image and Apply (Use this for Job Description For jobs that we will be guiding them to our company website),Mon May 04 2026,Fri May 15 2026,0001444422,0000000026,https://www.topjobs.lk/applicant/JobAdvertismentServlet?AC=JOBADVERT&EC=0000000026&JC=0001444422
1421034,Senior SQL Developer (1),CMS (Pvt) Ltd,Please click on the advertisement to apply,Mon May 04 2026,Tue May 12 2026,0001421034,0000000350,https://www.topjobs.lk/applicant/JobAdvertismentServlet?AC=JOBADVERT&EC=0000000350&JC=0001421034
1420855,Big Data Engineer (1),CMS (Pvt) Ltd,Please click on the advertisement to apply,Mon May 04 2026,Wed May 13 2026,0001420855,0000000350,https://www.topjobs.lk/applicant/JobAdvertismentServlet?AC=JOBADVERT&EC=0000000350&JC=0001420855
1495776,Plant Operator (1),Sumathi Group,Please refer to the job advertisement.,Sun May 03 2026,Sun May 17 2026,0001495776,0000000555,https://www.topjobs.lk/applicant/JobAdvertismentServlet?AC=JOBADVERT&EC=0000000555&JC=0001495776
1495775,Intern - Merchandising (1),MAS Holdings,Please click on the image to apply,Sun May 03 2026,Thu May 07 2026,0001495775,0000000111,https://www.topjobs.lk/applicant/JobAdvertismentServlet?AC=JOBADVERT&EC=0000000111&JC=0001495775
1495774,Intern - Merchandising (1),MAS Holdings,Please click on the image to apply,Sun May 03 2026,Thu May 07 2026,0001495774,0000000111,https://www.topjobs.lk/applicant/JobAdvertismentServlet?AC=JOBADVERT&EC=0000000111&JC=0001495774
1495772,Project Engineer MEP - Colombo (1),JKH Property Group,Please refer the job advert.,Sun May 03 2026,Sun May 10 2026,0001495772,0000000312,https://www.topjobs.lk/applicant/JobAdvertismentServlet?AC=JOBADVERT&EC=0000000312&JC=0001495772
1495771,ELV Engineer (1),JKH Property Group,Please refer to the job advert.,Sun May 03 2026,Sun May 10 2026,0001495771,0000000312,https://www.topjobs.lk/applicant/JobAdvertismentServlet?AC=JOBADVERT&EC=0000000312&JC=0001495771
1495770,Assistant Storekeeper - (Ja -Ela) (1),JKH Property Group,Please refer to the job advert.,Sun May 03 2026,Sun May 10 2026,0001495770,0000000312,https://www.topjobs.lk/applicant/JobAdvertismentServlet?AC=JOBADVERT&EC=0000000312&JC=0001495770
1495769,Draughtsman - (Colombo) (1),JKH Property Group,Please refer to the job advert.,Sun May 03 2026,Sun May 10 2026,0001495769,0000000312,https://www.topjobs.lk/applicant/JobAdvertismentServlet?AC=JOBADVERT&EC=0000000312&JC=0001495769
1495768,Site Engineer - (Ja ela) (1),JKH Property Group,Please refer the job advert.,Sun May 03 2026,Sun May 10 2026,0001495768,0000000312,https://www.topjobs.lk/applicant/JobAdvertismentServlet?AC=JOBADVERT&EC=0000000312&JC=0001495768
1495767,Intern - Civil (Ja ela) (1),JKH Property Group,Please refer the job advert.,Sun May 03 2026,Sun May 10 2026,0001495767,0000000312,https://www.topjobs.lk/applicant/JobAdvertismentServlet?AC=JOBADVERT&EC=0000000312&JC=0001495767
1495766,Quantity Surveyor - MEP (Ja Ela) (1),JKH Property Group,Please refer the job advert.,Sun May 03 2026,Sun May 10 2026,0001495766,0000000312,https://www.topjobs.lk/applicant/JobAdvertismentServlet?AC=JOBADVERT&EC=0000000312&JC=0001495766
1495765,Senior Executive / Assistant Manager - KPI Management (1),D.Samson & Sons Ltd,Please refer the advertisement,Sun May 03 2026,Sun May 17 2026,0001495765,0000000241,https://www.topjobs.lk/applicant/JobAdvertismentServlet?AC=JOBADVERT&EC=0000000241&JC=0001495765
1495764,Assistant - Payroll & HR Services (1),Sumathi Group,Please refer to the job advertisement.,Sun May 03 2026,Sun May 17 2026,0001495764,0000000555,https://www.topjobs.lk/applicant/JobAdvertismentServlet?AC=JOBADVERT&EC=0000000555&JC=0001495764
1495406,Chief Manager - Technology Risk,People's Bank,Please refer the vacancy,Sun May 03 2026,Mon May 18 2026,0001495406,DEFZZZ,https://www.topjobs.lk/applicant/JobAdvertismentServlet?AC=JOBADVERT&EC=DEFZZZ&JC=0001495406
1494629,Management Trainee Marketing-Colombo 2  (1),Konnect Net Pvt Ltd,Please refer the advert,Sun May 03 2026,Tue May 05 2026,0001494629,0000000505,https://www.topjobs.lk/applicant/JobAdvertismentServlet?AC=JOBADVERT&EC=0000000505&JC=0001494629
1494628,Sales Manager/Assistant Sales Manager (Vehicle) (1),Konnect Net Pvt Ltd,Please refer the advert,Sun May 03 2026,Tue May 12 2026,0001494628,0000000505,https://www.topjobs.lk/applicant/JobAdvertismentServlet?AC=JOBADVERT&EC=0000000505&JC=0001494628
1494626,Manager Human Resources -Colombo (Automobile) (1),Konnect Net Pvt Ltd,Please refer the advert,Sun May 03 2026,Tue May 12 2026,0001494626,0000000505,https://www.topjobs.lk/applicant/JobAdvertismentServlet?AC=JOBADVERT&EC=0000000505&JC=0001494626
1494093,CHIEF FINANCIAL OFFICER (CONSTRUCTION/REAL ESTTAE)-COLOMBO (1),Konnect Net Pvt Ltd,Please refer the advert,Sun May 03 2026,Tue May 05 2026,0001494093,0000000505,https://www.topjobs.lk/applicant/JobAdvertismentServlet?AC=JOBADVERT&EC=0000000505&JC=0001494093
1493479,Intern - Finance-Ragama (MALE) (1),Konnect Net Pvt Ltd,"Please refer the advert.
Should be a Male Candidate",Sun May 03 2026,Mon May 04 2026,0001493479,0000000505,https://www.topjobs.lk/applicant/JobAdvertismentServlet?AC=JOBADVERT&EC=0000000505&JC=0001493479
1493082,Intern - Talent  (1),Deloitte,Click on the advert to apply.,Sun May 03 2026,Sun May 31 2026,0001493082,0000000410,https://www.topjobs.lk/applicant/JobAdvertismentServlet?AC=JOBADVERT&EC=0000000410&JC=0001493082
1493029,QA Executive Pharmaceutical -Colombo  (1),Konnect Net Pvt Ltd,Please refer the advert,Sun May 03 2026,Fri May 08 2026,0001493029,0000000505,https://www.topjobs.lk/applicant/JobAdvertismentServlet?AC=JOBADVERT&EC=0000000505&JC=0001493029
1492954,QUALITY ASSURANCE MANAGER -BIYAGAMA LEADING FOOD & BEVERAGES MANUFACTURING (1),Konnect Net Pvt Ltd,Please refer the advert,Sun May 03 2026,Fri May 08 2026,0001492954,0000000505,https://www.topjobs.lk/applicant/JobAdvertismentServlet?AC=JOBADVERT&EC=0000000505&JC=0001492954
1492701,Operation Manager - Food & beverage - Kelaniya (1),Konnect Net Pvt Ltd,Please refer the advert,Sun May 03 2026,Mon May 11 2026,0001492701,0000000505,https://www.topjobs.lk/applicant/JobAdvertismentServlet?AC=JOBADVERT&EC=0000000505&JC=0001492701
1491508,Finance Manager - Rajagiriya (1),Konnect Net Pvt Ltd,Please refer the advert,Sun May 03 2026,Wed May 06 2026,0001491508,0000000505,https://www.topjobs.lk/applicant/JobAdvertismentServlet?AC=JOBADVERT&EC=0000000505&JC=0001491508
1491274,Gold Financing - All Island,Siyapatha Finance PLC,Please refer the vacancy,Sun May 03 2026,Mon May 04 2026,0001491274,DEFZZZ,https://www.topjobs.lk/applicant/JobAdvertismentServlet?AC=JOBADVERT&EC=DEFZZZ&JC=0001491274
1490889,Digital Marketing Specialist,Croissance Digital,Please refer the vacancy,Sun May 03 2026,Mon May 04 2026,0001490889,DEFZZZ,https://www.topjobs.lk/applicant/JobAdvertismentServlet?AC=JOBADVERT&EC=DEFZZZ&JC=0001490889
1490882,Trainee / Junior (Accounts / Bookkeeping),Numerix (Pvt) Ltd,Please refer the vacancy,Sun May 03 2026,Mon May 04 2026,0001490882,DEFZZZ,https://www.topjobs.lk/applicant/JobAdvertismentServlet?AC=JOBADVERT&EC=DEFZZZ&JC=0001490882
1490878,Assistant Manager (Accounts),Numerix (Pvt) Ltd,Please refer the vacancy,Sun May 03 2026,Mon May 04 2026,0001490878,DEFZZZ,https://www.topjobs.lk/applicant/JobAdvertismentServlet?AC=JOBADVERT&EC=DEFZZZ&JC=0001490878
1490873,Trainee / Junior,Numerix (Pvt) Ltd,Please refer the vacancy,Sun May 03 2026,Mon May 04 2026,0001490873,DEFZZZ,https://www.topjobs.lk/applicant/JobAdvertismentServlet?AC=JOBADVERT&EC=DEFZZZ&JC=0001490873
1490808,Investment Officer (Assistant Manager / Deputy Manager Grade),Merchant Bank of Sri Lanka & Finance PLC,Please refer the vacancy,Sun May 03 2026,Mon May 04 2026,0001490808,DEFZZZ,https://www.topjobs.lk/applicant/JobAdvertismentServlet?AC=JOBADVERT&EC=DEFZZZ&JC=0001490808
1490803,Head Mixologist / Group Head Mixologist,W15 Collection,Please refer the vacancy,Sun May 03 2026,Mon May 04 2026,0001490803,DEFZZZ,https://www.topjobs.lk/applicant/JobAdvertismentServlet?AC=JOBADVERT&EC=DEFZZZ&JC=0001490803
1490687,Student Enrollment Executive / Marketing Executive,Management and Science Institute,Please refer the vacancy,Sun May 03 2026,Mon May 04 2026,0001490687,DEFZZZ,https://www.topjobs.lk/applicant/JobAdvertismentServlet?AC=JOBADVERT&EC=DEFZZZ&JC=0001490687
1490493,Senior E-Commerce Specialist - Hybrid,SearchMax Lanka Pty Ltd,Please refer the vacancy,Sun May 03 2026,Mon May 04 2026,0001490493,DEFZZZ,https://www.topjobs.lk/applicant/JobAdvertismentServlet?AC=JOBADVERT&EC=DEFZZZ&JC=0001490493
1490490,Recovery & Loan Team Officer,Company Name Withheld,Please refer the vacancy,Sun May 03 2026,Mon May 04 2026,0001490490,DEFZZZ,https://www.topjobs.lk/applicant/JobAdvertismentServlet?AC=JOBADVERT&EC=DEFZZZ&JC=0001490490
1490063,Assistant Manager Quality Assurance System Certifications-Colombo (Food & Beverages) (1),Konnect Net Pvt Ltd,Please refer the advertisement,Sun May 03 2026,Sat May 09 2026,0001490063,0000000505,https://www.topjobs.lk/applicant/JobAdvertismentServlet?AC=JOBADVERT&EC=0000000505&JC=0001490063
1489429,Head Of Quality Assurance Pharmaceutical-Colombo (1),Konnect Net Pvt Ltd,Please refer the advert,Sun May 03 2026,Sat May 09 2026,0001489429,0000000505,https://www.topjobs.lk/applicant/JobAdvertismentServlet?AC=JOBADVERT&EC=0000000505&JC=0001489429
1488555,Senior Manager Supply Chain -Colombo Hospital (1),Konnect Net Pvt Ltd,Please refer the advert,Sun May 03 2026,Sat May 09 2026,0001488555,0000000505,https://www.topjobs.lk/applicant/JobAdvertismentServlet?AC=JOBADVERT&EC=0000000505&JC=0001488555
1488173,MANAGER  BUSINESS ANALYSIS-HOSPITAL (1),Konnect Net Pvt Ltd,Please refer the advert,Sun May 03 2026,Sat May 09 2026,0001488173,0000000505,https://www.topjobs.lk/applicant/JobAdvertismentServlet?AC=JOBADVERT&EC=0000000505&JC=0001488173
1488169,Head of Sales (Hospital) (1),Konnect Net Pvt Ltd,Please refer the advert,Sun May 03 2026,Sat May 09 2026,0001488169,0000000505,https://www.topjobs.lk/applicant/JobAdvertismentServlet?AC=JOBADVERT&EC=0000000505&JC=0001488169
1481866,Sales Manager (Fertilizer/Agri) (1),Konnect Net Pvt Ltd,Please refer the advert,Sun May 03 2026,Sat May 09 2026,0001481866,0000000505,https://www.topjobs.lk/applicant/JobAdvertismentServlet?AC=JOBADVERT&EC=0000000505&JC=0001481866
1479951,Area Sales Manager-Hardware/Paint Solution -North & East & North Western (1),Konnect Net Pvt Ltd,Please refer the advert,Sun May 03 2026,Sat May 09 2026,0001479951,0000000505,https://www.topjobs.lk/applicant/JobAdvertismentServlet?AC=JOBADVERT&EC=0000000505&JC=0001479951
1478769,Front Office Coordinator-Colombo 2 (1),Konnect Net Pvt Ltd,Please refer the advert,Sun May 03 2026,Sat May 09 2026,0001478769,0000000505,https://www.topjobs.lk/applicant/JobAdvertismentServlet?AC=JOBADVERT&EC=0000000505&JC=0001478769
1466533,Director /Associate Director - Internal Audit (1),Deloitte,Click on the advert to apply.,Sun May 03 2026,Sun May 31 2026,0001466533,0000000410,https://www.topjobs.lk/applicant/JobAdvertismentServlet?AC=JOBADVERT&EC=0000000410&JC=0001466533
1460019,Business Development Executive - Printing Industry (1),Sumathi Group,Please refer to the job advertisement.,Sun May 03 2026,Sat May 23 2026,0001460019,0000000555,https://www.topjobs.lk/applicant/JobAdvertismentServlet?AC=JOBADVERT&EC=0000000555&JC=0001460019
1239482,Printing Machine Maintenance Assistant (1),Sumathi Group,Please refer to the job advertisement.,Sun May 03 2026,Sat May 23 2026,0001239482,0000000555,https://www.topjobs.lk/applicant/JobAdvertismentServlet?AC=JOBADVERT&EC=0000000555&JC=0001239482
1495762,Site Supervisor - Construction (1),EURO MOTORS (PVT) LTD,Euro Motors Private Limited,Sat May 02 2026,Sat May 16 2026,0001495762,0000000672,https://www.topjobs.lk/applicant/JobAdvertismentServlet?AC=JOBADVERT&EC=0000000672&JC=0001495762
1495761,Junior Executive-Finance (1),Debug Group of Companies,Please refer to the Advertisement,Sat May 02 2026,Sat May 16 2026,0001495761,0000000338,https://www.topjobs.lk/applicant/JobAdvertismentServlet?AC=JOBADVERT&EC=0000000338&JC=0001495761
1495760,Hospital House Keeping Staff (1),Micronet Global Services (Pvt) Ltd,Urgent Hiring.....Elvitigala Mawatha....,Sat May 02 2026,Sat May 09 2026,0001495760,0000000552,https://www.topjobs.lk/applicant/JobAdvertismentServlet?AC=JOBADVERT&EC=0000000552&JC=0001495760
1495759,Hospital House Keeping Staff (1),Micronet Global Services (Pvt) Ltd,Urgent Hiring.....Elvitigala Mawatha....,Sat May 02 2026,Sat May 09 2026,0001495759,0000000552,https://www.topjobs.lk/applicant/JobAdvertismentServlet?AC=JOBADVERT&EC=0000000552&JC=0001495759
1495758,Hospital House Keeping Staff (1),Micronet Global Services (Pvt) Ltd,Urgent Hiring.....Elvitigala Mawatha....,Sat May 02 2026,Sat May 09 2026,0001495758,0000000552,https://www.topjobs.lk/applicant/JobAdvertismentServlet?AC=JOBADVERT&EC=0000000552&JC=0001495758
1495757,Hospital House Keeping Staff (1),Micronet Global Services (Pvt) Ltd,Urgent Hiring.....Elvitigala Mawatha....,Sat May 02 2026,Sat May 09 2026,0001495757,0000000552,https://www.topjobs.lk/applicant/JobAdvertismentServlet?AC=JOBADVERT&EC=0000000552&JC=0001495757
1495756,Hospital House Keeping Staff (1),Micronet Global Services (Pvt) Ltd,Urgent Hiring.....Elvitigala Mawatha....,Sat May 02 2026,Sat May 09 2026,0001495756,0000000552,https://www.topjobs.lk/applicant/JobAdvertismentServlet?AC=JOBADVERT&EC=0000000552&JC=0001495756
1495755,Hospital House Keeping Staff (1),Micronet Global Services (Pvt) Ltd,Urgent Hiring.....Elvitigala Mawatha....,Sat May 02 2026,Sat May 09 2026,0001495755,0000000552,https://www.topjobs.lk/applicant/JobAdvertismentServlet?AC=JOBADVERT&EC=0000000552&JC=0001495755
1495754,Hospital House Keeping Staff (1),Micronet Global Services (Pvt) Ltd,Urgent Hiring.....Elvitigala Mawatha....,Sat May 02 2026,Sat May 09 2026,0001495754,0000000552,https://www.topjobs.lk/applicant/JobAdvertismentServlet?AC=JOBADVERT&EC=0000000552&JC=0001495754
1495753,Hospital House Keeping Staff (1),Micronet Global Services (Pvt) Ltd,Urgent Hiring.....Elvitigala Mawatha....,Sat May 02 2026,Sat May 09 2026,0001495753,0000000552,https://www.topjobs.lk/applicant/JobAdvertismentServlet?AC=JOBADVERT&EC=0000000552&JC=0001495753
1495752,Hospital House Keeping Staff (1),Micronet Global Services (Pvt) Ltd,Urgent Hiring.....Elvitigala Mawatha....,Sat May 02 2026,Sat May 09 2026,0001495752,0000000552,https://www.topjobs.lk/applicant/JobAdvertismentServlet?AC=JOBADVERT&EC=0000000552&JC=0001495752
1495751,Hospital House Keeping Staff (1),Micronet Global Services (Pvt) Ltd,Urgent Hiring.....Elvitigala Mawatha....,Sat May 02 2026,Sat May 09 2026,0001495751,0000000552,https://www.topjobs.lk/applicant/JobAdvertismentServlet?AC=JOBADVERT&EC=0000000552&JC=0001495751
1495750,Hospital House Keeping Staff (1),Micronet Global Services (Pvt) Ltd,Urgent Hiring.....Elvitigala Mawatha....,Sat May 02 2026,Sat May 09 2026,0001495750,0000000552,https://www.topjobs.lk/applicant/JobAdvertismentServlet?AC=JOBADVERT&EC=0000000552&JC=0001495750
1495749,Hospital House Keeping Staff (1),Micronet Global Services (Pvt) Ltd,Urgent Hiring.....Elvitigala Mawatha....,Sat May 02 2026,Sat May 09 2026,0001495749,0000000552,https://www.topjobs.lk/applicant/JobAdvertismentServlet?AC=JOBADVERT&EC=0000000552&JC=0001495749
1495748,Hospital House Keeping Staff (1),Micronet Global Services (Pvt) Ltd,Urgent Hiring.....Elvitigala Mawatha....,Sat May 02 2026,Sat May 09 2026,0001495748,0000000552,https://www.topjobs.lk/applicant/JobAdvertismentServlet?AC=JOBADVERT&EC=0000000552&JC=0001495748
1495747,Hospital House Keeping Staff (1),Micronet Global Services (Pvt) Ltd,Urgent Hiring.....Elvitigala Mawatha....,Sat May 02 2026,Sat May 09 2026,0001495747,0000000552,https://www.topjobs.lk/applicant/JobAdvertismentServlet?AC=JOBADVERT&EC=0000000552&JC=0001495747
1495746,Hospital House Keeping Staff (1),Micronet Global Services (Pvt) Ltd,Urgent Hiring.....Elvitigala Mawatha....,Sat May 02 2026,Sat May 09 2026,0001495746,0000000552,https://www.topjobs.lk/applicant/JobAdvertismentServlet?AC=JOBADVERT&EC=0000000552&JC=0001495746
1495745,Hospital House Keeping Staff (1),Micronet Global Services (Pvt) Ltd,Urgent Hiring.....Elvitigala Mawatha....,Sat May 02 2026,Sat May 09 2026,0001495745,0000000552,https://www.topjobs.lk/applicant/JobAdvertismentServlet?AC=JOBADVERT&EC=0000000552&JC=0001495745
1495744,Hospital House Keeping Staff (1),Micronet Global Services (Pvt) Ltd,Urgent Hiring.....Elvitigala Mawatha....,Sat May 02 2026,Sat May 09 2026,0001495744,0000000552,https://www.topjobs.lk/applicant/JobAdvertismentServlet?AC=JOBADVERT&EC=0000000552&JC=0001495744
1495743,Hospital House Keeping Staff (1),Micronet Global Services (Pvt) Ltd,Urgent Hiring.....Elvitigala Mawatha....,Sat May 02 2026,Sat May 09 2026,0001495743,0000000552,https://www.topjobs.lk/applicant/JobAdvertismentServlet?AC=JOBADVERT&EC=0000000552&JC=0001495743
1495742,Hospital House Keeping Staff (1),Micronet Global Services (Pvt) Ltd,Urgent Hiring.....Elvitigala Mawatha....,Sat May 02 2026,Sat May 09 2026,0001495742,0000000552,https://www.topjobs.lk/applicant/JobAdvertismentServlet?AC=JOBADVERT&EC=0000000552&JC=0001495742
1495741,Hospital House Keeping Staff (1),Micronet Global Services (Pvt) Ltd,Urgent Hiring.....Elvitigala Mawatha....,Sat May 02 2026,Sat May 09 2026,0001495741,0000000552,https://www.topjobs.lk/applicant/JobAdvertismentServlet?AC=JOBADVERT&EC=0000000552&JC=0001495741
1495740,Hospital House Keeping (1),Micronet Global Services (Pvt) Ltd,Urgent Hiring.....Elvitigala Mawatha....,Sat May 02 2026,Sat May 09 2026,0001495740,0000000552,https://www.topjobs.lk/applicant/JobAdvertismentServlet?AC=JOBADVERT&EC=0000000552&JC=0001495740
1495739,Intern - Microbiology ( Dankotuwa) (1),Hemas Holdings PLC,Please refer to the advertisement,Sat May 02 2026,Sat May 16 2026,0001495739,0000000038,https://www.topjobs.lk/applicant/JobAdvertismentServlet?AC=JOBADVERT&EC=0000000038&JC=0001495739
1495738,Intern - Quality Assurance (Dankotuwa) (1),Hemas Holdings PLC,Please refer to the advertisement,Sat May 02 2026,Sat May 16 2026,0001495738,0000000038,https://www.topjobs.lk/applicant/JobAdvertismentServlet?AC=JOBADVERT&EC=0000000038&JC=0001495738
1495737,Intern - Contract Manufacturing (Dankotuwa) (1),Hemas Holdings PLC,Please refer to the Advertisement,Sat May 02 2026,Sat May 16 2026,0001495737,0000000038,https://www.topjobs.lk/applicant/JobAdvertismentServlet?AC=JOBADVERT&EC=0000000038&JC=0001495737
1493353,F&B Manager - Colombo (1),Konnect Net Pvt Ltd,Please refer the advert,Sat May 02 2026,Sat May 09 2026,0001493353,0000000505,https://www.topjobs.lk/applicant/JobAdvertismentServlet?AC=JOBADVERT&EC=0000000505&JC=0001493353
1495736,Senior Executive ? HR & Compliance (1),Maliban Wovens (Pvt) Ltd,"The Senior Executive - HR & Compliance will be responsible for managing all human resource functions and ensuring compliance with labour laws, company poli ....",Fri May 01 2026,Fri May 08 2026,0001495736,0000000029,https://www.topjobs.lk/applicant/JobAdvertismentServlet?AC=JOBADVERT&EC=0000000029&JC=0001495736
1495735,HTML Content Associate (5),INNODATA LANKA (PVT) LTD,IT Diploma Holders,Fri May 01 2026,Fri May 08 2026,0001495735,0000000180,https://www.topjobs.lk/applicant/JobAdvertismentServlet?AC=JOBADVERT&EC=0000000180&JC=0001495735
1495734,Tech Freshers (40),INNODATA LANKA (PVT) LTD,As per the Advert,Fri May 01 2026,Fri May 08 2026,0001495734,0000000180,https://www.topjobs.lk/applicant/JobAdvertismentServlet?AC=JOBADVERT&EC=0000000180&JC=0001495734
1495733,Field Officer - Outdoor Advertising (1),Richardson Group of Companies,Please refer to the job advert.,Fri May 01 2026,Fri May 08 2026,0001495733,0000000196,https://www.topjobs.lk/applicant/JobAdvertismentServlet?AC=JOBADVERT&EC=0000000196&JC=0001495733
1495732,Field Officer - Outdoor Advertising (1),Richardson Group of Companies,Please refer to the job advert.,Fri May 01 2026,Fri May 08 2026,0001495732,0000000196,https://www.topjobs.lk/applicant/JobAdvertismentServlet?AC=JOBADVERT&EC=0000000196&JC=0001495732
1495731,Finance Project Partner -New Business (Assistant Manager Level) (1),Ceylon Cold Stores PLC,Please refer the advert.,Fri May 01 2026,Thu May 14 2026,0001495731,0000000311,https://www.topjobs.lk/applicant/JobAdvertismentServlet?AC=JOBADVERT&EC=0000000311&JC=0001495731
1495730,Executive - Finishing (1),MAS Holdings,Please click on the image to apply.,Fri May 01 2026,Fri May 15 2026,0001495730,0000000111,https://www.topjobs.lk/applicant/JobAdvertismentServlet?AC=JOBADVERT&EC=0000000111&JC=0001495730
1495729,Account Executive (1),Superloop Communications Pvt Ltd,Please refer the advert.,Fri May 01 2026,Wed Jul 01 2026,0001495729,0000000362,https://www.topjobs.lk/applicant/JobAdvertismentServlet?AC=JOBADVERT&EC=0000000362&JC=0001495729
1495728,Customer service officer-Dialog (10),Softlogic Holdings PLC,Please see the advert for more details,Fri May 01 2026,Sun May 10 2026,0001495728,0000000068,https://www.topjobs.lk/applicant/JobAdvertismentServlet?AC=JOBADVERT&EC=0000000068&JC=0001495728
1495727,Customer service officer-Dialog (10),Softlogic Holdings PLC,Please see the advert for more details,Fri May 01 2026,Sun May 10 2026,0001495727,0000000068,https://www.topjobs.lk/applicant/JobAdvertismentServlet?AC=JOBADVERT&EC=0000000068&JC=0001495727
1495726,Customer service officer-Dialog (10),Softlogic Holdings PLC,Please see the advert for more details,Fri May 01 2026,Sun May 10 2026,0001495726,0000000068,https://www.topjobs.lk/applicant/JobAdvertismentServlet?AC=JOBADVERT&EC=0000000068&JC=0001495726
1495725,Customer service officer (10),Softlogic Holdings PLC,Please see the advert for more details,Fri May 01 2026,Sun May 10 2026,0001495725,0000000068,https://www.topjobs.lk/applicant/JobAdvertismentServlet?AC=JOBADVERT&EC=0000000068&JC=0001495725
1495724,Customer service officer (10),Softlogic Holdings PLC,Please see the advert for more details,Fri May 01 2026,Sun May 10 2026,0001495724,0000000068,https://www.topjobs.lk/applicant/JobAdvertismentServlet?AC=JOBADVERT&EC=0000000068&JC=0001495724
1495723,Customer service officer (10),Softlogic Holdings PLC,Please see the advert for more details,Fri May 01 2026,Sun May 10 2026,0001495723,0000000068,https://www.topjobs.lk/applicant/JobAdvertismentServlet?AC=JOBADVERT&EC=0000000068&JC=0001495723
1495722,Customer service officer-Dialog (10),Softlogic Holdings PLC,Please see the advert for more details,Fri May 01 2026,Sun May 10 2026,0001495722,0000000068,https://www.topjobs.lk/applicant/JobAdvertismentServlet?AC=JOBADVERT&EC=0000000068&JC=0001495722
1495721,Call Center Associate (10),Softlogic Holdings PLC,Please see the advert for more details,Fri May 01 2026,Sun May 10 2026,0001495721,0000000068,https://www.topjobs.lk/applicant/JobAdvertismentServlet?AC=JOBADVERT&EC=0000000068&JC=0001495721
1495720,Call Center Associate (10),Softlogic Holdings PLC,Please see the advert for more details,Fri May 01 2026,Sun May 10 2026,0001495720,0000000068,https://www.topjobs.lk/applicant/JobAdvertismentServlet?AC=JOBADVERT&EC=0000000068&JC=0001495720
1495719,Call Center Associate (10),Softlogic Holdings PLC,Please see the advert for more details,Fri May 01 2026,Sun May 10 2026,0001495719,0000000068,https://www.topjobs.lk/applicant/JobAdvertismentServlet?AC=JOBADVERT&EC=0000000068&JC=0001495719
1495718,Call Center Associate (10),Softlogic Holdings PLC,Please see the advert for more details,Fri May 01 2026,Sun May 10 2026,0001495718,0000000068,https://www.topjobs.lk/applicant/JobAdvertismentServlet?AC=JOBADVERT&EC=0000000068&JC=0001495718
1495717,Call Center Associate (10),Softlogic Holdings PLC,Please see the advert for more details,Fri May 01 2026,Sun May 10 2026,0001495717,0000000068,https://www.topjobs.lk/applicant/JobAdvertismentServlet?AC=JOBADVERT&EC=0000000068&JC=0001495717
1495716,Call Center Associate (10),Softlogic Holdings PLC,Please see the advert for more details,Fri May 01 2026,Sun May 10 2026,0001495716,0000000068,https://www.topjobs.lk/applicant/JobAdvertismentServlet?AC=JOBADVERT&EC=0000000068&JC=0001495716
1495713,Post of Executive - Finance  (1),John Keells Holdings PLC,Please click on the vacancy image and apply,Fri May 01 2026,Fri May 15 2026,0001495713,0000000050,https://www.topjobs.lk/applicant/JobAdvertismentServlet?AC=JOBADVERT&EC=0000000050&JC=0001495713
1495712,Data Engineer (2),Superloop Communications Pvt Ltd,Please refer to the advert.,Fri May 01 2026,Sun May 31 2026,0001495712,0000000362,https://www.topjobs.lk/applicant/JobAdvertismentServlet?AC=JOBADVERT&EC=0000000362&JC=0001495712
1495711,Associate Data Engineer  (1),Superloop Communications Pvt Ltd,Please refer to the advert.,Fri May 01 2026,Sun May 31 2026,0001495711,0000000362,https://www.topjobs.lk/applicant/JobAdvertismentServlet?AC=JOBADVERT&EC=0000000362&JC=0001495711
1495710,Garment Technologist (1),MAS Holdings,Please click on the image to apply,Fri May 01 2026,Fri May 08 2026,0001495710,0000000111,https://www.topjobs.lk/applicant/JobAdvertismentServlet?AC=JOBADVERT&EC=0000000111&JC=0001495710
1495709,Senior Executive - Sales and Marketing (1),MAS Holdings,Please click on the image to apply.,Fri May 01 2026,Fri May 08 2026,0001495709,0000000111,https://www.topjobs.lk/applicant/JobAdvertismentServlet?AC=JOBADVERT&EC=0000000111&JC=0001495709
1495708,Senior Material Developer (1),MAS Holdings,Please click on the image to apply,Fri May 01 2026,Wed May 06 2026,0001495708,0000000111,https://www.topjobs.lk/applicant/JobAdvertismentServlet?AC=JOBADVERT&EC=0000000111&JC=0001495708
1495707,Intern - Human Resources (1),MAS Holdings,Please click on the image to apply,Fri May 01 2026,Fri May 08 2026,0001495707,0000000111,https://www.topjobs.lk/applicant/JobAdvertismentServlet?AC=JOBADVERT&EC=0000000111&JC=0001495707
1495706,Senior Executive - Planning (1),MAS Holdings,Please click on the image to apply.,Fri May 01 2026,Fri May 08 2026,0001495706,0000000111,https://www.topjobs.lk/applicant/JobAdvertismentServlet?AC=JOBADVERT&EC=0000000111&JC=0001495706
1495402,Sales & Marketing Executive,Wycherley International School,Please refer the vacancy,Fri May 01 2026,Fri May 15 2026,0001495402,DEFZZZ,https://www.topjobs.lk/applicant/JobAdvertismentServlet?AC=JOBADVERT&EC=DEFZZZ&JC=0001495402
1494183,Accountant,Company Name Withheld,Please refer the vacancy,Fri May 01 2026,Fri May 15 2026,0001494183,DEFZZZ,https://www.topjobs.lk/applicant/JobAdvertismentServlet?AC=JOBADVERT&EC=DEFZZZ&JC=0001494183
1490953,QUALITY ASSURANCE ASSISTANT-Wadduwa (Male) (1),Konnect Net Pvt Ltd,Please refer the advert,Fri May 01 2026,Sat May 09 2026,0001490953,0000000505,https://www.topjobs.lk/applicant/JobAdvertismentServlet?AC=JOBADVERT&EC=0000000505&JC=0001490953
1482061,Senior Executive / Executive ? Customer Relation Management  (1),Royal Ceramics Lanka PLC,Please refer to the attached advert.,Fri May 01 2026,Thu May 07 2026,0001482061,0000000224,https://www.topjobs.lk/applicant/JobAdvertismentServlet?AC=JOBADVERT&EC=0000000224&JC=0001482061
1479950,Senior Executive Risk & Compliance-Gampaha (1),Konnect Net Pvt Ltd,Please refer the advertisement,Fri May 01 2026,Sat May 09 2026,0001479950,0000000505,https://www.topjobs.lk/applicant/JobAdvertismentServlet?AC=JOBADVERT&EC=0000000505&JC=0001479950
1479585,Management Trainee - Marketing  (1),Royal Ceramics Lanka PLC,Please refer to attached advert.,Fri May 01 2026,Thu May 07 2026,0001479585,0000000224,https://www.topjobs.lk/applicant/JobAdvertismentServlet?AC=JOBADVERT&EC=0000000224&JC=0001479585
1477783,Production Executive - Rocell Bathware Limited (1),Royal Ceramics Lanka PLC,Please refer to the attached advert.,Fri May 01 2026,Thu May 07 2026,0001477783,0000000224,https://www.topjobs.lk/applicant/JobAdvertismentServlet?AC=JOBADVERT&EC=0000000224&JC=0001477783
1474171,Assistant Electrical Engineer ? Horana Plant (Male Preferred)  (1),Royal Ceramics Lanka PLC,Please refer to the attached advertisement.,Fri May 01 2026,Thu May 07 2026,0001474171,0000000224,https://www.topjobs.lk/applicant/JobAdvertismentServlet?AC=JOBADVERT&EC=0000000224&JC=0001474171
1468240,Engineer - R & D  (1),Royal Ceramics Lanka PLC,Please refer to the advert.,Fri May 01 2026,Thu May 07 2026,0001468240,0000000224,https://www.topjobs.lk/applicant/JobAdvertismentServlet?AC=JOBADVERT&EC=0000000224&JC=0001468240
1452838,Head of Project Sales  (1),Royal Ceramics Lanka PLC,Please refer to the attached advert.,Fri May 01 2026,Thu May 07 2026,0001452838,0000000224,https://www.topjobs.lk/applicant/JobAdvertismentServlet?AC=JOBADVERT&EC=0000000224&JC=0001452838
1452785,Head of Channel Sales (1),Royal Ceramics Lanka PLC,Please refer to the attached advertisement.,Fri May 01 2026,Thu May 07 2026,0001452785,0000000224,https://www.topjobs.lk/applicant/JobAdvertismentServlet?AC=JOBADVERT&EC=0000000224&JC=0001452785
1436440,Machine Operator / Electrician / Helpers   (3),Royal Ceramics Lanka PLC,Please refer to the attached advertisement.,Fri May 01 2026,Thu May 07 2026,0001436440,0000000224,https://www.topjobs.lk/applicant/JobAdvertismentServlet?AC=JOBADVERT&EC=0000000224&JC=0001436440
1495705,Hot Kitchen - Commis 3 | Trainee Commis,Doner & Durum,Please refer the vacancy,Thu Apr 30 2026,Thu May 07 2026,0001495705,DEFZZZ,https://www.topjobs.lk/applicant/JobAdvertismentServlet?AC=JOBADVERT&EC=DEFZZZ&JC=0001495705
1495704,Restaurant Cashier | Operations Executive,Doner & Durum,Please refer the vacancy,Thu Apr 30 2026,Thu May 07 2026,0001495704,DEFZZZ,https://www.topjobs.lk/applicant/JobAdvertismentServlet?AC=JOBADVERT&EC=DEFZZZ&JC=0001495704
1495703,Customer Engagement Associate - Call Center Executive,Prime Lands (Pvt) Ltd,Please refer the vacancy,Thu Apr 30 2026,Thu May 14 2026,0001495703,DEFZZZ,https://www.topjobs.lk/applicant/JobAdvertismentServlet?AC=JOBADVERT&EC=DEFZZZ&JC=0001495703
1495702,Senior School Teacher of English Language and Literature,The British School in Colombo,Please refer the vacancy,Thu Apr 30 2026,Thu May 14 2026,0001495702,DEFZZZ,https://www.topjobs.lk/applicant/JobAdvertismentServlet?AC=JOBADVERT&EC=DEFZZZ&JC=0001495702
1495701,Receptionist,Gamma Interpharm Pvt Ltd,Please refer the vacancy,Thu Apr 30 2026,Thu May 14 2026,0001495701,DEFZZZ,https://www.topjobs.lk/applicant/JobAdvertismentServlet?AC=JOBADVERT&EC=DEFZZZ&JC=0001495701
1495699,Assistant Manager - Tax,Ernst & Young,Please refer the vacancy,Thu Apr 30 2026,Thu May 14 2026,0001495699,DEFZZZ,https://www.topjobs.lk/applicant/JobAdvertismentServlet?AC=JOBADVERT&EC=DEFZZZ&JC=0001495699
1495698,Analysts,Ernst & Young,Please refer the vacancy,Thu Apr 30 2026,Thu May 14 2026,0001495698,DEFZZZ,https://www.topjobs.lk/applicant/JobAdvertismentServlet?AC=JOBADVERT&EC=DEFZZZ&JC=0001495698
1495697,Work Supervisor | Technical Officer,Sierra Construction Ltd,Please refer the vacancy,Thu Apr 30 2026,Thu May 14 2026,0001495697,DEFZZZ,https://www.topjobs.lk/applicant/JobAdvertismentServlet?AC=JOBADVERT&EC=DEFZZZ&JC=0001495697
1495695,Assistant Branch Managers (Colombo Branches) (1),Pan Asia Banking Corporation PLC,Please refer to the advertisement,Thu Apr 30 2026,Thu May 14 2026,0001495695,0000000236,https://www.topjobs.lk/applicant/JobAdvertismentServlet?AC=JOBADVERT&EC=0000000236&JC=0001495695
1495694,"Junior Executive - Branch Banking (Hatton, Kegalle and Colombo Branches) (1)",Pan Asia Banking Corporation PLC,Please refer the advertisement,Thu Apr 30 2026,Thu May 07 2026,0001495694,0000000236,https://www.topjobs.lk/applicant/JobAdvertismentServlet?AC=JOBADVERT&EC=0000000236&JC=0001495694
1495693,Trainee Business Development Officers (1),Pan Asia Banking Corporation PLC,Please refer the advertisement,Thu Apr 30 2026,Thu May 07 2026,0001495693,0000000236,https://www.topjobs.lk/applicant/JobAdvertismentServlet?AC=JOBADVERT&EC=0000000236&JC=0001495693
1495692,Maintenance Engineer  (1),Metropolitan Technologies (Pvt) Ltd,Please refer the vacancy,Thu Apr 30 2026,Thu May 07 2026,0001495692,0000000293,https://www.topjobs.lk/applicant/JobAdvertismentServlet?AC=JOBADVERT&EC=0000000293&JC=0001495692
1495691,After Sales Executive - Elevators & Escalators (1),Metropolitan Technologies (Pvt) Ltd,Please refer the vacancy,Thu Apr 30 2026,Thu May 07 2026,0001495691,0000000293,https://www.topjobs.lk/applicant/JobAdvertismentServlet?AC=JOBADVERT&EC=0000000293&JC=0001495691
1495690,Project Engineer - Elevators & Escalators (1),Metropolitan Technologies (Pvt) Ltd,Please refer the vacancy,Thu Apr 30 2026,Thu May 07 2026,0001495690,0000000293,https://www.topjobs.lk/applicant/JobAdvertismentServlet?AC=JOBADVERT&EC=0000000293&JC=0001495690
1495689,Manager - Retail Marketing Communication (1),Metropolitan Technologies (Pvt) Ltd,Please refer the vacancy,Thu Apr 30 2026,Thu May 07 2026,0001495689,0000000293,https://www.topjobs.lk/applicant/JobAdvertismentServlet?AC=JOBADVERT&EC=0000000293&JC=0001495689
1495688,Debt Collection Officer  (1),Metropolitan Technologies (Pvt) Ltd,Please refer the vacancy,Thu Apr 30 2026,Thu May 07 2026,0001495688,0000000293,https://www.topjobs.lk/applicant/JobAdvertismentServlet?AC=JOBADVERT&EC=0000000293&JC=0001495688
1495687,Executive - Administration & Facilities Management (1),Metropolitan Technologies (Pvt) Ltd,Please refer the vacancy,Thu Apr 30 2026,Thu May 07 2026,0001495687,0000000293,https://www.topjobs.lk/applicant/JobAdvertismentServlet?AC=JOBADVERT&EC=0000000293&JC=0001495687
1495686,Marketing Executive  (1),Metropolitan Technologies (Pvt) Ltd,Please refer the vacancy,Thu Apr 30 2026,Thu May 14 2026,0001495686,0000000293,https://www.topjobs.lk/applicant/JobAdvertismentServlet?AC=JOBADVERT&EC=0000000293&JC=0001495686
1495685,Pharma Trade Specialist  (Morison Limited)  (1),Hemas Holdings PLC,Please find the attachment.,Thu Apr 30 2026,Thu May 14 2026,0001495685,0000000038,https://www.topjobs.lk/applicant/JobAdvertismentServlet?AC=JOBADVERT&EC=0000000038&JC=0001495685
1495684,Bid Manager - Software Tenders (1),Bileeta (Private) Limited,Please refer the advertisement,Thu Apr 30 2026,Thu May 07 2026,0001495684,0000000417,https://www.topjobs.lk/applicant/JobAdvertismentServlet?AC=JOBADVERT&EC=0000000417&JC=0001495684
1495683,Junior Finance Executive (1),Bileeta (Private) Limited,Please refer the advertisement,Thu Apr 30 2026,Thu May 07 2026,0001495683,0000000417,https://www.topjobs.lk/applicant/JobAdvertismentServlet?AC=JOBADVERT&EC=0000000417&JC=0001495683
1495682,Field Officer - Marketing (Matale),Company Name Withheld,Please refer the vacancy,Thu Apr 30 2026,Thu May 14 2026,0001495682,DEFZZZ,https://www.topjobs.lk/applicant/JobAdvertismentServlet?AC=JOBADVERT&EC=DEFZZZ&JC=0001495682
1495681,Country Lead (Sales) (1),Bileeta (Private) Limited,Please refer the advertisement,Thu Apr 30 2026,Wed May 06 2026,0001495681,0000000417,https://www.topjobs.lk/applicant/JobAdvertismentServlet?AC=JOBADVERT&EC=0000000417&JC=0001495681
1495680,Credit Officer - Matale,Company Name Withheld,Please refer the vacancy,Thu Apr 30 2026,Thu May 14 2026,0001495680,DEFZZZ,https://www.topjobs.lk/applicant/JobAdvertismentServlet?AC=JOBADVERT&EC=DEFZZZ&JC=0001495680
1495679,Visual Merchandising Manager,Zuzi (The Clothing Store),Please refer the vacancy,Thu Apr 30 2026,Thu May 14 2026,0001495679,DEFZZZ,https://www.topjobs.lk/applicant/JobAdvertismentServlet?AC=JOBADVERT&EC=DEFZZZ&JC=0001495679
1495678,Accounts Executive | Assistant Accountant,Company Name Withheld,Please refer the vacancy,Thu Apr 30 2026,Thu May 14 2026,0001495678,DEFZZZ,https://www.topjobs.lk/applicant/JobAdvertismentServlet?AC=JOBADVERT&EC=DEFZZZ&JC=0001495678
1495677,Showroom Manager,Zuzi (The Clothing Store),Please refer the vacancy,Thu Apr 30 2026,Thu May 14 2026,0001495677,DEFZZZ,https://www.topjobs.lk/applicant/JobAdvertismentServlet?AC=JOBADVERT&EC=DEFZZZ&JC=0001495677
1495676,Manager- Learning and Development,Hayleys Group,"Click on the flyer to apply.
Join the World of Hayleys.",Thu Apr 30 2026,Thu May 14 2026,0001495676,0000000495,https://www.topjobs.lk/applicant/JobAdvertismentServlet?AC=JOBADVERT&EC=0000000495&JC=0001495676
1495675,Accounts Executive  (1),NOLIMIT,Please refer to the job advertisement.,Thu Apr 30 2026,Thu May 07 2026,0001495675,0000000091,https://www.topjobs.lk/applicant/JobAdvertismentServlet?AC=JOBADVERT&EC=0000000091&JC=0001495675
1495674,Senior Tearista,Chatime,Please refer the vacancy,Thu Apr 30 2026,Thu May 14 2026,0001495674,DEFZZZ,https://www.topjobs.lk/applicant/JobAdvertismentServlet?AC=JOBADVERT&EC=DEFZZZ&JC=0001495674
1495673,HR & Admin Assistant,Zuzi (The Clothing Store),Please refer the vacancy,Thu Apr 30 2026,Thu May 14 2026,0001495673,DEFZZZ,https://www.topjobs.lk/applicant/JobAdvertismentServlet?AC=JOBADVERT&EC=DEFZZZ&JC=0001495673
1495672,Operation Manager,Zuzi (The Clothing Store),Please refer the vacancy,Thu Apr 30 2026,Thu May 14 2026,0001495672,DEFZZZ,https://www.topjobs.lk/applicant/JobAdvertismentServlet?AC=JOBADVERT&EC=DEFZZZ&JC=0001495672
1495671,Graphic Designer (1),NOLIMIT,Please refer to the advertisement.,Thu Apr 30 2026,Thu May 07 2026,0001495671,0000000091,https://www.topjobs.lk/applicant/JobAdvertismentServlet?AC=JOBADVERT&EC=0000000091&JC=0001495671
1495670,E Commerce Executive,Fairway Colombo,Please refer the vacancy,Thu Apr 30 2026,Thu May 14 2026,0001495670,DEFZZZ,https://www.topjobs.lk/applicant/JobAdvertismentServlet?AC=JOBADVERT&EC=DEFZZZ&JC=0001495670
1495669,Maintenance Manager,Zuzi (The Clothing Store),Please refer the vacancy,Thu Apr 30 2026,Thu May 14 2026,0001495669,DEFZZZ,https://www.topjobs.lk/applicant/JobAdvertismentServlet?AC=JOBADVERT&EC=DEFZZZ&JC=0001495669
1495668,Brand Manager,Zuzi (The Clothing Store),Please refer the vacancy,Thu Apr 30 2026,Thu May 14 2026,0001495668,DEFZZZ,https://www.topjobs.lk/applicant/JobAdvertismentServlet?AC=JOBADVERT&EC=DEFZZZ&JC=0001495668
1495667,OFFICER - RESEARCH & DEVELOPMENT (1),Samson Manufactures Ltd,Please refer the advertisement,Thu Apr 30 2026,Thu May 07 2026,0001495667,0000000240,https://www.topjobs.lk/applicant/JobAdvertismentServlet?AC=JOBADVERT&EC=0000000240&JC=0001495667
1495666,Graphic Designer,Zuzi (The Clothing Store),Please refer the vacancy,Thu Apr 30 2026,Thu May 14 2026,0001495666,DEFZZZ,https://www.topjobs.lk/applicant/JobAdvertismentServlet?AC=JOBADVERT&EC=DEFZZZ&JC=0001495666
1495665,Intern - Finance,Hayleys Group,Join the World of Hayleys.,Thu Apr 30 2026,Thu May 14 2026,0001495665,0000000495,https://www.topjobs.lk/applicant/JobAdvertismentServlet?AC=JOBADVERT&EC=0000000495&JC=0001495665
1495664,Credit Control Executive  (1),Metropolitan Technologies (Pvt) Ltd,Please refer the vacancy,Thu Apr 30 2026,Thu May 07 2026,0001495664,0000000293,https://www.topjobs.lk/applicant/JobAdvertismentServlet?AC=JOBADVERT&EC=0000000293&JC=0001495664
1495663,Accounts Executive | Accounts Assistrants,Company Name Withheld,Please refer the vacancy,Thu Apr 30 2026,Thu May 14 2026,0001495663,DEFZZZ,https://www.topjobs.lk/applicant/JobAdvertismentServlet?AC=JOBADVERT&EC=DEFZZZ&JC=0001495663
1495662,Creative Designer,Royal Institute Campus (RIC),Please refer the vacancy,Thu Apr 30 2026,Thu May 14 2026,0001495662,DEFZZZ,https://www.topjobs.lk/applicant/JobAdvertismentServlet?AC=JOBADVERT&EC=DEFZZZ&JC=0001495662
1495661,Electrical Engineer / Electrical Draughtsman / Senior Workshop Engineer - Business Development,Kent Engineers (Pvt) Ltd,Please refer the vacancy,Thu Apr 30 2026,Thu May 14 2026,0001495661,DEFZZZ,https://www.topjobs.lk/applicant/JobAdvertismentServlet?AC=JOBADVERT&EC=DEFZZZ&JC=0001495661
1495660,Coordinator (Administration),Techno Instruments (Pvt) Ltd,Please refer the vacancy,Thu Apr 30 2026,Thu May 14 2026,0001495660,DEFZZZ,https://www.topjobs.lk/applicant/JobAdvertismentServlet?AC=JOBADVERT&EC=DEFZZZ&JC=0001495660
1495659,Shipping Assistant,Singer (Sri Lanka) PLC,Please refer the vacancy,Thu Apr 30 2026,Thu May 14 2026,0001495659,DEFZZZ,https://www.topjobs.lk/applicant/JobAdvertismentServlet?AC=JOBADVERT&EC=DEFZZZ&JC=0001495659
1495658,Procurement Executive / Stores Assistant,Kent Engineers (Pvt) Ltd,Please refer the vacancy,Thu Apr 30 2026,Thu May 14 2026,0001495658,DEFZZZ,https://www.topjobs.lk/applicant/JobAdvertismentServlet?AC=JOBADVERT&EC=DEFZZZ&JC=0001495658
1495657,Chief Pharmacist,Nawaloka Medicare (Pvt) Ltd,Please refer the vacancy,Thu Apr 30 2026,Thu May 14 2026,0001495657,DEFZZZ,https://www.topjobs.lk/applicant/JobAdvertismentServlet?AC=JOBADVERT&EC=DEFZZZ&JC=0001495657
1495655,Intern - Digital Marketing,Causeway Paints Lanka (Pvt) Ltd,Please refer the vacancy,Thu Apr 30 2026,Thu May 14 2026,0001495655,DEFZZZ,https://www.topjobs.lk/applicant/JobAdvertismentServlet?AC=JOBADVERT&EC=DEFZZZ&JC=0001495655
1495653,Accounts Assistant,Emerald Isle Manpower & Travel Services,Please refer the vacancy,Thu Apr 30 2026,Thu May 14 2026,0001495653,DEFZZZ,https://www.topjobs.lk/applicant/JobAdvertismentServlet?AC=JOBADVERT&EC=DEFZZZ&JC=0001495653
1495652,Technical Executive,Causeway Paints Lanka (Pvt) Ltd,Please refer the vacancy,Thu Apr 30 2026,Thu May 14 2026,0001495652,DEFZZZ,https://www.topjobs.lk/applicant/JobAdvertismentServlet?AC=JOBADVERT&EC=DEFZZZ&JC=0001495652
1495650,Executive - Imports (1),Hirdaramani - H CONNECT (PVT) LIMITED,Please refer the Job Advert,Thu Apr 30 2026,Thu May 07 2026,0001495650,0000000603,https://www.topjobs.lk/applicant/JobAdvertismentServlet?AC=JOBADVERT&EC=0000000603&JC=0001495650
1495649,Deputy Head of Finance,People's Micro-commerce Ltd (PML),Please refer the vacancy,Thu Apr 30 2026,Thu May 14 2026,0001495649,DEFZZZ,https://www.topjobs.lk/applicant/JobAdvertismentServlet?AC=JOBADVERT&EC=DEFZZZ&JC=0001495649
1495648,Sales Executive,Unitec Software Solutions- Gampaha,Please refer the vacancy,Thu Apr 30 2026,Thu May 14 2026,0001495648,DEFZZZ,https://www.topjobs.lk/applicant/JobAdvertismentServlet?AC=JOBADVERT&EC=DEFZZZ&JC=0001495648
1495647,Assistant Accountant | Accounts Assistant,Academics Group Ventures (Pvt) Ltd,Please refer the vacancy,Thu Apr 30 2026,Thu May 14 2026,0001495647,DEFZZZ,https://www.topjobs.lk/applicant/JobAdvertismentServlet?AC=JOBADVERT&EC=DEFZZZ&JC=0001495647
1495646,Deputy Head - Administration & Logistics,People's Micro-commerce Ltd (PML),Please refer the vacancy,Thu Apr 30 2026,Thu May 14 2026,0001495646,DEFZZZ,https://www.topjobs.lk/applicant/JobAdvertismentServlet?AC=JOBADVERT&EC=DEFZZZ&JC=0001495646
1495645,Medical Laboratory Technician (MLT),MCARD Hospital & Laboratory,Please refer the vacancy,Thu Apr 30 2026,Thu May 14 2026,0001495645,DEFZZZ,https://www.topjobs.lk/applicant/JobAdvertismentServlet?AC=JOBADVERT&EC=DEFZZZ&JC=0001495645
1495644,Stores Officer,Greenfield Bio Plantation Pvt Ltd,Please refer the vacancy,Thu Apr 30 2026,Thu May 14 2026,0001495644,DEFZZZ,https://www.topjobs.lk/applicant/JobAdvertismentServlet?AC=JOBADVERT&EC=DEFZZZ&JC=0001495644
1495643,Graphic Designer,Gamma Interpharm (Pvt) Ltd,Please refer the vacancy,Thu Apr 30 2026,Thu May 14 2026,0001495643,DEFZZZ,https://www.topjobs.lk/applicant/JobAdvertismentServlet?AC=JOBADVERT&EC=DEFZZZ&JC=0001495643
1495642,Accounts cum Human Resource Assistant,MCARD Hospital & Laboratory,Please refer the vacancy,Thu Apr 30 2026,Thu May 14 2026,0001495642,DEFZZZ,https://www.topjobs.lk/applicant/JobAdvertismentServlet?AC=JOBADVERT&EC=DEFZZZ&JC=0001495642
1495641,HR Executive,J. M. Wickramarachchi & Co. (Pvt) Ltd,Please refer the vacancy,Thu Apr 30 2026,Thu May 14 2026,0001495641,DEFZZZ,https://www.topjobs.lk/applicant/JobAdvertismentServlet?AC=JOBADVERT&EC=DEFZZZ&JC=0001495641
1495640,Head of Motor Underwriting,Co-Operative Insurance Company PLC,Please refer the vacancy,Thu Apr 30 2026,Thu May 14 2026,0001495640,DEFZZZ,https://www.topjobs.lk/applicant/JobAdvertismentServlet?AC=JOBADVERT&EC=DEFZZZ&JC=0001495640
1495639,Assistant Manager - Human Resource (1),Browns Hotels & Resorts,Please Refer the advert,Thu Apr 30 2026,Thu May 14 2026,0001495639,0000000426,https://www.topjobs.lk/applicant/JobAdvertismentServlet?AC=JOBADVERT&EC=0000000426&JC=0001495639
1495638,Marketing Executive / Assistant,Fresh World Exporters (Pvt) Ltd,Please refer the vacancy,Thu Apr 30 2026,Thu May 14 2026,0001495638,DEFZZZ,https://www.topjobs.lk/applicant/JobAdvertismentServlet?AC=JOBADVERT&EC=DEFZZZ&JC=0001495638
1495636,Intern - Cyber Security (1),Fortude,Please refer to the attached advert and click to apply.,Thu Apr 30 2026,Thu May 14 2026,0001495636,0000000577,https://www.topjobs.lk/applicant/JobAdvertismentServlet?AC=JOBADVERT&EC=0000000577&JC=0001495636
1495634,Supply Chain Executive,Enrich Tea & Food Exports (Pvt) Ltd,Please refer the vacancy,Thu Apr 30 2026,Thu May 14 2026,0001495634,DEFZZZ,https://www.topjobs.lk/applicant/JobAdvertismentServlet?AC=JOBADVERT&EC=DEFZZZ&JC=0001495634
1495632,Stores & Purchasing Executive,Thermo Plastics (Pvt) Ltd,Please refer the vacancy,Thu Apr 30 2026,Thu May 14 2026,0001495632,DEFZZZ,https://www.topjobs.lk/applicant/JobAdvertismentServlet?AC=JOBADVERT&EC=DEFZZZ&JC=0001495632
1495631,Executive - Human Resources (1),MAS Holdings,Refer the Advertisement,Thu Apr 30 2026,Thu May 14 2026,0001495631,0000000111,https://www.topjobs.lk/applicant/JobAdvertismentServlet?AC=JOBADVERT&EC=0000000111&JC=0001495631
1495630,Intern - Cyber Security (1),Fortude,Please refer to the attached advert and click to apply.,Thu Apr 30 2026,Thu May 14 2026,0001495630,0000000577,https://www.topjobs.lk/applicant/JobAdvertismentServlet?AC=JOBADVERT&EC=0000000577&JC=0001495630
1495629,Management Trainee For Keells Outlet (Batticoloa) (1),Jaykay Marketing Services (Pvt) Ltd,Please refer the job advert,Thu Apr 30 2026,Thu May 07 2026,0001495629,0000000315,https://www.topjobs.lk/applicant/JobAdvertismentServlet?AC=JOBADVERT&EC=0000000315&JC=0001495629
1495628,Industrial Engineer Trainee,Sithma Associates (Pvt) Ltd,Offset Printing & Packaging Industry,Thu Apr 30 2026,Thu May 14 2026,0001495628,DEFZZZ,https://www.topjobs.lk/applicant/JobAdvertismentServlet?AC=JOBADVERT&EC=DEFZZZ&JC=0001495628
1495627,Junior Executive - Outbound Holidays,NKAR Travels & Tours (Pvt) Ltd,Please refer the vacancy,Thu Apr 30 2026,Thu May 14 2026,0001495627,DEFZZZ,https://www.topjobs.lk/applicant/JobAdvertismentServlet?AC=JOBADVERT&EC=DEFZZZ&JC=0001495627
1495626,EXECUTIVE - GENERAL LEDGER (1),Orit Apparels (Pvt) Ltd,Please Refer the Advertisement,Thu Apr 30 2026,Tue May 05 2026,0001495626,0000000467,https://www.topjobs.lk/applicant/JobAdvertismentServlet?AC=JOBADVERT&EC=0000000467&JC=0001495626
1495625,Consultant for the Endline Evaluation of the PAIRS Project,National Peace Council of Sri Lanka,Please refer the vacancy,Thu Apr 30 2026,Thu May 14 2026,0001495625,DEFZZZ,https://www.topjobs.lk/applicant/JobAdvertismentServlet?AC=JOBADVERT&EC=DEFZZZ&JC=0001495625
1495624,Executive Quality Control  (1),Sunshine Holdings PLC,Please refer the advertisement,Thu Apr 30 2026,Thu May 14 2026,0001495624,0000000320,https://www.topjobs.lk/applicant/JobAdvertismentServlet?AC=JOBADVERT&EC=0000000320&JC=0001495624
1495623,Strategic Content Writer,"Atmos Solutions, Inc",Please refer the vacancy,Thu Apr 30 2026,Thu May 14 2026,0001495623,DEFZZZ,https://www.topjobs.lk/applicant/JobAdvertismentServlet?AC=JOBADVERT&EC=DEFZZZ&JC=0001495623
1495622,Management Trainee For Keells Outlet (Jaffna) (1),Jaykay Marketing Services (Pvt) Ltd,Please refer the job advert,Thu Apr 30 2026,Thu May 07 2026,0001495622,0000000315,https://www.topjobs.lk/applicant/JobAdvertismentServlet?AC=JOBADVERT&EC=0000000315&JC=0001495622
1495621,Junior Executive - Visa,NKAR Travels & Tours (Pvt) Ltd,Please refer the vacancy,Thu Apr 30 2026,Thu May 14 2026,0001495621,DEFZZZ,https://www.topjobs.lk/applicant/JobAdvertismentServlet?AC=JOBADVERT&EC=DEFZZZ&JC=0001495621
1495620,Intern - Industrial Engineering (1),MAS Holdings,Please click on the image to apply.,Thu Apr 30 2026,Thu May 07 2026,0001495620,0000000111,https://www.topjobs.lk/applicant/JobAdvertismentServlet?AC=JOBADVERT&EC=0000000111&JC=0001495620
1495619,Administration Executive - Two Wheeler,Singer (Sri Lanka) PLC,Please refer the vacancy,Thu Apr 30 2026,Thu May 14 2026,0001495619,DEFZZZ,https://www.topjobs.lk/applicant/JobAdvertismentServlet?AC=JOBADVERT&EC=DEFZZZ&JC=0001495619
1495618,Principal - Nugegoda Branch,Royal Institute International School,Please refer the vacancy,Thu Apr 30 2026,Thu May 14 2026,0001495618,DEFZZZ,https://www.topjobs.lk/applicant/JobAdvertismentServlet?AC=JOBADVERT&EC=DEFZZZ&JC=0001495618
1495617,INTERN FINANCE (1),Orit Apparels (Pvt) Ltd,Please Refer the Advertisement,Thu Apr 30 2026,Thu May 14 2026,0001495617,0000000467,https://www.topjobs.lk/applicant/JobAdvertismentServlet?AC=JOBADVERT&EC=0000000467&JC=0001495617
1495614,Restaurant Vacancies,Ram Cinemas,Please refer the vacancy,Thu Apr 30 2026,Thu May 14 2026,0001495614,DEFZZZ,https://www.topjobs.lk/applicant/JobAdvertismentServlet?AC=JOBADVERT&EC=DEFZZZ&JC=0001495614
1495613,Intern - Mechanical (1),MAS Holdings,Please click on the image to apply.,Thu Apr 30 2026,Thu May 07 2026,0001495613,0000000111,https://www.topjobs.lk/applicant/JobAdvertismentServlet?AC=JOBADVERT&EC=0000000111&JC=0001495613
1495611,Technical Officer,Sierra Construction Ltd,Please refer the vacancy,Thu Apr 30 2026,Thu May 14 2026,0001495611,DEFZZZ,https://www.topjobs.lk/applicant/JobAdvertismentServlet?AC=JOBADVERT&EC=DEFZZZ&JC=0001495611
1495609,Social Officer,Sierra Construction Ltd,Please refer the vacancy,Thu Apr 30 2026,Thu May 14 2026,0001495609,DEFZZZ,https://www.topjobs.lk/applicant/JobAdvertismentServlet?AC=JOBADVERT&EC=DEFZZZ&JC=0001495609
1495608,Deputy Head (Credit Administration),People's Micro-Commerce Ltd,Please refer the vacancy,Thu Apr 30 2026,Thu May 14 2026,0001495608,DEFZZZ,https://www.topjobs.lk/applicant/JobAdvertismentServlet?AC=JOBADVERT&EC=DEFZZZ&JC=0001495608
1495607,BUSINESS DEVELOPMENT CONSULTANT (WITH EXPERIENCE IN INTERNATIONAL / OFFSHORE BUSINESS DEVELOPMENT) (1),Maritime Placements (Pvt) Ltd,"Business Development Consultant -Proven experience in business development, sales, or consulting is a must, Exposure to offshore or international markets i ....",Thu Apr 30 2026,Thu May 07 2026,0001495607,0000000023,https://www.topjobs.lk/applicant/JobAdvertismentServlet?AC=JOBADVERT&EC=0000000023&JC=0001495607
1495606,Administrative Intern,Company Name Withheld,Please refer the vacancy,Thu Apr 30 2026,Thu May 14 2026,0001495606,DEFZZZ,https://www.topjobs.lk/applicant/JobAdvertismentServlet?AC=JOBADVERT&EC=DEFZZZ&JC=0001495606
1495605,Assistant Accountant | Accounts Executive,WKV Hydro Technics (Pvt) Ltd,Please refer the vacancy,Thu Apr 30 2026,Thu May 14 2026,0001495605,DEFZZZ,https://www.topjobs.lk/applicant/JobAdvertismentServlet?AC=JOBADVERT&EC=DEFZZZ&JC=0001495605
1495604,Customer Support Executive,London Sleep Company,Please refer the vacancy,Thu Apr 30 2026,Thu May 14 2026,0001495604,DEFZZZ,https://www.topjobs.lk/applicant/JobAdvertismentServlet?AC=JOBADVERT&EC=DEFZZZ&JC=0001495604
1495603,HR Executive,P&A Insurance Brokers (Pvt) Ltd,Please refer the vacancy,Thu Apr 30 2026,Thu May 14 2026,0001495603,DEFZZZ,https://www.topjobs.lk/applicant/JobAdvertismentServlet?AC=JOBADVERT&EC=DEFZZZ&JC=0001495603
1495602,HR Officer,People's Micro-Commerce Ltd,Please refer the vacancy,Thu Apr 30 2026,Thu May 14 2026,0001495602,DEFZZZ,https://www.topjobs.lk/applicant/JobAdvertismentServlet?AC=JOBADVERT&EC=DEFZZZ&JC=0001495602
1495601,Finance Manager,SP Solutions (Pvt) Ltd,Please refer the vacancy,Thu Apr 30 2026,Thu May 14 2026,0001495601,DEFZZZ,https://www.topjobs.lk/applicant/JobAdvertismentServlet?AC=JOBADVERT&EC=DEFZZZ&JC=0001495601
1495600,CCTV OPERATOR,SITREK Security Solutions (Pvt) Ltd,Please refer to the advertisement,Thu Apr 30 2026,Thu May 07 2026,0001495600,0000000508,https://www.topjobs.lk/applicant/JobAdvertismentServlet?AC=JOBADVERT&EC=0000000508&JC=0001495600
1495599,Intern ? Autonomation ( Mawathagama ) (1),MAS Holdings,Click on the vacancy image to apply.,Thu Apr 30 2026,Sun May 10 2026,0001495599,0000000111,https://www.topjobs.lk/applicant/JobAdvertismentServlet?AC=JOBADVERT&EC=0000000111&JC=0001495599
1495597,Management Trainee - Business Development,East Link Engineering Co.(Pvt) Ltd,Please refer the vacancy,Thu Apr 30 2026,Thu May 14 2026,0001495597,DEFZZZ,https://www.topjobs.lk/applicant/JobAdvertismentServlet?AC=JOBADVERT&EC=DEFZZZ&JC=0001495597
1495595,Technician,Worldwide Commodities (Pvt) Ltd,Please refer the vacancy,Thu Apr 30 2026,Thu May 14 2026,0001495595,DEFZZZ,https://www.topjobs.lk/applicant/JobAdvertismentServlet?AC=JOBADVERT&EC=DEFZZZ&JC=0001495595
1495594,Internship - Actuarial Department,Ceylinco Life Insurance Ltd,Please refer the vacancy,Thu Apr 30 2026,Thu May 14 2026,0001495594,DEFZZZ,https://www.topjobs.lk/applicant/JobAdvertismentServlet?AC=JOBADVERT&EC=DEFZZZ&JC=0001495594
1495593,Stores Assistant (1),St.Anthony's Industries Group (Pvt) Ltd.,Please refer the advertisement,Thu Apr 30 2026,Thu May 07 2026,0001495593,0000000500,https://www.topjobs.lk/applicant/JobAdvertismentServlet?AC=JOBADVERT&EC=0000000500&JC=0001495593
1495592,Senior Accountant | Accountant - UK,Veracity Managed Services (Pvt) Ltd,Work Opportunities from Home/office UK calendar,Thu Apr 30 2026,Thu May 14 2026,0001495592,DEFZZZ,https://www.topjobs.lk/applicant/JobAdvertismentServlet?AC=JOBADVERT&EC=DEFZZZ&JC=0001495592
1495591,Attorneys-At-Law & Notaries CLub,John Wilson Partners,Please refer the vacancy,Thu Apr 30 2026,Thu May 14 2026,0001495591,DEFZZZ,https://www.topjobs.lk/applicant/JobAdvertismentServlet?AC=JOBADVERT&EC=DEFZZZ&JC=0001495591
1495590,Officer - Export,Texlan Center (Pvt) Ltd,Please refer the vacancy,Thu Apr 30 2026,Thu May 14 2026,0001495590,DEFZZZ,https://www.topjobs.lk/applicant/JobAdvertismentServlet?AC=JOBADVERT&EC=DEFZZZ&JC=0001495590
1495589,Quantity Surveyor / Assistant Quantity Surveyor,Sripalie Contarctors (Pvt) Ltd,Please refer the vacancy,Thu Apr 30 2026,Thu May 14 2026,0001495589,DEFZZZ,https://www.topjobs.lk/applicant/JobAdvertismentServlet?AC=JOBADVERT&EC=DEFZZZ&JC=0001495589
1495588,Senior Manager - Imports (1),EURO MOTORS (PVT) LTD,Reputed automobile company in colombo,Thu Apr 30 2026,Thu May 07 2026,0001495588,0000000672,https://www.topjobs.lk/applicant/JobAdvertismentServlet?AC=JOBADVERT&EC=0000000672&JC=0001495588
1495587,Quality Assurance Assistant (1),St.Anthony's Industries Group (Pvt) Ltd.,Please refer the advertisement,Thu Apr 30 2026,Thu May 07 2026,0001495587,0000000500,https://www.topjobs.lk/applicant/JobAdvertismentServlet?AC=JOBADVERT&EC=0000000500&JC=0001495587
1495586,Accountant,Veracity Group,Working Opportunities from Home/office on Middle East Calendar,Thu Apr 30 2026,Thu May 14 2026,0001495586,DEFZZZ,https://www.topjobs.lk/applicant/JobAdvertismentServlet?AC=JOBADVERT&EC=DEFZZZ&JC=0001495586
1495585,Associate Lawyer,John Wilson Partners,Please refer the vacancy,Thu Apr 30 2026,Thu May 14 2026,0001495585,DEFZZZ,https://www.topjobs.lk/applicant/JobAdvertismentServlet?AC=JOBADVERT&EC=DEFZZZ&JC=0001495585
1495584,Japanese Interpreter,Codimite (Pvt) Ltd,Please refer the vacancy,Thu Apr 30 2026,Thu May 14 2026,0001495584,DEFZZZ,https://www.topjobs.lk/applicant/JobAdvertismentServlet?AC=JOBADVERT&EC=DEFZZZ&JC=0001495584
1495583,Site Engineer | Site Manager | Foreman,Sky Homes & Engineering (Private) Ltd,Please refer the vacancy,Thu Apr 30 2026,Thu May 14 2026,0001495583,DEFZZZ,https://www.topjobs.lk/applicant/JobAdvertismentServlet?AC=JOBADVERT&EC=DEFZZZ&JC=0001495583
1495582,Medical Laboratory Technician (MLT),Company Name Withheld,Please refer the vacancy,Thu Apr 30 2026,Thu May 14 2026,0001495582,DEFZZZ,https://www.topjobs.lk/applicant/JobAdvertismentServlet?AC=JOBADVERT&EC=DEFZZZ&JC=0001495582
1495581,Quantity Surveyor | Assistant Quantity Surveyor,Alpha Fire Services PLC,Please refer the vacancy,Thu Apr 30 2026,Thu May 14 2026,0001495581,DEFZZZ,https://www.topjobs.lk/applicant/JobAdvertismentServlet?AC=JOBADVERT&EC=DEFZZZ&JC=0001495581
1495580,Account Executive (Ja-Ela),Chart Consultants (Private) Limited,Please refer the vacancy,Thu Apr 30 2026,Thu May 14 2026,0001495580,DEFZZZ,https://www.topjobs.lk/applicant/JobAdvertismentServlet?AC=JOBADVERT&EC=DEFZZZ&JC=0001495580
1495579,Head Of Strategic Healthcare Initiatives & Regulatory Compliance (1),Nawaloka Hospitals PLC,Please refer the advertisement.,Thu Apr 30 2026,Thu May 14 2026,0001495579,0000000178,https://www.topjobs.lk/applicant/JobAdvertismentServlet?AC=JOBADVERT&EC=0000000178&JC=0001495579
1495577,Pharmacy Assistant,Company Name Withheld,Please refer the vacancy,Thu Apr 30 2026,Thu May 14 2026,0001495577,DEFZZZ,https://www.topjobs.lk/applicant/JobAdvertismentServlet?AC=JOBADVERT&EC=DEFZZZ&JC=0001495577
1495576,Executive - Autonomation Engineer (1),MAS Holdings,Click on the advert to apply,Thu Apr 30 2026,Thu May 14 2026,0001495576,0000000111,https://www.topjobs.lk/applicant/JobAdvertismentServlet?AC=JOBADVERT&EC=0000000111&JC=0001495576
1495574,Associate - Accounts,Chart Consultants (Private) Limited,Please refer the vacancy,Thu Apr 30 2026,Thu May 14 2026,0001495574,DEFZZZ,https://www.topjobs.lk/applicant/JobAdvertismentServlet?AC=JOBADVERT&EC=DEFZZZ&JC=0001495574
1495573,Project Manager | Project Engineer,Alpha Fire Services PLC,Please refer the vacancy,Thu Apr 30 2026,Thu May 14 2026,0001495573,DEFZZZ,https://www.topjobs.lk/applicant/JobAdvertismentServlet?AC=JOBADVERT&EC=DEFZZZ&JC=0001495573
1495572,Accounts Assistant,Company Name Withheld,Please refer the vacancy,Thu Apr 30 2026,Thu May 14 2026,0001495572,DEFZZZ,https://www.topjobs.lk/applicant/JobAdvertismentServlet?AC=JOBADVERT&EC=DEFZZZ&JC=0001495572
1495570,Accountant,R.C.A Alu.Craft Engineers (Pvt) Ltd,Please refer the vacancy,Thu Apr 30 2026,Thu May 14 2026,0001495570,DEFZZZ,https://www.topjobs.lk/applicant/JobAdvertismentServlet?AC=JOBADVERT&EC=DEFZZZ&JC=0001495570
1495569,Safety Officer | Supervisor,Ewmi Holdings (Pvt) Ltd,Please refer the vacancy,Thu Apr 30 2026,Thu May 14 2026,0001495569,DEFZZZ,https://www.topjobs.lk/applicant/JobAdvertismentServlet?AC=JOBADVERT&EC=DEFZZZ&JC=0001495569
1495568,Accountant / Accounts Assistant (Colombo),Kandy City Center,Please refer the vacancy,Thu Apr 30 2026,Thu May 14 2026,0001495568,DEFZZZ,https://www.topjobs.lk/applicant/JobAdvertismentServlet?AC=JOBADVERT&EC=DEFZZZ&JC=0001495568
1495567,Process Engineer - Activated Carbon,PLAC Global Holdings Pvt Ltd,Please refer the vacancy,Thu Apr 30 2026,Thu May 14 2026,0001495567,DEFZZZ,https://www.topjobs.lk/applicant/JobAdvertismentServlet?AC=JOBADVERT&EC=DEFZZZ&JC=0001495567
1495566,Civil Engineer (Tekla Structures),Swetch Colombo (Private) Limited,Please refer the vacancy,Thu Apr 30 2026,Thu May 14 2026,0001495566,DEFZZZ,https://www.topjobs.lk/applicant/JobAdvertismentServlet?AC=JOBADVERT&EC=DEFZZZ&JC=0001495566
1495565,BAR MANAGER - SEYCHELLES (3),Maritime International Limited,"To work in star Class Hotel in Seychelles. Experienced in Bar Manager. . Please refer Topjobs advertisement for details. Fluent in English. 
													 ....",Thu Apr 30 2026,Mon May 04 2026,0001495565,0000000361,https://www.topjobs.lk/applicant/JobAdvertismentServlet?AC=JOBADVERT&EC=0000000361&JC=0001495565
1495564,Network Administrator,Kandy City Centre,Please refer the vacancy,Thu Apr 30 2026,Thu May 14 2026,0001495564,DEFZZZ,https://www.topjobs.lk/applicant/JobAdvertismentServlet?AC=JOBADVERT&EC=DEFZZZ&JC=0001495564
1495563,Operation Manager (1),Debug Group of Companies,Please refer to the advertisement,Thu Apr 30 2026,Thu May 14 2026,0001495563,0000000338,https://www.topjobs.lk/applicant/JobAdvertismentServlet?AC=JOBADVERT&EC=0000000338&JC=0001495563
1495562,Senior Executive | Executive - Actuarial Services,Ceylinco Life Insurance Limited,Please refer the vacancy,Thu Apr 30 2026,Thu May 14 2026,0001495562,DEFZZZ,https://www.topjobs.lk/applicant/JobAdvertismentServlet?AC=JOBADVERT&EC=DEFZZZ&JC=0001495562
1495561,Community Management Coordinator,U.S Embassy,Please refer the vacancy,Thu Apr 30 2026,Thu May 14 2026,0001495561,DEFZZZ,https://www.topjobs.lk/applicant/JobAdvertismentServlet?AC=JOBADVERT&EC=DEFZZZ&JC=0001495561
1495560,Service Coordinator (1),Debug Group of Companies,Please refer the job advertisement,Thu Apr 30 2026,Thu May 14 2026,0001495560,0000000338,https://www.topjobs.lk/applicant/JobAdvertismentServlet?AC=JOBADVERT&EC=0000000338&JC=0001495560
1495559,Teacher Vacancies,Guidance International School,Please refer the vacancy,Thu Apr 30 2026,Thu May 14 2026,0001495559,DEFZZZ,https://www.topjobs.lk/applicant/JobAdvertismentServlet?AC=JOBADVERT&EC=DEFZZZ&JC=0001495559
1495558,Electrician,Varun Beverages Lanka (Pvt) Ltd,Please refer the vacancy,Thu Apr 30 2026,Thu May 14 2026,0001495558,DEFZZZ,https://www.topjobs.lk/applicant/JobAdvertismentServlet?AC=JOBADVERT&EC=DEFZZZ&JC=0001495558
1495557,Associate Architect / Senior Tech Lead,Altria Consulting (Pvt) Ltd,Please refer the vacancy,Thu Apr 30 2026,Thu May 14 2026,0001495557,DEFZZZ,https://www.topjobs.lk/applicant/JobAdvertismentServlet?AC=JOBADVERT&EC=DEFZZZ&JC=0001495557
1495556,Assistant Store Keeper (1),Richardson Group of Companies,Please refer the job advert,Thu Apr 30 2026,Thu May 14 2026,0001495556,0000000196,https://www.topjobs.lk/applicant/JobAdvertismentServlet?AC=JOBADVERT&EC=0000000196&JC=0001495556
1495555,Branch Manager,Honey Pot,Please refer the vacancy,Thu Apr 30 2026,Thu May 14 2026,0001495555,DEFZZZ,https://www.topjobs.lk/applicant/JobAdvertismentServlet?AC=JOBADVERT&EC=DEFZZZ&JC=0001495555
1495554,Executive - Human Resources,Printcare PLC,Please refer the vacancy,Thu Apr 30 2026,Thu May 14 2026,0001495554,DEFZZZ,https://www.topjobs.lk/applicant/JobAdvertismentServlet?AC=JOBADVERT&EC=DEFZZZ&JC=0001495554
1495553,F&B Manager,Chives Cafe and Bistro,Please refer the vacancy,Thu Apr 30 2026,Thu May 14 2026,0001495553,DEFZZZ,https://www.topjobs.lk/applicant/JobAdvertismentServlet?AC=JOBADVERT&EC=DEFZZZ&JC=0001495553
1495552,Quantity Surveyor (Water Supply & Road Construction Projects),Sierra Construction (Pvt) Ltd,Please refer the vacancy,Thu Apr 30 2026,Thu May 14 2026,0001495552,DEFZZZ,https://www.topjobs.lk/applicant/JobAdvertismentServlet?AC=JOBADVERT&EC=DEFZZZ&JC=0001495552
1495551,Accountant,Lavanga Beach Hotel,Please refer the vacancy,Thu Apr 30 2026,Thu May 14 2026,0001495551,DEFZZZ,https://www.topjobs.lk/applicant/JobAdvertismentServlet?AC=JOBADVERT&EC=DEFZZZ&JC=0001495551
1495550,Hotel Vacancies,Saltasia Botique Beach Villa,Please refer the vacancy,Thu Apr 30 2026,Thu May 14 2026,0001495550,DEFZZZ,https://www.topjobs.lk/applicant/JobAdvertismentServlet?AC=JOBADVERT&EC=DEFZZZ&JC=0001495550
1495549,"Environmental, Health and Safety Officer (Road Construction Projects)",Sierra Construction (Pvt) Ltd,Please refer the vacancy,Thu Apr 30 2026,Thu May 14 2026,0001495549,DEFZZZ,https://www.topjobs.lk/applicant/JobAdvertismentServlet?AC=JOBADVERT&EC=DEFZZZ&JC=0001495549
1495548,Warehouse Assistant,NCG Warehouse Solutions (Pvt) Ltd,Please refer the vacancy,Thu Apr 30 2026,Thu May 14 2026,0001495548,DEFZZZ,https://www.topjobs.lk/applicant/JobAdvertismentServlet?AC=JOBADVERT&EC=DEFZZZ&JC=0001495548
1495546,Draftsman (Road Projects & Water Projects),Sierra Construction (Pvt) Ltd,Please refer the vacancy,Thu Apr 30 2026,Thu May 14 2026,0001495546,DEFZZZ,https://www.topjobs.lk/applicant/JobAdvertismentServlet?AC=JOBADVERT&EC=DEFZZZ&JC=0001495546
1495545,Executive/ Senior Executive/ Assistant Manager - Sales (Fixed Deposits) (11),Softlogic Finance PLC,Kindly refer the job advertisement.,Thu Apr 30 2026,Thu May 14 2026,0001495545,0000000714,https://www.topjobs.lk/applicant/JobAdvertismentServlet?AC=JOBADVERT&EC=0000000714&JC=0001495545
1495544,Head of Finance (Transport Sector),Lyceum Global Holdings (Pvt) Ltd,Please refer the vacancy,Thu Apr 30 2026,Thu May 14 2026,0001495544,DEFZZZ,https://www.topjobs.lk/applicant/JobAdvertismentServlet?AC=JOBADVERT&EC=DEFZZZ&JC=0001495544
1495543,Medical Laboratory Technicians,Winlanka Hospital,Please refer the vacancy,Thu Apr 30 2026,Thu May 14 2026,0001495543,DEFZZZ,https://www.topjobs.lk/applicant/JobAdvertismentServlet?AC=JOBADVERT&EC=DEFZZZ&JC=0001495543
1495542,Digital Brand & Growth Manager,Hashtag Clothing,Please refer the vacancy,Thu Apr 30 2026,Thu May 14 2026,0001495542,DEFZZZ,https://www.topjobs.lk/applicant/JobAdvertismentServlet?AC=JOBADVERT&EC=DEFZZZ&JC=0001495542
1495541,Assistant Manager - Sales,Packages Lanka (Pvt) Ltd,Please refer the vacancy,Thu Apr 30 2026,Thu May 14 2026,0001495541,DEFZZZ,https://www.topjobs.lk/applicant/JobAdvertismentServlet?AC=JOBADVERT&EC=DEFZZZ&JC=0001495541
1495540,Sales Coordinators (Crate Division),Nilkamal Eswaran Plastics (Pvt) Ltd,Please refer the vacancy,Thu Apr 30 2026,Thu May 14 2026,0001495540,DEFZZZ,https://www.topjobs.lk/applicant/JobAdvertismentServlet?AC=JOBADVERT&EC=DEFZZZ&JC=0001495540
1495539,Maintenance Officer,Puwakaramba Enterprises (Pvt) Ltd,Please refer the vacancy,Thu Apr 30 2026,Thu May 14 2026,0001495539,DEFZZZ,https://www.topjobs.lk/applicant/JobAdvertismentServlet?AC=JOBADVERT&EC=DEFZZZ&JC=0001495539
1495538,Junior Executive - Operations,Lyceum Global Holdings (Pvt) Ltd,Please refer the vacancy,Thu Apr 30 2026,Thu May 14 2026,0001495538,DEFZZZ,https://www.topjobs.lk/applicant/JobAdvertismentServlet?AC=JOBADVERT&EC=DEFZZZ&JC=0001495538
1495537,Senior Executive - Compliance (EHS),Packages Lanka (Pvt) Ltd,Please refer the vacancy,Thu Apr 30 2026,Thu May 14 2026,0001495537,DEFZZZ,https://www.topjobs.lk/applicant/JobAdvertismentServlet?AC=JOBADVERT&EC=DEFZZZ&JC=0001495537
1495536,Intern - Human Resources (1),MAS Holdings,Refer the Advertisement,Thu Apr 30 2026,Thu May 14 2026,0001495536,0000000111,https://www.topjobs.lk/applicant/JobAdvertismentServlet?AC=JOBADVERT&EC=0000000111&JC=0001495536
1495535,Store Keeper - Bandarawela (Poonagala),Senura Civil Engineering (Pvt) Ltd,Please refer the vacancy,Thu Apr 30 2026,Thu May 14 2026,0001495535,DEFZZZ,https://www.topjobs.lk/applicant/JobAdvertismentServlet?AC=JOBADVERT&EC=DEFZZZ&JC=0001495535
1495534,Secretary to MD,Packages Lanka (Pvt) Ltd,Please refer the vacancy,Thu Apr 30 2026,Thu May 14 2026,0001495534,DEFZZZ,https://www.topjobs.lk/applicant/JobAdvertismentServlet?AC=JOBADVERT&EC=DEFZZZ&JC=0001495534
1495533,Filling Station Supervisor (Wattala),RTT Group,Please refer the vacancy,Thu Apr 30 2026,Thu May 14 2026,0001495533,DEFZZZ,https://www.topjobs.lk/applicant/JobAdvertismentServlet?AC=JOBADVERT&EC=DEFZZZ&JC=0001495533
1495532,Graphic Designer,Sanasa General Insurance Company Ltd,Please refer the vacancy,Thu Apr 30 2026,Thu May 14 2026,0001495532,DEFZZZ,https://www.topjobs.lk/applicant/JobAdvertismentServlet?AC=JOBADVERT&EC=DEFZZZ&JC=0001495532
1495531,Finance Intern,ACME Logistics Pvt Ltd,Please refer the vacancy,Thu Apr 30 2026,Thu May 14 2026,0001495531,DEFZZZ,https://www.topjobs.lk/applicant/JobAdvertismentServlet?AC=JOBADVERT&EC=DEFZZZ&JC=0001495531
1495530,Hotel Vacancies,NH Collection Colombo,Please refer the vacancy,Thu Apr 30 2026,Thu May 14 2026,0001495530,DEFZZZ,https://www.topjobs.lk/applicant/JobAdvertismentServlet?AC=JOBADVERT&EC=DEFZZZ&JC=0001495530
1495529,Technical Officer | Quantity Surveyor,ArckiBuild (Pvt) Ltd,Please refer the vacancy,Thu Apr 30 2026,Thu May 14 2026,0001495529,DEFZZZ,https://www.topjobs.lk/applicant/JobAdvertismentServlet?AC=JOBADVERT&EC=DEFZZZ&JC=0001495529
1495528,Sales Executive (1),Debug Group of Companies,Please refer the job advertisement,Thu Apr 30 2026,Thu May 14 2026,0001495528,0000000338,https://www.topjobs.lk/applicant/JobAdvertismentServlet?AC=JOBADVERT&EC=0000000338&JC=0001495528
1495527,Accounts Assistant - Asphalt Plant & Crusher Plant (Wadakada),Senura Civil Engineering (Pvt) Ltd,Please refer the vacancy,Thu Apr 30 2026,Thu May 14 2026,0001495527,DEFZZZ,https://www.topjobs.lk/applicant/JobAdvertismentServlet?AC=JOBADVERT&EC=DEFZZZ&JC=0001495527
1495526,HR Trainee | HR Executive | Senior HR Executive,Nikro Management Services,Please refer the vacancy,Thu Apr 30 2026,Thu May 14 2026,0001495526,DEFZZZ,https://www.topjobs.lk/applicant/JobAdvertismentServlet?AC=JOBADVERT&EC=DEFZZZ&JC=0001495526
1495525,Graduate Quantity Surveyor,International Construction Consortium (Pvt) Ltd,Please refer the vacancy,Thu Apr 30 2026,Thu May 14 2026,0001495525,DEFZZZ,https://www.topjobs.lk/applicant/JobAdvertismentServlet?AC=JOBADVERT&EC=DEFZZZ&JC=0001495525
1495524,Telemarketing / Sales Executive,Orient Glass (Pvt) Ltd,Please refer the vacancy,Thu Apr 30 2026,Thu May 14 2026,0001495524,DEFZZZ,https://www.topjobs.lk/applicant/JobAdvertismentServlet?AC=JOBADVERT&EC=DEFZZZ&JC=0001495524
1495523,Associate Branch Operations-Battaramulla (1),Softlogic Life Insurance PLC,Please refer the advert.,Thu Apr 30 2026,Thu May 07 2026,0001495523,0000000576,https://www.topjobs.lk/applicant/JobAdvertismentServlet?AC=JOBADVERT&EC=0000000576&JC=0001495523
1495522,Accounts Assistant cum Storekeeper - Asphalt Plant (Wellawaya - Badulla),Senura Civil Engineering (Pvt) Ltd,Please refer the vacancy,Thu Apr 30 2026,Thu May 14 2026,0001495522,DEFZZZ,https://www.topjobs.lk/applicant/JobAdvertismentServlet?AC=JOBADVERT&EC=DEFZZZ&JC=0001495522
1495521,CEO,EAP Films & Theatres,Please refer the vacancy,Thu Apr 30 2026,Thu May 14 2026,0001495521,DEFZZZ,https://www.topjobs.lk/applicant/JobAdvertismentServlet?AC=JOBADVERT&EC=DEFZZZ&JC=0001495521
1495520,Construction Project Manager,Colombo Export & Import Agencies (Pvt) Ltd,Please refer the vacancy,Thu Apr 30 2026,Thu May 14 2026,0001495520,DEFZZZ,https://www.topjobs.lk/applicant/JobAdvertismentServlet?AC=JOBADVERT&EC=DEFZZZ&JC=0001495520
1495519,Quantity Surveyor,Orient Glass (Pvt) Ltd,Please refer the vacancy,Thu Apr 30 2026,Thu May 14 2026,0001495519,DEFZZZ,https://www.topjobs.lk/applicant/JobAdvertismentServlet?AC=JOBADVERT&EC=DEFZZZ&JC=0001495519
1495518,Associate Branch Operations (1),Softlogic Life Insurance PLC,Please refer the advert.,Thu Apr 30 2026,Thu May 07 2026,0001495518,0000000576,https://www.topjobs.lk/applicant/JobAdvertismentServlet?AC=JOBADVERT&EC=0000000576&JC=0001495518
1495517,Manager - Research,HNB Stockbrokers (Pvt) Ltd,Please refer the vacancy,Thu Apr 30 2026,Thu May 14 2026,0001495517,DEFZZZ,https://www.topjobs.lk/applicant/JobAdvertismentServlet?AC=JOBADVERT&EC=DEFZZZ&JC=0001495517
1495516,Head of Sales,Megakem Lanka (Pvt) Ltd,Please refer the vacancy,Thu Apr 30 2026,Thu May 14 2026,0001495516,DEFZZZ,https://www.topjobs.lk/applicant/JobAdvertismentServlet?AC=JOBADVERT&EC=DEFZZZ&JC=0001495516
1495515,Trainee - Financial Planning,Engage Financial Solutions,Please refer the vacancy,Thu Apr 30 2026,Thu May 14 2026,0001495515,DEFZZZ,https://www.topjobs.lk/applicant/JobAdvertismentServlet?AC=JOBADVERT&EC=DEFZZZ&JC=0001495515
1495514,Operation Officer,Honey Pot,Please refer the vacancy,Thu Apr 30 2026,Thu May 14 2026,0001495514,DEFZZZ,https://www.topjobs.lk/applicant/JobAdvertismentServlet?AC=JOBADVERT&EC=DEFZZZ&JC=0001495514
1495513,Executive - Quality Assurance (1),Teejay Lanka,Please refer the advert.,Thu Apr 30 2026,Thu May 14 2026,0001495513,0000000442,https://www.topjobs.lk/applicant/JobAdvertismentServlet?AC=JOBADVERT&EC=0000000442&JC=0001495513
1495512,Senior Executive - Marketing & Brand Management,Royal Institute Campus (RIC),Please refer the vacancy,Thu Apr 30 2026,Thu May 14 2026,0001495512,DEFZZZ,https://www.topjobs.lk/applicant/JobAdvertismentServlet?AC=JOBADVERT&EC=DEFZZZ&JC=0001495512
1495511,Store Keeper - Crusher Plant (Wellawaya - Badulla),Senura Civil Engineering (Pvt) Ltd,Please refer the vacancy,Thu Apr 30 2026,Thu May 14 2026,0001495511,DEFZZZ,https://www.topjobs.lk/applicant/JobAdvertismentServlet?AC=JOBADVERT&EC=DEFZZZ&JC=0001495511
1495510,Executive - Quality Assurance (1),Teejay Lanka,Please refer the advert,Thu Apr 30 2026,Thu May 14 2026,0001495510,0000000442,https://www.topjobs.lk/applicant/JobAdvertismentServlet?AC=JOBADVERT&EC=0000000442&JC=0001495510
1495509,Sales Executive | Account Managers - HoReCa,MA's Kitchen,Please refer the vacancy,Thu Apr 30 2026,Thu May 14 2026,0001495509,DEFZZZ,https://www.topjobs.lk/applicant/JobAdvertismentServlet?AC=JOBADVERT&EC=DEFZZZ&JC=0001495509
1495508,Sales and Admin Support,Rinstrum (Private) Limited,Please refer the vacancy,Thu Apr 30 2026,Thu May 14 2026,0001495508,DEFZZZ,https://www.topjobs.lk/applicant/JobAdvertismentServlet?AC=JOBADVERT&EC=DEFZZZ&JC=0001495508
1495507,Assistant Manager ? Inventory Management  (1),Sunshine Holdings PLC,Please refer the advertisement,Thu Apr 30 2026,Thu May 14 2026,0001495507,0000000320,https://www.topjobs.lk/applicant/JobAdvertismentServlet?AC=JOBADVERT&EC=0000000320&JC=0001495507
1495506,Branch Operations Officer (2),Softlogic Finance PLC,Kindly refer the job advertisement.,Thu Apr 30 2026,Thu May 14 2026,0001495506,0000000714,https://www.topjobs.lk/applicant/JobAdvertismentServlet?AC=JOBADVERT&EC=0000000714&JC=0001495506
1495505,Logistics & Supply Chain Executive - Dambulla,MA's Kitchen,Please refer the vacancy,Thu Apr 30 2026,Thu May 14 2026,0001495505,DEFZZZ,https://www.topjobs.lk/applicant/JobAdvertismentServlet?AC=JOBADVERT&EC=DEFZZZ&JC=0001495505
1495504,Accounts Assistant,Insight Business Consultants Pvt Ltd,Please refer the vacancy,Thu Apr 30 2026,Thu May 14 2026,0001495504,DEFZZZ,https://www.topjobs.lk/applicant/JobAdvertismentServlet?AC=JOBADVERT&EC=DEFZZZ&JC=0001495504
1495503,Account Executive / Accounts Assistant (Female),Nadeeka Group of Companies,Please refer the vacancy,Thu Apr 30 2026,Thu May 14 2026,0001495503,DEFZZZ,https://www.topjobs.lk/applicant/JobAdvertismentServlet?AC=JOBADVERT&EC=DEFZZZ&JC=0001495503
1495502,Sales and Admin Support,Rinstrum (Private) Limited,Please refer the vacancy,Thu Apr 30 2026,Thu May 14 2026,0001495502,DEFZZZ,https://www.topjobs.lk/applicant/JobAdvertismentServlet?AC=JOBADVERT&EC=DEFZZZ&JC=0001495502
1495501,Front Office Executive - Uga Ghiri  (1),Uga Resorts,Please refer advert.,Thu Apr 30 2026,Thu May 14 2026,0001495501,0000000581,https://www.topjobs.lk/applicant/JobAdvertismentServlet?AC=JOBADVERT&EC=0000000581&JC=0001495501
1495500,Security Assistant,British High Commission Colombo,Please refer the vacancy,Thu Apr 30 2026,Thu May 14 2026,0001495500,DEFZZZ,https://www.topjobs.lk/applicant/JobAdvertismentServlet?AC=JOBADVERT&EC=DEFZZZ&JC=0001495500
1495499,Intern UI | UX Designer,OXO Tech (Pvt) Ltd,Please refer the vacancy,Thu Apr 30 2026,Thu May 14 2026,0001495499,DEFZZZ,https://www.topjobs.lk/applicant/JobAdvertismentServlet?AC=JOBADVERT&EC=DEFZZZ&JC=0001495499
1495498,Junior Executive - Quantity Surveyor Cum Draftsman (1),Ceyline Group,Please refer the vacancy,Thu Apr 30 2026,Thu May 14 2026,0001495498,0000000497,https://www.topjobs.lk/applicant/JobAdvertismentServlet?AC=JOBADVERT&EC=0000000497&JC=0001495498
1495497,Head of Marketing,Company Name Withheld,Please refer the vacancy,Thu Apr 30 2026,Thu May 14 2026,0001495497,DEFZZZ,https://www.topjobs.lk/applicant/JobAdvertismentServlet?AC=JOBADVERT&EC=DEFZZZ&JC=0001495497
1495496,Sales and Admin Support,Rinstrum (Private) Limited,Please refer the vacancy,Thu Apr 30 2026,Thu May 14 2026,0001495496,DEFZZZ,https://www.topjobs.lk/applicant/JobAdvertismentServlet?AC=JOBADVERT&EC=DEFZZZ&JC=0001495496
1495495,Senior Human Resources Coordinator,Livest (Pvt) Ltd,Please refer the vacancy,Thu Apr 30 2026,Thu May 14 2026,0001495495,DEFZZZ,https://www.topjobs.lk/applicant/JobAdvertismentServlet?AC=JOBADVERT&EC=DEFZZZ&JC=0001495495
1495494,Chef De Partie (Indian Specialty Chef) | Sous Chef (A La Carte),Silver Ray Grand,Please refer the vacancy,Thu Apr 30 2026,Thu May 14 2026,0001495494,DEFZZZ,https://www.topjobs.lk/applicant/JobAdvertismentServlet?AC=JOBADVERT&EC=DEFZZZ&JC=0001495494
1495493,Receptionist (Male | Female),Upali's by Nawaloka,Please refer the vacancy,Thu Apr 30 2026,Thu May 14 2026,0001495493,DEFZZZ,https://www.topjobs.lk/applicant/JobAdvertismentServlet?AC=JOBADVERT&EC=DEFZZZ&JC=0001495493
1495492,Senior Accounts Executive,Rathna Group,Please refer the vacancy,Thu Apr 30 2026,Thu May 14 2026,0001495492,DEFZZZ,https://www.topjobs.lk/applicant/JobAdvertismentServlet?AC=JOBADVERT&EC=DEFZZZ&JC=0001495492
1495491,Receptionist (Head Office),Singer Finance (Lanka) Ltd,Please refer the vacancy,Thu Apr 30 2026,Thu May 14 2026,0001495491,DEFZZZ,https://www.topjobs.lk/applicant/JobAdvertismentServlet?AC=JOBADVERT&EC=DEFZZZ&JC=0001495491
1495490,Restaurant Vacancies - Colombo 07,Thilapiya Colombo,Please refer the vacancy,Thu Apr 30 2026,Thu May 14 2026,0001495490,DEFZZZ,https://www.topjobs.lk/applicant/JobAdvertismentServlet?AC=JOBADVERT&EC=DEFZZZ&JC=0001495490
1495488,Full Stack Developer,Yaden Pharmacy (Private) Limited,Please refer the vacancy,Thu Apr 30 2026,Thu May 14 2026,0001495488,DEFZZZ,https://www.topjobs.lk/applicant/JobAdvertismentServlet?AC=JOBADVERT&EC=DEFZZZ&JC=0001495488
1495486,Senior Executive / Executive (Signage Solutions),Emerging Media (Pvt) Ltd,Please refer the vacancy,Thu Apr 30 2026,Thu May 14 2026,0001495486,DEFZZZ,https://www.topjobs.lk/applicant/JobAdvertismentServlet?AC=JOBADVERT&EC=DEFZZZ&JC=0001495486
1495485,Sr. Executive | Assistant Manager - Procurement & Inventory,Yaden Laboratories (Pvt) Ltd,Please refer the vacancy,Thu Apr 30 2026,Thu May 14 2026,0001495485,DEFZZZ,https://www.topjobs.lk/applicant/JobAdvertismentServlet?AC=JOBADVERT&EC=DEFZZZ&JC=0001495485
1495484,Marketing Executive,Emerging Media (Pvt) Ltd,Please refer the vacancy,Thu Apr 30 2026,Thu May 14 2026,0001495484,DEFZZZ,https://www.topjobs.lk/applicant/JobAdvertismentServlet?AC=JOBADVERT&EC=DEFZZZ&JC=0001495484
1495483,Field Officer,Emerging Media (Pvt) Ltd,Please refer the vacancy,Thu Apr 30 2026,Thu May 14 2026,0001495483,DEFZZZ,https://www.topjobs.lk/applicant/JobAdvertismentServlet?AC=JOBADVERT&EC=DEFZZZ&JC=0001495483
1495482,Graphic Designer & AI Video Creator / Editor,Emerging Media (Pvt) Ltd,Please refer the vacancy,Thu Apr 30 2026,Thu May 14 2026,0001495482,DEFZZZ,https://www.topjobs.lk/applicant/JobAdvertismentServlet?AC=JOBADVERT&EC=DEFZZZ&JC=0001495482
1495481,Engineering Assistant (Electrical) - Junior Executive Grade,Property Development Limited,Please refer the vacancy,Thu Apr 30 2026,Thu May 14 2026,0001495481,DEFZZZ,https://www.topjobs.lk/applicant/JobAdvertismentServlet?AC=JOBADVERT&EC=DEFZZZ&JC=0001495481
1495480,Lecturer - Full time,Royal Institute Campus (RIC),Please refer the vacancy,Thu Apr 30 2026,Thu May 14 2026,0001495480,DEFZZZ,https://www.topjobs.lk/applicant/JobAdvertismentServlet?AC=JOBADVERT&EC=DEFZZZ&JC=0001495480
1495479,Assistant Accountant,Nawaloka Aviation (Pvt) Ltd,Please refer the vacancy,Thu Apr 30 2026,Thu May 14 2026,0001495479,DEFZZZ,https://www.topjobs.lk/applicant/JobAdvertismentServlet?AC=JOBADVERT&EC=DEFZZZ&JC=0001495479
1495478,Office Assistant,Quantum,Please refer the vacancy,Thu Apr 30 2026,Thu May 14 2026,0001495478,DEFZZZ,https://www.topjobs.lk/applicant/JobAdvertismentServlet?AC=JOBADVERT&EC=DEFZZZ&JC=0001495478
1495477,Junior Technical Positions (Plumbing / Electrical) / Senior Technical Positions,Property Development Limited,Please refer the vacancy,Thu Apr 30 2026,Thu May 14 2026,0001495477,DEFZZZ,https://www.topjobs.lk/applicant/JobAdvertismentServlet?AC=JOBADVERT&EC=DEFZZZ&JC=0001495477
1495476,Stores Executive,J.N Interiors (Pvt) Ltd,Please refer the vacancy,Thu Apr 30 2026,Thu May 14 2026,0001495476,DEFZZZ,https://www.topjobs.lk/applicant/JobAdvertismentServlet?AC=JOBADVERT&EC=DEFZZZ&JC=0001495476
1495475,Senior Executive - Fourth Party Logistics (4PL),Hellmann MAS Supply Chain (Private) Limited,Please refer the vacancy,Thu Apr 30 2026,Thu May 14 2026,0001495475,DEFZZZ,https://www.topjobs.lk/applicant/JobAdvertismentServlet?AC=JOBADVERT&EC=DEFZZZ&JC=0001495475
1495474,Learning & Development Executive,Sigiriya Village Hotels PLC,Please refer the vacancy,Thu Apr 30 2026,Thu May 14 2026,0001495474,DEFZZZ,https://www.topjobs.lk/applicant/JobAdvertismentServlet?AC=JOBADVERT&EC=DEFZZZ&JC=0001495474
1495473,Teaching Vacancies (Female),Rawdha Aa'ishah Girl's School & Pre School,Please refer the vacancy,Thu Apr 30 2026,Thu May 14 2026,0001495473,DEFZZZ,https://www.topjobs.lk/applicant/JobAdvertismentServlet?AC=JOBADVERT&EC=DEFZZZ&JC=0001495473
1495472,Area Sales Executive,Evolution Auto,Please refer the vacancy,Thu Apr 30 2026,Thu May 14 2026,0001495472,DEFZZZ,https://www.topjobs.lk/applicant/JobAdvertismentServlet?AC=JOBADVERT&EC=DEFZZZ&JC=0001495472
1495471,Trainee Programme Support Officer - Remote,Imperial Edutech (Pvt) Ltd,Please refer the vacancy,Thu Apr 30 2026,Thu May 14 2026,0001495471,DEFZZZ,https://www.topjobs.lk/applicant/JobAdvertismentServlet?AC=JOBADVERT&EC=DEFZZZ&JC=0001495471
1495470,Construction Vacancies,Corporate Constructions (Pvt) Limited,Please refer the vacancy,Thu Apr 30 2026,Thu May 14 2026,0001495470,DEFZZZ,https://www.topjobs.lk/applicant/JobAdvertismentServlet?AC=JOBADVERT&EC=DEFZZZ&JC=0001495470
1495469,Teacher Vacancies,Royal Institute International School,Please refer the vacancy,Thu Apr 30 2026,Thu May 14 2026,0001495469,DEFZZZ,https://www.topjobs.lk/applicant/JobAdvertismentServlet?AC=JOBADVERT&EC=DEFZZZ&JC=0001495469
1495468,Showroom Executive,Evolution Auto,Please refer the vacancy,Thu Apr 30 2026,Thu May 14 2026,0001495468,DEFZZZ,https://www.topjobs.lk/applicant/JobAdvertismentServlet?AC=JOBADVERT&EC=DEFZZZ&JC=0001495468
1495467,Chief Operating Officer - Mobile Health & Insurance Company,Talentra People Management Solutions,Please refer the vacancy,Thu Apr 30 2026,Thu May 14 2026,0001495467,DEFZZZ,https://www.topjobs.lk/applicant/JobAdvertismentServlet?AC=JOBADVERT&EC=DEFZZZ&JC=0001495467
1495466,Call Center Executives,I3 Connect Solution (Pvt) Limited,Please refer the vacancy,Thu Apr 30 2026,Thu May 14 2026,0001495466,DEFZZZ,https://www.topjobs.lk/applicant/JobAdvertismentServlet?AC=JOBADVERT&EC=DEFZZZ&JC=0001495466
1495465,Draftsman,Archedium (Pvt.) Ltd,Please refer the vacancy,Thu Apr 30 2026,Thu May 14 2026,0001495465,DEFZZZ,https://www.topjobs.lk/applicant/JobAdvertismentServlet?AC=JOBADVERT&EC=DEFZZZ&JC=0001495465
1495464,Interior Designer | Project Manager,Design Edit (Pvt) Ltd,Please refer the vacancy,Thu Apr 30 2026,Thu May 14 2026,0001495464,DEFZZZ,https://www.topjobs.lk/applicant/JobAdvertismentServlet?AC=JOBADVERT&EC=DEFZZZ&JC=0001495464
1495463,Laundry Manager,Earl's Court,Please refer the vacancy,Thu Apr 30 2026,Thu May 14 2026,0001495463,DEFZZZ,https://www.topjobs.lk/applicant/JobAdvertismentServlet?AC=JOBADVERT&EC=DEFZZZ&JC=0001495463
1495462,Call Center Executive,Adaptra (Pvt) Ltd,Please refer the vacancy,Thu Apr 30 2026,Thu May 14 2026,0001495462,DEFZZZ,https://www.topjobs.lk/applicant/JobAdvertismentServlet?AC=JOBADVERT&EC=DEFZZZ&JC=0001495462
1495461,Customer Service Executive,Hutchison Telecommunications Lanka (Pvt) Ltd,Please refer the vacancy,Thu Apr 30 2026,Thu May 14 2026,0001495461,DEFZZZ,https://www.topjobs.lk/applicant/JobAdvertismentServlet?AC=JOBADVERT&EC=DEFZZZ&JC=0001495461
1495460,Sales Executive,Keselwatta Diistribution Pvt Ltd,Please refer the vacancy,Thu Apr 30 2026,Thu May 14 2026,0001495460,DEFZZZ,https://www.topjobs.lk/applicant/JobAdvertismentServlet?AC=JOBADVERT&EC=DEFZZZ&JC=0001495460
1495458,Visiting Lecturers - Business Management,ICBT Campus,Please refer the vacancy,Thu Apr 30 2026,Thu May 14 2026,0001495458,DEFZZZ,https://www.topjobs.lk/applicant/JobAdvertismentServlet?AC=JOBADVERT&EC=DEFZZZ&JC=0001495458
1495457,Agricultural Development Executive - Male,Company Name Withheld,Please refer the vacancy,Thu Apr 30 2026,Thu May 14 2026,0001495457,DEFZZZ,https://www.topjobs.lk/applicant/JobAdvertismentServlet?AC=JOBADVERT&EC=DEFZZZ&JC=0001495457
1495456,Islam Teacher  - Kotikawatta Branch,Campbell International School,Please refer the vacancy,Thu Apr 30 2026,Thu May 14 2026,0001495456,DEFZZZ,https://www.topjobs.lk/applicant/JobAdvertismentServlet?AC=JOBADVERT&EC=DEFZZZ&JC=0001495456
1495454,Accounts Executive,Company Name Withheld,Please refer the vacancy,Thu Apr 30 2026,Thu May 14 2026,0001495454,DEFZZZ,https://www.topjobs.lk/applicant/JobAdvertismentServlet?AC=JOBADVERT&EC=DEFZZZ&JC=0001495454
1495453,Sales Consultant - Pumping Solutions,Matrix (Pvt) Ltd,Please refer the vacancy,Thu Apr 30 2026,Thu May 14 2026,0001495453,DEFZZZ,https://www.topjobs.lk/applicant/JobAdvertismentServlet?AC=JOBADVERT&EC=DEFZZZ&JC=0001495453
1495452,Officer / Junior Executive - Sales (Material Handling Equipment),Matrix (Pvt) Ltd,Please refer the vacancy,Thu Apr 30 2026,Thu May 14 2026,0001495452,DEFZZZ,https://www.topjobs.lk/applicant/JobAdvertismentServlet?AC=JOBADVERT&EC=DEFZZZ&JC=0001495452
1495451,Junior Drafter,Areca Collection (Private) Limited,Please refer the vacancy,Thu Apr 30 2026,Thu May 14 2026,0001495451,DEFZZZ,https://www.topjobs.lk/applicant/JobAdvertismentServlet?AC=JOBADVERT&EC=DEFZZZ&JC=0001495451
1495450,Sales Executive - Automobile Division,Matrix (Pvt) Ltd,Please refer the vacancy,Thu Apr 30 2026,Thu May 14 2026,0001495450,DEFZZZ,https://www.topjobs.lk/applicant/JobAdvertismentServlet?AC=JOBADVERT&EC=DEFZZZ&JC=0001495450
1495449,Electrician,Ansell,Please refer the vacancy,Thu Apr 30 2026,Thu May 14 2026,0001495449,DEFZZZ,https://www.topjobs.lk/applicant/JobAdvertismentServlet?AC=JOBADVERT&EC=DEFZZZ&JC=0001495449
1495448,Assistant Engineer - Material Handling Division,Matrix (Pvt) Ltd,Please refer the vacancy,Thu Apr 30 2026,Thu May 14 2026,0001495448,DEFZZZ,https://www.topjobs.lk/applicant/JobAdvertismentServlet?AC=JOBADVERT&EC=DEFZZZ&JC=0001495448
1495447,Accountant | Assistant Accountant | Senior Accounts Executive,Company Name Withheld,Please refer the vacancy,Thu Apr 30 2026,Thu May 14 2026,0001495447,DEFZZZ,https://www.topjobs.lk/applicant/JobAdvertismentServlet?AC=JOBADVERT&EC=DEFZZZ&JC=0001495447
1495446,Tech Lead - RPG,ORYSYS Limited,Please refer the vacancy,Thu Apr 30 2026,Thu May 14 2026,0001495446,DEFZZZ,https://www.topjobs.lk/applicant/JobAdvertismentServlet?AC=JOBADVERT&EC=DEFZZZ&JC=0001495446
1495445,Security Officer,De La Rue Lanka Currency & Security Print (Pvt) Ltd,Please refer the vacancy,Thu Apr 30 2026,Thu May 14 2026,0001495445,DEFZZZ,https://www.topjobs.lk/applicant/JobAdvertismentServlet?AC=JOBADVERT&EC=DEFZZZ&JC=0001495445
1495443,Information Security Officer,ORYSYS Limited,Please refer the vacancy,Thu Apr 30 2026,Thu May 14 2026,0001495443,DEFZZZ,https://www.topjobs.lk/applicant/JobAdvertismentServlet?AC=JOBADVERT&EC=DEFZZZ&JC=0001495443
1495442,Demand planner - Fresh Produce ( Executive Level)  (1),Jaykay Marketing Services (Pvt) Ltd,Please apply via link.,Thu Apr 30 2026,Thu May 07 2026,0001495442,0000000315,https://www.topjobs.lk/applicant/JobAdvertismentServlet?AC=JOBADVERT&EC=0000000315&JC=0001495442
1495441,Junior Application Support / Application Support Intern,Webappclouds (Pvt) Ltd,Please refer the vacancy,Thu Apr 30 2026,Thu May 14 2026,0001495441,DEFZZZ,https://www.topjobs.lk/applicant/JobAdvertismentServlet?AC=JOBADVERT&EC=DEFZZZ&JC=0001495441
1495440,Executive | Senior Executive - Student Enrolments | Sales,Australasian Academy,Please refer the vacancy,Thu Apr 30 2026,Thu May 14 2026,0001495440,DEFZZZ,https://www.topjobs.lk/applicant/JobAdvertismentServlet?AC=JOBADVERT&EC=DEFZZZ&JC=0001495440
1495439,Field Officer - Outdoor Advertising (1),Richardson Group of Companies,Please refer to the job advert.,Thu Apr 30 2026,Thu May 07 2026,0001495439,0000000196,https://www.topjobs.lk/applicant/JobAdvertismentServlet?AC=JOBADVERT&EC=0000000196&JC=0001495439
1495438,Field Officer - Outdoor Advertising (1),Richardson Group of Companies,Please refer to the job advert.,Thu Apr 30 2026,Thu May 07 2026,0001495438,0000000196,https://www.topjobs.lk/applicant/JobAdvertismentServlet?AC=JOBADVERT&EC=0000000196&JC=0001495438
1495437,Claims Adjuster,Webappclouds (Pvt) Ltd,Please refer the vacancy,Thu Apr 30 2026,Thu May 14 2026,0001495437,DEFZZZ,https://www.topjobs.lk/applicant/JobAdvertismentServlet?AC=JOBADVERT&EC=DEFZZZ&JC=0001495437
1495436,Accountant,Maalu Maalu Resort & Spa,Please refer the vacancy,Thu Apr 30 2026,Thu May 14 2026,0001495436,DEFZZZ,https://www.topjobs.lk/applicant/JobAdvertismentServlet?AC=JOBADVERT&EC=DEFZZZ&JC=0001495436
