ref_no,title,company,description,opening_date,closing_date,location,title_clean,skills_found
1495772,Project Engineer MEP - Colombo (1),JKH Property Group,Please refer the job advert.,2026-05-03,2026-05-10,Colombo,Project Engineer MEP,[]
1495771,ELV Engineer (1),JKH Property Group,Please refer to the job advert.,2026-05-03,2026-05-10,Not Specified,ELV Engineer,[]
1495770,Assistant Storekeeper - (Ja -Ela) (1),JKH Property Group,Please refer to the job advert.,2026-05-03,2026-05-10,Not Specified,Assistant Storekeeper - (Ja,[]
1495769,Draughtsman - (Colombo) (1),JKH Property Group,Please refer to the job advert.,2026-05-03,2026-05-10,Colombo,Draughtsman - (Colombo),[]
1495768,Site Engineer - (Ja ela) (1),JKH Property Group,Please refer the job advert.,2026-05-03,2026-05-10,Ja Ela,Site Engineer - (Ja ela),[]
1495767,Intern - Civil (Ja ela) (1),JKH Property Group,Please refer the job advert.,2026-05-03,2026-05-10,Ja Ela,Intern - Civil (Ja ela),['Internship']
1495766,Quantity Surveyor - MEP (Ja Ela) (1),JKH Property Group,Please refer the job advert.,2026-05-03,2026-05-10,Ja Ela,Quantity Surveyor - MEP (Ja Ela),[]
1495765,Senior Executive / Assistant Manager - KPI Management (1),D.Samson & Sons Ltd,Please refer the advertisement,2026-05-03,2026-05-17,Not Specified,Senior Executive / Assistant Manager,[]
1495764,Assistant - Payroll & HR Services (1),Sumathi Group,Please refer to the job advertisement.,2026-05-03,2026-05-17,Not Specified,Assistant,[]
1495700,Restaurant Manager,Rasa Ceylon,Please refer the vacancy,2026-05-03,2026-05-14,Not Specified,Restaurant Manager,[]
1495656,Client Relations Executives,Platinum Immigration Solutions (Pvt) Ltd,Please refer the vacancy,2026-05-03,2026-05-14,Not Specified,Client Relations Executives,[]
1495654,Client Relations Executives,Platinum Immigration Solutions (Pvt) Ltd,Please refer the vacancy,2026-05-03,2026-05-14,Not Specified,Client Relations Executives,[]
1495651,Client Relations Executives,Platinum Immigration Solutions (Pvt) Ltd,Please refer the vacancy,2026-05-03,2026-05-14,Not Specified,Client Relations Executives,[]
1495637,Digital Printing Operator | Junior Designer,Frella International (Pvt) Ltd,Please refer the vacancy,2026-05-03,2026-05-14,Not Specified,Digital Printing Operator | Junior Designer,[]
1495635,Production Supervisor,KRAMSKI Lanka (Pvt) Ltd,Please refer the vacancy,2026-05-03,2026-05-14,Not Specified,Production Supervisor,[]
1495633,Document Coordinator,KRAMSKI Lanka (Pvt) Ltd,Please refer the vacancy,2026-05-03,2026-05-14,Not Specified,Document Coordinator,[]
1495616,Software Engineer - Web | Senior Software Engineer - Web & Software Engineer - Desktop,Afisol (Pvt) Ltd,"Immediate Vacancies for Software Engineers (Web/Desktop) """,2026-05-03,2026-05-14,Not Specified,Software Engineer - Web | Senior Software Engineer - Web & Software Engineer - Desktop,[]
1495615,Manager | Executive - Business Growth,medfuture,Please refer the vacancy,2026-05-03,2026-05-14,Not Specified,Manager | Executive - Business Growth,[]
1495612,Legal Officer,Commercial Bank of Ceylon PLC,Please refer the vacancy,2026-05-03,2026-05-10,Not Specified,Legal Officer,[]
1495610,Executive - Account Receivables and Recovery,MedFuture Group,Please refer the vacancy,2026-05-03,2026-05-14,Not Specified,Executive - Account Receivables and Recovery,[]
1495598,Senior Accountant,Indoscan (Pvt) Ltd,Please refer the vacancy,2026-05-03,2026-05-14,Not Specified,Senior Accountant,[]
1495575,Management Trainee,Canbarra (Pvt) Ltd,Please refer the vacancy,2026-05-03,2026-05-14,Not Specified,Management Trainee,['Internship']
1495547,Production Officer,Trinity Steel (Pvt) Ltd,Please refer the vacancy,2026-05-03,2026-05-14,Not Specified,Production Officer,[]
1495487,Quality Assurance & Compliance Executive,Company Name Withheld,Please refer the vacancy,2026-05-03,2026-05-14,Not Specified,Quality Assurance & Compliance Executive,['QA/Testing']
1495455,RPG Software Engineer,Commercial Bank of Ceylon PLC,Please refer the vacancy,2026-05-03,2026-05-10,Not Specified,RPG Software Engineer,[]
1495406,Chief Manager - Technology Risk,People's Bank,Please refer the vacancy,2026-05-03,2026-05-18,Not Specified,Chief Manager - Technology Risk,[]
1495355,Sales Manager | Brand Managers | Activation Managers,International Food and Beverage (Pvt) Ltd,Please refer the vacancy,2026-05-03,2026-05-14,Not Specified,Sales Manager | Brand Managers | Activation Managers,[]
1495306,Admin Officer,Cambridge College of British English,Please refer the vacancy,2026-05-03,2026-05-14,Not Specified,Admin Officer,[]
1495288,Head Teachers - Full Time,Institute of British Examinations (Pvt) Ltd,Please refer the vacancy,2026-05-03,2026-05-14,Not Specified,Head Teachers - Full Time,[]
1495284,Cambridge English Teachers (Full Time | Freshers),Institute of British Examinations (Pvt) Ltd,Please refer the vacancy,2026-05-03,2026-05-14,Not Specified,Cambridge English Teachers (Full Time | Freshers),[]
1495277,Quality Assurance Executive,Institute of British Examinations (Pvt) Ltd,Please refer the vacancy,2026-05-03,2026-05-14,Not Specified,Quality Assurance Executive,['QA/Testing']
1495274,Administrative & Customer Support Officer,Institute of British Examinations (Pvt) Ltd,Please refer the vacancy,2026-05-03,2026-05-14,Not Specified,Administrative & Customer Support Officer,[]
1495254,Social Media Specialist,Pet Veterinary Services (Pvt) Ltd,Please refer the vacancy,2026-05-03,2026-05-14,Not Specified,Social Media Specialist,[]
1495250,Graphic Designer (Male | Female),Trans Interior & Signage (Pvt) Ltd,Please refer the vacancy,2026-05-03,2026-05-14,Not Specified,Graphic Designer (Male | Female),[]
1495225,Trainee Officer - All Island,Vallibel Finance PLC,Please refer the vacancy,2026-05-03,2026-05-14,Not Specified,Trainee Officer - All Island,['Internship']
1495219,Trainee Officer - All Island,Vallibel Finance PLC,Please refer the vacancy,2026-05-03,2026-05-14,Not Specified,Trainee Officer - All Island,['Internship']
1495169,Quantity Surveyor - Interior Fit-Out | Joinery & Furniture,Idea Hub,Opportunity to be involved in high-end local and international projects with a strong emphasis on design integrity and execution at a premium standard,2026-05-03,2026-05-14,Not Specified,Quantity Surveyor - Interior Fit-Out | Joinery & Furniture,[]
1495148,Sales Executive - Battery,Elcardo Motor Engineering (Pvt) Ltd,Please refer the vacancy,2026-05-03,2026-05-14,Not Specified,Sales Executive - Battery,[]
1495057,Sales & Marketing,QBL ERP Lanka (Pvt) Ltd,Please refer the vacancy,2026-05-03,2026-05-13,Not Specified,Sales & Marketing,[]
1495046,Quantity Surveyor,Vajira House Builders (Pvt) Ltd,Please refer the vacancy,2026-05-03,2026-05-13,Not Specified,Quantity Surveyor,[]
1494983,Head of Finance,Association of Accounting Technicians of Sri Lanka,Please refer the vacancy,2026-05-03,2026-05-13,Not Specified,Head of Finance,[]
1494970,Associate Business Analyst - Technical,Affixcon,Please refer the vacancy,2026-05-03,2026-05-13,Not Specified,Associate Business Analyst - Technical,['Business Analyst']
1494958,Executive - Import,BenchMark Logistics International (Pvt) Ltd,Please refer the vacancy,2026-05-03,2026-05-13,Not Specified,Executive - Import,[]
1494951,Executive - Import,BenchMark Logistics International (Pvt) Ltd,Please refer the vacancy,2026-05-03,2026-05-13,Not Specified,Executive - Import,[]
1494917,Head of Marketing,AAT Sri Lanka,Please refer the vacancy,2026-05-03,2026-05-13,Not Specified,Head of Marketing,[]
1494865,Intern - QA,Epic Lanka (Pvt) Ltd,Please refer the vacancy,2026-05-03,2026-05-13,Not Specified,Intern - QA,"['QA/Testing', 'Internship']"
1494844,Finance Intern,Intrepid Travel,Please refer the vacancy,2026-05-03,2026-05-13,Not Specified,Finance Intern,['Internship']
1494836,Legal Officer,Epic Lanka (Pvt) Ltd,Please refer the vacancy,2026-05-03,2026-05-13,Not Specified,Legal Officer,[]
1494831,Chef De Partie | Demi Chef De Partie,Lanka Premier Foods (Pvt) Ltd,Please refer the vacancy,2026-05-03,2026-05-13,Not Specified,Chef De Partie | Demi Chef De Partie,[]
1494815,Assistant Accountant,Diana Biscuits (Pvt) Ltd,Please refer the vacancy,2026-05-03,2026-05-13,Not Specified,Assistant Accountant,[]
1494774,Food & Beverage Supervisor | Executive,Headqarters By W15,Please refer the vacancy,2026-05-03,2026-05-13,Not Specified,Food & Beverage Supervisor | Executive,[]
1494663,Executive | Junior Executive - Accounting & Finance,Actiive Tech Networks (Pvt) Ltd,Please refer the vacancy,2026-05-03,2026-05-13,Not Specified,Executive | Junior Executive - Accounting & Finance,[]
1494628,Sales Manager/Assistant Sales Manager (Vehicle) (1),Konnect Net Pvt Ltd,Please refer the advert,2026-05-03,2026-05-12,Not Specified,Sales Manager/Assistant Sales Manager (Vehicle),[]
1494627,Marketing Manager(Automobile) -Colombo (1),Konnect Net Pvt Ltd,Please refer the advert,2026-05-03,2026-05-12,Colombo,Marketing Manager(Automobile),[]
1494626,Manager Human Resources -Colombo (Automobile) (1),Konnect Net Pvt Ltd,Please refer the advert,2026-05-03,2026-05-12,Colombo,Manager Human Resources -Colombo (Automobile),[]
1494561,Office Assistant cum Personal Assistant - Male (1),Ignite Media Vision (Pvt) Ltd,Please refer the vacancy,2026-05-03,2026-05-12,Not Specified,Office Assistant cum Personal Assistant,[]
1494510,Cashier,Elcardo Industries (Pvt) Ltd,Please refer the vacancy,2026-05-03,2026-05-12,Not Specified,Cashier,[]
1494368,Brand Manager,Multichemi International Limited,Please refer the vacancy,2026-05-03,2026-05-12,Not Specified,Brand Manager,[]
1494315,Admission Executive,Eureka Consultants,Please refer the vacancy,2026-05-03,2026-05-12,Not Specified,Admission Executive,[]
1494314,Student Consultant,Eureka Consultants,Please refer the vacancy,2026-05-03,2026-05-12,Not Specified,Student Consultant,[]
1494241,Assistant Manager - Business Development (Male/Female) | Business Development Executive (Male/Female) | Media Coordinator,Dias 'N' Bowse Ventures (D'N'B),Please refer the vacancy,2026-05-03,2026-05-03,Not Specified,Assistant Manager - Business Development (Male/Female) | Business Development Executive (Male/Female) | Media Coordinator,[]
1494147,Intern / Trainee Coordinator & Web Administrator,Pro Consultancy International (Pvt) Ltd,Please refer the vacancy,2026-05-03,2026-05-12,Not Specified,Intern / Trainee Coordinator & Web Administrator,['Internship']
1494142,Cost Accounts Executive,Mercantile Fortunes,Please refer the vacancy,2026-05-03,2026-05-12,Not Specified,Cost Accounts Executive,[]
1494121,Kitchen Manager (Founding Team) Multi-Concept Cloud Kitchen,Juicy Kitchen - Sri Lanka,Please refer the vacancy,2026-05-03,2026-05-12,Not Specified,Kitchen Manager (Founding Team) Multi-Concept Cloud Kitchen,[]
1494119,Digital Marketing Manager,PL. MTT. Muthukaruppan Chettiar Jewellers,Please refer the vacancy,2026-05-03,2026-05-12,Not Specified,Digital Marketing Manager,[]
1494116,Executive - Internal Audit,PL. MTT. Muthukaruppan Chettiar Jewellers,Please refer the vacancy,2026-05-03,2026-05-12,Not Specified,Executive - Internal Audit,[]
1494114,Accountant,PL. MTT. Muthukaruppan Chettiar Jewellers,Please refer the vacancy,2026-05-03,2026-05-12,Not Specified,Accountant,[]
1494094,"SENIOR EXECUTIVE - SAFETY, SUSTAINABILITY & COMPLIANCE-KATUNAYAKE (1)",Konnect Net Pvt Ltd,Please refer the advert,2026-05-03,2026-05-09,Katunayake,SENIOR EXECUTIVE,[]
1494053,Software Engineers,Care Systems South Asia (Pvt) Ltd,Please refer the vacancy,2026-05-03,2026-05-11,Not Specified,Software Engineers,[]
1494024,Assistant Production Manager,Discovery International (Pvt) Ltd,Please refer the vacancy,2026-05-03,2026-05-11,Not Specified,Assistant Production Manager,[]
1494018,Business Development Executives,Discovery International (Pvt) Ltd,Please refer the vacancy,2026-05-03,2026-05-11,Not Specified,Business Development Executives,[]
1493990,Telesales Executive - Onsite Job,Esafe Global (Pvt) Ltd,Please refer the vacancy,2026-05-03,2026-05-11,Not Specified,Telesales Executive - Onsite Job,[]
1493968,Management Accountant,Medfuture Group,Please refer the vacancy,2026-05-03,2026-05-11,Not Specified,Management Accountant,[]
1493963,Recruitment Business Consultant (Healthcare),Medfuture Group,Please refer the vacancy,2026-05-03,2026-05-11,Not Specified,Recruitment Business Consultant (Healthcare),[]
1493958,Logistic Assistant,Plastica International (Pvt) Ltd,Please refer the vacancy,2026-05-03,2026-05-11,Not Specified,Logistic Assistant,[]
1493933,Head of Human Resources,Merchant Bank of Sri Lanka & Finance PLC,Please refer the vacancy,2026-05-03,2026-05-11,Not Specified,Head of Human Resources,[]
1493932,Accounts Executive,Halcyon Concepts (Pvt) Ltd,Please refer the vacancy,2026-05-03,2026-05-11,Not Specified,Accounts Executive,[]
1493925,Head of Human Resources,Merchant Bank of Sri Lanka & Finance PLC,Please refer the vacancy,2026-05-03,2026-05-11,Not Specified,Head of Human Resources,[]
1493920,Junior Business Development Executive (BDE),Croissance Digital,Please refer the vacancy,2026-05-03,2026-05-11,Not Specified,Junior Business Development Executive (BDE),[]
1493882,Sales Support Assistant - Male,Ceylon Exports & Trading (Pvt) Ltd,Please refer the vacancy,2026-05-03,2026-05-11,Not Specified,Sales Support Assistant - Male,[]
1493871,Junior Account Executive,Transco Digital (Pvt) Ltd,Please refer the vacancy,2026-05-03,2026-05-11,Not Specified,Junior Account Executive,[]
1493870,Purchasing Executive,Elcardo Industries (Pvt) Ltd,Please refer the vacancy,2026-05-03,2026-05-11,Not Specified,Purchasing Executive,[]
1493866,Accounts Executive,Elcardo Industries (Pvt) Ltd,Please refer the vacancy,2026-05-03,2026-05-11,Not Specified,Accounts Executive,[]
1493836,Executive | Junior Executive - Gold Loan | Gold Loan Officer,Vallibel Finance PLC,Please refer the vacancy,2026-05-03,2026-05-11,Not Specified,Executive | Junior Executive - Gold Loan | Gold Loan Officer,[]
1493834,Executive | Junior Executive - Gold Loan | Gold Loan Officer,Vallibel Finance PLC,Please refer the vacancy,2026-05-03,2026-05-11,Not Specified,Executive | Junior Executive - Gold Loan | Gold Loan Officer,[]
1493752,Technical Officer (Civil),Sri Lanka Telecom (SLT) Group,Please refer the vacancy,2026-05-03,2026-05-11,Not Specified,Technical Officer (Civil),[]
1493747,Technical Officer (Civil),Sri Lanka Telecom (SLT) Group,Please refer the vacancy,2026-05-03,2026-05-11,Not Specified,Technical Officer (Civil),[]
1493743,Engineer (Civil),Sri Lanka Telecom (SLT) Group,Please refer the vacancy,2026-05-03,2026-05-11,Not Specified,Engineer (Civil),[]
1493742,Engineer (Civil),Sri Lanka Telecom (SLT) Group,Please refer the vacancy,2026-05-03,2026-05-11,Not Specified,Engineer (Civil),[]
1493732,Finance Executive,Sentab Groups,Please refer the vacancy,2026-05-03,2026-05-11,Not Specified,Finance Executive,[]
1493731,Teachers For Edexcel Programmes,ESOL College International,Please refer the vacancy,2026-05-03,2026-05-11,Not Specified,Teachers For Edexcel Programmes,[]
1493728,Junior Executive - Human Resources,ESOL College International,Please refer the vacancy,2026-05-03,2026-05-11,Not Specified,Junior Executive - Human Resources,[]
1493725,Business Development Executive,ESOL Premier Campus,Please refer the vacancy,2026-05-03,2026-05-11,Not Specified,Business Development Executive,[]
1493722,Assistant Manager - IT,ESOL College International,Please refer the vacancy,2026-05-03,2026-05-11,Not Specified,Assistant Manager - IT,[]
1493718,English Teacher,ESOL College International,Please refer the vacancy,2026-05-03,2026-05-11,Not Specified,English Teacher,[]
1493671,Leasing Marketing - Gampaha Region,Siyapatha Finance PLC,Please refer the vacancy,2026-05-03,2026-05-11,Gampaha,Leasing Marketing - Gampaha Region,[]
1493668,Assistant Sales Manager,Ceylon Cashew Marketing (Pvt) Ltd,Please refer the vacancy,2026-05-03,2026-05-11,Not Specified,Assistant Sales Manager,[]
1493663,Leasing Marketing - Colombo Region,Siyapatha Finance PLC,Please refer the vacancy,2026-05-03,2026-05-11,Colombo,Leasing Marketing - Colombo Region,[]
1493628,Leasing Marketing - All Island,Siyapatha Finance PLC,Please refer the vacancy,2026-05-03,2026-05-11,Not Specified,Leasing Marketing - All Island,[]
1493601,Hotel Vacancies,Bolgoda Resort,Please refer the vacancy,2026-05-03,2026-05-11,Not Specified,Hotel Vacancies,[]
1493588,MIS Support Executive - MIS Division,Prima Management Services (Pvt) Ltd,"Be part of our dynamic team as an MIS support executive - support data management, prepare reports, and assist in maintaining accurate and timely informati ....",2026-05-03,2026-05-11,Not Specified,MIS Support Executive - MIS Division,[]
1493564,Student Counsellor - Study Abroad,Global Uni Connect,Please refer the vacancy,2026-05-03,2026-05-11,Not Specified,Student Counsellor - Study Abroad,[]
1493454,Procurement Executive-Dematagoda (MALE) (1),Konnect Net Pvt Ltd,Please refer the advert,2026-05-03,2026-05-09,Not Specified,Procurement Executive-Dematagoda (MALE),[]
1493352,Digital Marketing Trainer (Part-Time) (1),PACE Institute,Please refer the vacancy,2026-05-03,2026-05-09,Not Specified,Digital Marketing Trainer (Part,[]
1493351,Marketers - Manager (Marketing & Operations) | Assistant Manager (Marketing & Operations),PACE Institute,Please refer the vacancy,2026-05-03,2026-05-09,Not Specified,Marketers - Manager (Marketing & Operations) | Assistant Manager (Marketing & Operations),[]
1493350,Digital Marketing Specialist,eBEYONDS (Pvt) Ltd,Please refer the vacancy,2026-05-03,2026-05-09,Not Specified,Digital Marketing Specialist,[]
1493325,Performance Marketer,eBEYONDS,Please refer the vacancy,2026-05-03,2026-05-09,Not Specified,Performance Marketer,[]
1493324,Finance Executive,eBEYONDS,Please refer the vacancy,2026-05-03,2026-05-09,Not Specified,Finance Executive,[]
1493323,UI | UX Designer,eBEYONDS,Please refer the vacancy,2026-05-03,2026-05-09,Not Specified,UI | UX Designer,[]
1493286,Video Creator / Editor,eBEYONDS,Please refer the vacancy,2026-05-03,2026-05-08,Not Specified,Video Creator / Editor,[]
1493282,Assistant Sales Manager | Senior Executive - Sales Operations,eBEYONDS,Please refer the vacancy,2026-05-03,2026-05-08,Not Specified,Assistant Sales Manager | Senior Executive - Sales Operations,[]
1493178,Branding Executive,Premium Auto Parts (Pvt) Ltd,Please refer the vacancy,2026-05-03,2026-05-08,Not Specified,Branding Executive,[]
1493173,Store Executive,Premium Auto Parts (Pvt) Ltd,Please refer the vacancy,2026-05-03,2026-05-08,Not Specified,Store Executive,[]
1493167,Quality Executive,Ceylon Exports & Trading (Pvt) Ltd,Please refer the vacancy,2026-05-03,2026-05-08,Not Specified,Quality Executive,[]
1493156,Program Coordinator - Maharagama Branch,IgniterSpace (Pvt) Ltd,Please refer the vacancy,2026-05-03,2026-05-08,Maharagama,Program Coordinator - Maharagama Branch,[]
1493144,Back-End Developer (PHP/Laravel/React),Aspirations I-Lab (Pvt) Ltd,Full time / Part time / Fully Remote,2026-05-03,2026-05-08,Not Specified,Back-End Developer (PHP/Laravel/React),"['PHP', 'React']"
1493139,Sales/Marketing Executive (Male/Female),Okithma Construction (Pvt) Ltd,Please refer the vacancy,2026-05-03,2026-05-08,Not Specified,Sales/Marketing Executive (Male/Female),[]
1493131,System Support Specialist,Eureka Technology Partners [Pvt] Ltd,Please refer the vacancy,2026-05-03,2026-05-08,Not Specified,System Support Specialist,[]
1493115,Manager Internal Audit - Male,Semini Motors (Pvt) Ltd,Please refer the vacancy,2026-05-03,2026-05-08,Not Specified,Manager Internal Audit - Male,[]
1493086,Assistant General Manager - Finance,Vallibel Finance,Please refer the vacancy,2026-05-03,2026-05-08,Not Specified,Assistant General Manager - Finance,[]
1493084,Assistant General Manager - Finance,Vallibel Finance,Please refer the vacancy,2026-05-03,2026-05-08,Not Specified,Assistant General Manager - Finance,[]
1493081,Assistant General Manager - Finance,Vallibel Finance,Please refer the vacancy,2026-05-03,2026-05-08,Not Specified,Assistant General Manager - Finance,[]
1493044,Business Development Associate,SOBA Network,Please refer the vacancy,2026-05-03,2026-05-08,Not Specified,Business Development Associate,[]
1493042,Accounts Executive (Female),Nascent Grow (Pvt) Ltd,Please refer the vacancy,2026-05-03,2026-05-08,Not Specified,Accounts Executive (Female),[]
1493041,Customer Service Executive - Sales,Esafe Global (Pvt) Ltd,Please refer the vacancy,2026-05-03,2026-05-08,Not Specified,Customer Service Executive - Sales,[]
1493019,Senior Manager - Legal,Vallibel Finance PLC,Please refer the vacancy,2026-05-03,2026-05-08,Not Specified,Senior Manager - Legal,[]
1493018,Senior Manager - Legal,Vallibel Finance PLC,Please refer the vacancy,2026-05-03,2026-05-08,Not Specified,Senior Manager - Legal,[]
1493016,Senior Manager - Legal,Vallibel Finance PLC,Please refer the vacancy,2026-05-03,2026-05-08,Not Specified,Senior Manager - Legal,[]
1492963,Finance | Tax Executive,Trinity Steel (Pvt) Ltd,Please refer the vacancy,2026-05-03,2026-05-08,Not Specified,Finance | Tax Executive,[]
1492962,Student Counsellor | Assistant Program Manager,Cambridge College of Business and Management,Please refer the vacancy,2026-05-03,2026-05-08,Not Specified,Student Counsellor | Assistant Program Manager,[]
1492960,English Teachers,Cambridge College of British English,Please refer the vacancy,2026-05-03,2026-05-08,Not Specified,English Teachers,[]
1492959,Student Counsellor | Assistant Program Manager,Cambridge College of Business and Management,Please refer the vacancy,2026-05-03,2026-05-08,Not Specified,Student Counsellor | Assistant Program Manager,[]
1492957,English Teachers,Cambridge College of British English (Pvt) Ltd,Please refer the vacancy,2026-05-03,2026-05-08,Not Specified,English Teachers,[]
1492955,Branch Manager,Cambridge College of British English,Please refer the vacancy,2026-05-03,2026-05-08,Not Specified,Branch Manager,[]
1492952,Site Supervisor,Swisstek (Ceylon) PLC,Please refer the vacancy,2026-05-03,2026-05-08,Not Specified,Site Supervisor,[]
1492946,Digital Marketing Executive,Cambridge College of British English,Please refer the vacancy,2026-05-03,2026-05-08,Not Specified,Digital Marketing Executive,[]
1492943,Academic Manager / Academic Coordinator,Cambridge College of British English,Please refer the vacancy,2026-05-03,2026-05-08,Not Specified,Academic Manager / Academic Coordinator,[]
1492923,Cashier cum Waiter,Delmon Hospitality (Pvt) Ltd,Please refer the vacancy,2026-05-03,2026-05-08,Not Specified,Cashier cum Waiter,[]
1492825,Software Engineer (PHP),Procons Infotech (Pvt) Ltd,Please refer the vacancy,2026-05-03,2026-05-08,Not Specified,Software Engineer (PHP),['PHP']
1492823,"IT Asset Analyst (Malabe) / IT Support Associates / Specialists (Malabe, Pannala, Hanwella, Wattala, Pallekella & Mahiyanganaya)",SevenX Lanka (Pvt) Ltd,Please refer the vacancy,2026-05-03,2026-05-08,Wattala,"IT Asset Analyst (Malabe) / IT Support Associates / Specialists (Malabe, Pannala, Hanwella, Wattala, Pallekella & Mahiyanganaya)",[]
1492795,Assistant Accountant  (Work From Home),My Books,Please refer the vacancy,2026-05-03,2026-05-08,Not Specified,Assistant Accountant  (Work From Home),[]
1492744,System Administrator / Intern - System Administrator,Capsicum Labs,Please refer the vacancy,2026-05-03,2026-05-08,Not Specified,System Administrator / Intern - System Administrator,['Internship']
1492722,Boiler Operator - Class I,Econopack Industries (Pvt) Ltd,Please refer the vacancy,2026-05-03,2026-05-08,Not Specified,Boiler Operator - Class I,[]
1492709,Personal Assistant to the CEO-Rathmalana (1),Konnect Net Pvt Ltd,Please refer the advert,2026-05-03,2026-05-08,Not Specified,Personal Assistant to the CEO,[]
1492702,Senior Executive /Assistant Accountant - Costing (Garment Manufacturing) Panadura (1),Konnect Net Pvt Ltd,Please refer the advert,2026-05-03,2026-05-07,Panadura,Senior Executive /Assistant Accountant - Costing (Garment Manufacturing) Panadura,[]
1492701,Operation Manager - Food & beverage - Kelaniya (1),Konnect Net Pvt Ltd,Please refer the advert,2026-05-03,2026-05-11,Kelaniya,Operation Manager,[]
1492643,Intern - Backend,Epic Lanka (Pvt) Ltd,Please refer the vacancy,2026-05-03,2026-05-07,Not Specified,Intern - Backend,['Internship']
1492581,Sales Executives (Ratmalana),Elcardo Industries (Pvt) Ltd,Please refer the vacancy,2026-05-03,2026-05-07,Not Specified,Sales Executives (Ratmalana),[]
1492545,Procurement & Stores Control Executive,"The Bungalow & The Archives Boutique Hotel , Restaurant & Bar - Galle fort",Please refer the vacancy,2026-05-03,2026-05-07,Not Specified,Procurement & Stores Control Executive,[]
1492527,Process Engineer,H20 One (Pvt) Ltd,Please refer the vacancy,2026-05-03,2026-05-07,Not Specified,Process Engineer,[]
1492339,Assistant Front Office Manager,Otherland Galle,Please refer the vacancy,2026-05-03,2026-05-07,Not Specified,Assistant Front Office Manager,[]
1492325,Kitchen Vacancies,Otherland Galle,Please refer the vacancy,2026-05-03,2026-05-07,Not Specified,Kitchen Vacancies,[]
1492253,Digital Marketing Executive,Logistics Engineering (Pvt) Ltd,Please refer the vacancy,2026-05-03,2026-05-07,Not Specified,Digital Marketing Executive,[]
1492222,Receptionist | Nail Technicians,SOLE by Thilhara,Please refer the vacancy,2026-05-03,2026-05-07,Not Specified,Receptionist | Nail Technicians,[]
1492188,Trainee Accounts Assistant,Hotel Thilhara (Pvt) Ltd,Please refer the vacancy,2026-05-03,2026-05-07,Not Specified,Trainee Accounts Assistant,['Internship']
1492182,Housekeeping - Room Boy | Security Officers | All Rounders (HK & Receptionists),Thilhara Colombo,Please refer the vacancy,2026-05-03,2026-05-07,Not Specified,Housekeeping - Room Boy | Security Officers | All Rounders (HK & Receptionists),[]
1492066,Engineer - QA | QC | Quantity Surveyors | Trainee - Civil Engineering,Vonlan Constructions (Pvt) Ltd,Please refer the vacancy,2026-05-03,2026-05-06,Not Specified,Engineer - QA | QC | Quantity Surveyors | Trainee - Civil Engineering,"['QA/Testing', 'Internship']"
1492051,Receptionist,Merchant Bank of Sri Lanka & Finance PLC,Please refer the vacancy,2026-05-03,2026-05-06,Not Specified,Receptionist,[]
1491992,Chef / Manager (Catering),Company Name Withheld,Please refer the vacancy,2026-05-03,2026-05-06,Not Specified,Chef / Manager (Catering),[]
1491969,Accounts Executive - Female,Amaran Medicenter (Pvt) Ltd,Please refer the vacancy,2026-05-03,2026-05-06,Not Specified,Accounts Executive - Female,[]
1491842,Microbiologist - Microbiology Laboratory,Watercare Technologies (Pvt) Ltd,Please refer the vacancy,2026-05-03,2026-05-06,Not Specified,Microbiologist - Microbiology Laboratory,[]
1491801,Front Office Sales Executives,Cambridge College of Linguistics & Education,Please refer the vacancy,2026-05-03,2026-05-06,Not Specified,Front Office Sales Executives,[]
1491785,Lecturer | Assistant Lecturer (English),Cambridge College of Linguistics & Education (Pvt) Ltd,Please refer the vacancy,2026-05-03,2026-05-06,Not Specified,Lecturer | Assistant Lecturer (English),[]
1491747,Jewellery Designer,Ariyawansa Jewellers and Investment,Please refer the vacancy,2026-05-03,2026-05-06,Not Specified,Jewellery Designer,[]
1491727,Branch Manager,Cambridge College of Linguistics & Education,Please refer the vacancy,2026-05-03,2026-05-06,Not Specified,Branch Manager,[]
1491724,Office Assistant,V S Information Systems (Pvt) Ltd,Please refer the vacancy,2026-05-03,2026-05-06,Not Specified,Office Assistant,[]
1491721,Customer Support Executive / Assistant (IT Support),V S Information Systems (Pvt) Ltd,Please refer the vacancy,2026-05-03,2026-05-06,Not Specified,Customer Support Executive / Assistant (IT Support),[]
1491629,Senior Site Engineer,Grand Apartments (Pvt) Ltd,Please refer the vacancy,2026-05-03,2026-05-06,Not Specified,Senior Site Engineer,[]
1491626,Senior Quantity Surveyor,Grand Apartments (Pvt) Ltd,Please refer the vacancy,2026-05-03,2026-05-06,Not Specified,Senior Quantity Surveyor,[]
1491592,Industrial Engineering Manager (IEM) | IE Manager,Sithma Packaging,Offset Printing & Packaging Industry,2026-05-03,2026-05-06,Not Specified,Industrial Engineering Manager (IEM) | IE Manager,[]
1491584,Cost Accountants,Sithma Packaging,Offset Printing & Packaging Industry,2026-05-03,2026-05-06,Not Specified,Cost Accountants,[]
1491583,Accounts Senior Executive - Colombo,Ceylon Exports & Trading (Pvt) Ltd,Please refer the vacancy,2026-05-03,2026-05-06,Colombo,Accounts Senior Executive - Colombo,[]
1491508,Finance Manager - Rajagiriya (1),Konnect Net Pvt Ltd,Please refer the advert,2026-05-03,2026-05-06,Rajagiriya,Finance Manager,[]
1491344,Restaurant Vacancies,Company Name Withheld,Please refer the vacancy,2026-05-03,2026-05-05,Not Specified,Restaurant Vacancies,[]
1491295,Assistant Accountant,Eureka Technology Partners (Pvt) Ltd,Please refer the vacancy,2026-05-03,2026-05-05,Not Specified,Assistant Accountant,[]
1491293,Senior Executive - Supply Chain & Logistics (On Site - Colombo 06),VS One World (Pvt) Ltd,Please refer the vacancy,2026-05-03,2026-05-05,Colombo,Senior Executive - Supply Chain & Logistics (On Site - Colombo 06),[]
1491274,Gold Financing - All Island,Siyapatha Finance PLC,Please refer the vacancy,2026-05-03,2026-05-04,Not Specified,Gold Financing - All Island,[]
1491203,Oracle Cloud Database - Senior Engineer | Tech Lead,Twixia Tech,Please refer the vacancy,2026-05-03,2026-05-05,Not Specified,Oracle Cloud Database - Senior Engineer | Tech Lead,['SQL']
1491201,Oracle Workflow & BPM - Senior Developer | Lead,Twixia Tech,Please refer the vacancy,2026-05-03,2026-05-05,Not Specified,Oracle Workflow & BPM - Senior Developer | Lead,['SQL']
1491197,Oracle (EBS | Fusion) - Senior | Lead Consultant,Twixia Tech,Please refer the vacancy,2026-05-03,2026-05-05,Not Specified,Oracle (EBS | Fusion) - Senior | Lead Consultant,['SQL']
1491194,Oracle APEX | VBCS - Senior Developer | Lead,Twixia Tech,Please refer the vacancy,2026-05-03,2026-05-05,Not Specified,Oracle APEX | VBCS - Senior Developer | Lead,['SQL']
1491181,Oracle (OIC | SOA) - Senior | Lead Consultant,Twixia Tech,Please refer the vacancy,2026-05-03,2026-05-05,Not Specified,Oracle (OIC | SOA) - Senior | Lead Consultant,['SQL']
1491164,Assistant Accountant,Ceylon Catch (Pvt) Ltd,Please refer the vacancy,2026-05-03,2026-05-05,Not Specified,Assistant Accountant,[]
1491101,Audit Trainee,NM Associates (Chartered Accountants),Please refer the vacancy,2026-05-03,2026-05-05,Not Specified,Audit Trainee,['Internship']
1491093,Senior Executive - Administration,FLi Hotels & Resorts,Please refer the vacancy,2026-05-03,2026-05-05,Not Specified,Senior Executive - Administration,[]
1491072,Executive - Student Recruitment,IIMT Campus,Please refer the vacancy,2026-05-03,2026-05-05,Not Specified,Executive - Student Recruitment,[]
1491050,Accounts Executive,Star Agencies Lanka (Pvt) Ltd,Please refer the vacancy,2026-05-03,2026-05-05,Not Specified,Accounts Executive,[]
1491011,Head of Culinary,W15 Collection,Please refer the vacancy,2026-05-03,2026-05-05,Not Specified,Head of Culinary,[]
1490968,Data Insight Specialist,Greenpeace South Asia,Please refer the vacancy,2026-05-03,2026-05-05,Not Specified,Data Insight Specialist,[]
1490966,Community Organizer,Greenpeace South Asia,Please refer the vacancy,2026-05-03,2026-05-05,Not Specified,Community Organizer,[]
1490965,Fundraising Officer ( HNI & UHNI),Greenpeace South Asia,Please refer the vacancy,2026-05-03,2026-05-05,Not Specified,Fundraising Officer ( HNI & UHNI),[]
1490955,JUNIOR QUALITY ASSURANCE EXECUTIVE / QUALITY ASSURANCE EXECUTIVE-Wadduwa (Male) (FMCG) (1),Konnect Net Pvt Ltd,Please refer the advert,2026-05-03,2026-05-09,Not Specified,JUNIOR QUALITY ASSURANCE EXECUTIVE / QUALITY ASSURANCE EXECUTIVE-Wadduwa (Male) (FMCG),['QA/Testing']
1490954,Assistant Quality Assurance Manager (FMCG/Food & Beverages)-Ekala (1),Konnect Net Pvt Ltd,Please refer the advert,2026-05-03,2026-05-09,Ekala,Assistant Quality Assurance Manager (FMCG/Food & Beverages),['QA/Testing']
1490952,Management Accountant-Peliyagoda (1),Konnect Net Pvt Ltd,Please refer the advert,2026-05-03,2026-05-09,Peliyagoda,Management Accountant,[]
1490914,Production Executive (Night Shift) - Male,Intelligent Image Management Lanka (Pvt) Ltd (IIML),Please refer the vacancy,2026-05-03,2026-05-04,Not Specified,Production Executive (Night Shift) - Male,[]
1490895,Senior Personal Tax Consultant,Numerix (Pvt) Ltd,Please refer the vacancy,2026-05-03,2026-05-04,Not Specified,Senior Personal Tax Consultant,[]
1490889,Digital Marketing Specialist,Croissance Digital,Please refer the vacancy,2026-05-03,2026-05-04,Not Specified,Digital Marketing Specialist,[]
1490887,Senior Tax Consultant,Numerix (Pvt) Ltd,Please refer the vacancy,2026-05-03,2026-05-04,Not Specified,Senior Tax Consultant,[]
1490883,Intern | Junior - HR & Admin,Numerix (Pvt) Ltd,Please refer the vacancy,2026-05-03,2026-05-04,Not Specified,Intern | Junior - HR & Admin,['Internship']
1490882,Trainee / Junior (Accounts / Bookkeeping),Numerix (Pvt) Ltd,Please refer the vacancy,2026-05-03,2026-05-04,Not Specified,Trainee / Junior (Accounts / Bookkeeping),['Internship']
1490878,Assistant Manager (Accounts),Numerix (Pvt) Ltd,Please refer the vacancy,2026-05-03,2026-05-04,Not Specified,Assistant Manager (Accounts),[]
1490873,Trainee / Junior,Numerix (Pvt) Ltd,Please refer the vacancy,2026-05-03,2026-05-04,Not Specified,Trainee / Junior,['Internship']
1490808,Investment Officer (Assistant Manager / Deputy Manager Grade),Merchant Bank of Sri Lanka & Finance PLC,Please refer the vacancy,2026-05-03,2026-05-04,Not Specified,Investment Officer (Assistant Manager / Deputy Manager Grade),[]
1490803,Head Mixologist / Group Head Mixologist,W15 Collection,Please refer the vacancy,2026-05-03,2026-05-04,Not Specified,Head Mixologist / Group Head Mixologist,[]
1490764,AI Engineer,Accura Tech (Pvt) Ltd,Please refer the vacancy,2026-05-03,2026-05-04,Not Specified,AI Engineer,[]
1490761,Graphic Designer,AAT Sri Lanka,Please refer the vacancy,2026-05-03,2026-05-04,Not Specified,Graphic Designer,[]
1490687,Student Enrollment Executive / Marketing Executive,Management and Science Institute,Please refer the vacancy,2026-05-03,2026-05-04,Not Specified,Student Enrollment Executive / Marketing Executive,[]
1490618,Senior Sales Executive - Colombo | Kandy,GIVA,Please refer the vacancy,2026-05-03,2026-05-04,Colombo,Senior Sales Executive - Colombo | Kandy,[]
1490616,Retail Marketing Associate,GIVA,Please refer the vacancy,2026-05-03,2026-05-04,Not Specified,Retail Marketing Associate,[]
1490614,Visual Merchandiser,GIVA,Please refer the vacancy,2026-05-03,2026-05-04,Not Specified,Visual Merchandiser,[]
1490547,Customer Service Associate,Talentshell.US (Pvt) Ltd,Please refer the vacancy,2026-05-03,2026-05-04,Not Specified,Customer Service Associate,[]
1490544,Customer Service Associate,Talentshell.US (Pvt) Ltd,Please refer the vacancy,2026-05-03,2026-05-04,Not Specified,Customer Service Associate,[]
1490540,Junior Finance Executive,Intrepid Colombo,Please refer the vacancy,2026-05-03,2026-05-04,Not Specified,Junior Finance Executive,[]
1490493,Senior E-Commerce Specialist - Hybrid,SearchMax Lanka Pty Ltd,Please refer the vacancy,2026-05-03,2026-05-04,Not Specified,Senior E-Commerce Specialist - Hybrid,[]
1490490,Recovery & Loan Team Officer,Company Name Withheld,Please refer the vacancy,2026-05-03,2026-05-04,Not Specified,Recovery & Loan Team Officer,[]
1489795,Senior Team Leader - Airfares & Ticketing,Global Travel Systems (Pvt) Ltd,"Strong GDS Knowledge, Practical Airfare & Ticketing Experience & Senior Leadership Responsibilities.",2026-05-03,2026-05-14,Not Specified,Senior Team Leader - Airfares & Ticketing,[]
1489788,Senior Team Leader - Airfares & Ticketing,Global Travel Systems (Pvt) Ltd,"Strong GDS Knowledge, Practical Airfare & Ticketing Experience & Senior Leadership Responsibilities.",2026-05-03,2026-05-14,Not Specified,Senior Team Leader - Airfares & Ticketing,[]
1489567,Senior Executive Colorist -Biyagama  (1),Konnect Net Pvt Ltd,Please refer the advert,2026-05-03,2026-05-09,Biyagama,Senior Executive Colorist,[]
1489429,Head Of Quality Assurance Pharmaceutical-Colombo (1),Konnect Net Pvt Ltd,Please refer the advert,2026-05-03,2026-05-09,Colombo,Head Of Quality Assurance Pharmaceutical,['QA/Testing']
1489062,Travel Executive - Trainee,Beauty Lanka Travels Private Limited,Please refer the vacancy,2026-05-03,2026-05-10,Not Specified,Travel Executive - Trainee,['Internship']
1488276,Senior Logistics Executive,DPO Lanka (Pvt) Ltd,Please refer the vacancy,2026-05-03,2026-05-08,Not Specified,Senior Logistics Executive,[]
1487076,"Occupational Health & Safety Executive-Peliyagoda (FMCG,Food & Beverages) (1)",Konnect Net Pvt Ltd,Please refer the advert,2026-05-03,2026-05-09,Peliyagoda,"Occupational Health & Safety Executive-Peliyagoda (FMCG,Food & Beverages)",[]
1486592,Accountant -Rajagiriya (ICALS/CIMA) (1),Konnect Net Pvt Ltd,Please refer the advert,2026-05-03,2026-05-09,Rajagiriya,Accountant -Rajagiriya (ICALS/CIMA),[]
1486591,"Brand Manager Colombo (FMCG,Food & Beverages) (1)",Konnect Net Pvt Ltd,Please refer the advert,2026-05-03,2026-05-09,Colombo,"Brand Manager Colombo (FMCG,Food & Beverages)",[]
1485055,Senior Executive HR Performance Management-Colombo (1),Konnect Net Pvt Ltd,Please refer the advert,2026-05-03,2026-05-09,Colombo,Senior Executive HR Performance Management,[]
1479951,Area Sales Manager-Hardware/Paint Solution -North & East & North Western (1),Konnect Net Pvt Ltd,Please refer the advert,2026-05-03,2026-05-09,Not Specified,Area Sales Manager,[]
1478758,Executive -Warehouse & Supply Planning-Ragama (1),Konnect Net Pvt Ltd,Please refer the advert.,2026-05-03,2026-05-09,Ragama,Executive,[]
1477097,ASSISTANT MANAGER RESEARCH AND DEVELOPMENT-GAMPAHA (1),Konnect Net Pvt Ltd,"Please refer the advert 
Salary 250K-350K (Negotiable)",2026-05-03,2026-05-09,Gampaha,ASSISTANT MANAGER RESEARCH AND DEVELOPMENT,[]
1495762,Site Supervisor - Construction (1),EURO MOTORS (PVT) LTD,Euro Motors Private Limited,2026-05-02,2026-05-16,Not Specified,Site Supervisor,[]
1495761,Junior Executive-Finance (1),Debug Group of Companies,Please refer to the Advertisement,2026-05-02,2026-05-16,Not Specified,Junior Executive,[]
1495760,Hospital House Keeping Staff (1),Micronet Global Services (Pvt) Ltd,Urgent Hiring.....Elvitigala Mawatha....,2026-05-02,2026-05-09,Not Specified,Hospital House Keeping Staff,[]
1495759,Hospital House Keeping Staff (1),Micronet Global Services (Pvt) Ltd,Urgent Hiring.....Elvitigala Mawatha....,2026-05-02,2026-05-09,Not Specified,Hospital House Keeping Staff,[]
1495758,Hospital House Keeping Staff (1),Micronet Global Services (Pvt) Ltd,Urgent Hiring.....Elvitigala Mawatha....,2026-05-02,2026-05-09,Not Specified,Hospital House Keeping Staff,[]
1495757,Hospital House Keeping Staff (1),Micronet Global Services (Pvt) Ltd,Urgent Hiring.....Elvitigala Mawatha....,2026-05-02,2026-05-09,Not Specified,Hospital House Keeping Staff,[]
1495756,Hospital House Keeping Staff (1),Micronet Global Services (Pvt) Ltd,Urgent Hiring.....Elvitigala Mawatha....,2026-05-02,2026-05-09,Not Specified,Hospital House Keeping Staff,[]
1495755,Hospital House Keeping Staff (1),Micronet Global Services (Pvt) Ltd,Urgent Hiring.....Elvitigala Mawatha....,2026-05-02,2026-05-09,Not Specified,Hospital House Keeping Staff,[]
1495754,Hospital House Keeping Staff (1),Micronet Global Services (Pvt) Ltd,Urgent Hiring.....Elvitigala Mawatha....,2026-05-02,2026-05-09,Not Specified,Hospital House Keeping Staff,[]
1495753,Hospital House Keeping Staff (1),Micronet Global Services (Pvt) Ltd,Urgent Hiring.....Elvitigala Mawatha....,2026-05-02,2026-05-09,Not Specified,Hospital House Keeping Staff,[]
1495752,Hospital House Keeping Staff (1),Micronet Global Services (Pvt) Ltd,Urgent Hiring.....Elvitigala Mawatha....,2026-05-02,2026-05-09,Not Specified,Hospital House Keeping Staff,[]
1495751,Hospital House Keeping Staff (1),Micronet Global Services (Pvt) Ltd,Urgent Hiring.....Elvitigala Mawatha....,2026-05-02,2026-05-09,Not Specified,Hospital House Keeping Staff,[]
1495750,Hospital House Keeping Staff (1),Micronet Global Services (Pvt) Ltd,Urgent Hiring.....Elvitigala Mawatha....,2026-05-02,2026-05-09,Not Specified,Hospital House Keeping Staff,[]
1495749,Hospital House Keeping Staff (1),Micronet Global Services (Pvt) Ltd,Urgent Hiring.....Elvitigala Mawatha....,2026-05-02,2026-05-09,Not Specified,Hospital House Keeping Staff,[]
1495748,Hospital House Keeping Staff (1),Micronet Global Services (Pvt) Ltd,Urgent Hiring.....Elvitigala Mawatha....,2026-05-02,2026-05-09,Not Specified,Hospital House Keeping Staff,[]
1495747,Hospital House Keeping Staff (1),Micronet Global Services (Pvt) Ltd,Urgent Hiring.....Elvitigala Mawatha....,2026-05-02,2026-05-09,Not Specified,Hospital House Keeping Staff,[]
1495746,Hospital House Keeping Staff (1),Micronet Global Services (Pvt) Ltd,Urgent Hiring.....Elvitigala Mawatha....,2026-05-02,2026-05-09,Not Specified,Hospital House Keeping Staff,[]
1495745,Hospital House Keeping Staff (1),Micronet Global Services (Pvt) Ltd,Urgent Hiring.....Elvitigala Mawatha....,2026-05-02,2026-05-09,Not Specified,Hospital House Keeping Staff,[]
1495744,Hospital House Keeping Staff (1),Micronet Global Services (Pvt) Ltd,Urgent Hiring.....Elvitigala Mawatha....,2026-05-02,2026-05-09,Not Specified,Hospital House Keeping Staff,[]
1495743,Hospital House Keeping Staff (1),Micronet Global Services (Pvt) Ltd,Urgent Hiring.....Elvitigala Mawatha....,2026-05-02,2026-05-09,Not Specified,Hospital House Keeping Staff,[]
1495742,Hospital House Keeping Staff (1),Micronet Global Services (Pvt) Ltd,Urgent Hiring.....Elvitigala Mawatha....,2026-05-02,2026-05-09,Not Specified,Hospital House Keeping Staff,[]
1495741,Hospital House Keeping Staff (1),Micronet Global Services (Pvt) Ltd,Urgent Hiring.....Elvitigala Mawatha....,2026-05-02,2026-05-09,Not Specified,Hospital House Keeping Staff,[]
1495740,Hospital House Keeping (1),Micronet Global Services (Pvt) Ltd,Urgent Hiring.....Elvitigala Mawatha....,2026-05-02,2026-05-09,Not Specified,Hospital House Keeping,[]
1495739,Intern - Microbiology ( Dankotuwa) (1),Hemas Holdings PLC,Please refer to the advertisement,2026-05-02,2026-05-16,Not Specified,Intern - Microbiology ( Dankotuwa),['Internship']
1495738,Intern - Quality Assurance (Dankotuwa) (1),Hemas Holdings PLC,Please refer to the advertisement,2026-05-02,2026-05-16,Not Specified,Intern - Quality Assurance (Dankotuwa),"['QA/Testing', 'Internship']"
1495737,Intern - Contract Manufacturing (Dankotuwa) (1),Hemas Holdings PLC,Please refer to the Advertisement,2026-05-02,2026-05-16,Not Specified,Intern - Contract Manufacturing (Dankotuwa),['Internship']
1495715,Digital Marketing Specialist (1),Genesiis Software Pvt Ltd,Please refer the vacancy,2026-05-02,2026-05-15,Not Specified,Digital Marketing Specialist,[]
1495714,Senior Mobile App Developer (1),Genesiis Software Pvt Ltd,Please refer the vacancy,2026-05-02,2026-05-15,Not Specified,Senior Mobile App Developer,['Mobile Dev']
1494629,Management Trainee Marketing-Colombo 2  (1),Konnect Net Pvt Ltd,Please refer the advert,2026-05-02,2026-05-05,Colombo,Management Trainee Marketing,['Internship']
1494093,CHIEF FINANCIAL OFFICER (CONSTRUCTION/REAL ESTTAE)-COLOMBO (1),Konnect Net Pvt Ltd,Please refer the advert,2026-05-02,2026-05-05,Colombo,CHIEF FINANCIAL OFFICER (CONSTRUCTION/REAL ESTTAE),[]
1493479,Intern - Finance-Ragama (MALE) (1),Konnect Net Pvt Ltd,"Please refer the advert.
Should be a Male Candidate",2026-05-02,2026-05-04,Ragama,Intern - Finance-Ragama (MALE),['Internship']
1493353,F&B Manager - Colombo (1),Konnect Net Pvt Ltd,Please refer the advert,2026-05-02,2026-05-09,Colombo,F&B Manager,[]
1493033,Assistant Manager Quality Management-Panadura (Apparel/textile) (1),Konnect Net Pvt Ltd,Please refer the advert,2026-05-02,2026-05-08,Panadura,Assistant Manager Quality Management-Panadura (Apparel/textile),[]
1493029,QA Executive Pharmaceutical -Colombo  (1),Konnect Net Pvt Ltd,Please refer the advert,2026-05-02,2026-05-08,Colombo,QA Executive Pharmaceutical,['QA/Testing']
1492954,QUALITY ASSURANCE MANAGER -BIYAGAMA LEADING FOOD & BEVERAGES MANUFACTURING (1),Konnect Net Pvt Ltd,Please refer the advert,2026-05-02,2026-05-08,Biyagama,QUALITY ASSURANCE MANAGER,['QA/Testing']
1488555,Senior Manager Supply Chain -Colombo Hospital (1),Konnect Net Pvt Ltd,Please refer the advert,2026-05-02,2026-05-09,Colombo,Senior Manager Supply Chain,[]
1488173,MANAGER  BUSINESS ANALYSIS-HOSPITAL (1),Konnect Net Pvt Ltd,Please refer the advert,2026-05-02,2026-05-09,Not Specified,MANAGER  BUSINESS ANALYSIS,['Business Analyst']
1488169,Head of Sales (Hospital) (1),Konnect Net Pvt Ltd,Please refer the advert,2026-05-02,2026-05-09,Not Specified,Head of Sales (Hospital),[]
1478769,Front Office Coordinator-Colombo 2 (1),Konnect Net Pvt Ltd,Please refer the advert,2026-05-02,2026-05-09,Colombo,Front Office Coordinator,[]
1495736,Senior Executive ? HR & Compliance (1),Maliban Wovens (Pvt) Ltd,"The Senior Executive - HR & Compliance will be responsible for managing all human resource functions and ensuring compliance with labour laws, company poli ....",2026-05-01,2026-05-08,Not Specified,Senior Executive ? HR & Compliance,[]
1495735,HTML Content Associate (5),INNODATA LANKA (PVT) LTD,IT Diploma Holders,2026-05-01,2026-05-08,Not Specified,HTML Content Associate,[]
1495734,Tech Freshers (40),INNODATA LANKA (PVT) LTD,As per the Advert,2026-05-01,2026-05-08,Not Specified,Tech Freshers,[]
1495733,Field Officer - Outdoor Advertising (1),Richardson Group of Companies,Please refer to the job advert.,2026-05-01,2026-05-08,Not Specified,Field Officer,[]
1495732,Field Officer - Outdoor Advertising (1),Richardson Group of Companies,Please refer to the job advert.,2026-05-01,2026-05-08,Not Specified,Field Officer,[]
1495731,Finance Project Partner -New Business (Assistant Manager Level) (1),Ceylon Cold Stores PLC,Please refer the advert.,2026-05-01,2026-05-14,Not Specified,Finance Project Partner -New Business (Assistant Manager Level),[]
1495730,Executive - Finishing (1),MAS Holdings,Please click on the image to apply.,2026-05-01,2026-05-15,Not Specified,Executive,[]
1495729,Account Executive (1),Superloop Communications Pvt Ltd,Please refer the advert.,2026-05-01,,Not Specified,Account Executive,[]
1495728,Customer service officer-Dialog (10),Softlogic Holdings PLC,Please see the advert for more details,2026-05-01,2026-05-10,Not Specified,Customer service officer,[]
1495727,Customer service officer-Dialog (10),Softlogic Holdings PLC,Please see the advert for more details,2026-05-01,2026-05-10,Not Specified,Customer service officer,[]
1495726,Customer service officer-Dialog (10),Softlogic Holdings PLC,Please see the advert for more details,2026-05-01,2026-05-10,Not Specified,Customer service officer,[]
1495725,Customer service officer (10),Softlogic Holdings PLC,Please see the advert for more details,2026-05-01,2026-05-10,Not Specified,Customer service officer,[]
1495724,Customer service officer (10),Softlogic Holdings PLC,Please see the advert for more details,2026-05-01,2026-05-10,Not Specified,Customer service officer,[]
1495723,Customer service officer (10),Softlogic Holdings PLC,Please see the advert for more details,2026-05-01,2026-05-10,Not Specified,Customer service officer,[]
1495722,Customer service officer-Dialog (10),Softlogic Holdings PLC,Please see the advert for more details,2026-05-01,2026-05-10,Not Specified,Customer service officer,[]
1495721,Call Center Associate (10),Softlogic Holdings PLC,Please see the advert for more details,2026-05-01,2026-05-10,Not Specified,Call Center Associate,[]
1495720,Call Center Associate (10),Softlogic Holdings PLC,Please see the advert for more details,2026-05-01,2026-05-10,Not Specified,Call Center Associate,[]
1495719,Call Center Associate (10),Softlogic Holdings PLC,Please see the advert for more details,2026-05-01,2026-05-10,Not Specified,Call Center Associate,[]
1495718,Call Center Associate (10),Softlogic Holdings PLC,Please see the advert for more details,2026-05-01,2026-05-10,Not Specified,Call Center Associate,[]
1495717,Call Center Associate (10),Softlogic Holdings PLC,Please see the advert for more details,2026-05-01,2026-05-10,Not Specified,Call Center Associate,[]
1495716,Call Center Associate (10),Softlogic Holdings PLC,Please see the advert for more details,2026-05-01,2026-05-10,Not Specified,Call Center Associate,[]
1495713,Post of Executive - Finance  (1),John Keells Holdings PLC,Please click on the vacancy image and apply,2026-05-01,2026-05-15,Not Specified,Post of Executive,[]
1495712,Data Engineer (2),Superloop Communications Pvt Ltd,Please refer to the advert.,2026-05-01,2026-05-31,Not Specified,Data Engineer,['Data Engineer']
1495711,Associate Data Engineer  (1),Superloop Communications Pvt Ltd,Please refer to the advert.,2026-05-01,2026-05-31,Not Specified,Associate Data Engineer,['Data Engineer']
1495710,Garment Technologist (1),MAS Holdings,Please click on the image to apply,2026-05-01,2026-05-08,Not Specified,Garment Technologist,[]
1495709,Senior Executive - Sales and Marketing (1),MAS Holdings,Please click on the image to apply.,2026-05-01,2026-05-08,Not Specified,Senior Executive,[]
1495708,Senior Material Developer (1),MAS Holdings,Please click on the image to apply,2026-05-01,2026-05-06,Not Specified,Senior Material Developer,[]
1495707,Intern - Human Resources (1),MAS Holdings,Please click on the image to apply,2026-05-01,2026-05-08,Not Specified,Intern,['Internship']
1495706,Senior Executive - Planning (1),MAS Holdings,Please click on the image to apply.,2026-05-01,2026-05-08,Not Specified,Senior Executive,[]
1495402,Sales & Marketing Executive,Wycherley International School,Please refer the vacancy,2026-05-01,2026-05-15,Not Specified,Sales & Marketing Executive,[]
1494183,Accountant,Company Name Withheld,Please refer the vacancy,2026-05-01,2026-05-15,Not Specified,Accountant,[]
1490953,QUALITY ASSURANCE ASSISTANT-Wadduwa (Male) (1),Konnect Net Pvt Ltd,Please refer the advert,2026-05-01,2026-05-09,Not Specified,QUALITY ASSURANCE ASSISTANT-Wadduwa (Male),['QA/Testing']
1490063,Assistant Manager Quality Assurance System Certifications-Colombo (Food & Beverages) (1),Konnect Net Pvt Ltd,Please refer the advertisement,2026-05-01,2026-05-09,Colombo,Assistant Manager Quality Assurance System Certifications-Colombo (Food & Beverages),['QA/Testing']
1489215,Room Attendant (1),Southbeach Weligama,Please refer the advert.,2026-05-01,2026-05-15,Not Specified,Room Attendant,[]
1482061,Senior Executive / Executive ? Customer Relation Management  (1),Royal Ceramics Lanka PLC,Please refer to the attached advert.,2026-05-01,2026-05-07,Not Specified,Senior Executive / Executive ? Customer Relation Management,[]
1481866,Sales Manager (Fertilizer/Agri) (1),Konnect Net Pvt Ltd,Please refer the advert,2026-05-01,2026-05-09,Not Specified,Sales Manager (Fertilizer/Agri),[]
1479950,Senior Executive Risk & Compliance-Gampaha (1),Konnect Net Pvt Ltd,Please refer the advertisement,2026-05-01,2026-05-09,Gampaha,Senior Executive Risk & Compliance,[]
1479585,Management Trainee - Marketing  (1),Royal Ceramics Lanka PLC,Please refer to attached advert.,2026-05-01,2026-05-07,Not Specified,Management Trainee,['Internship']
1477783,Production Executive - Rocell Bathware Limited (1),Royal Ceramics Lanka PLC,Please refer to the attached advert.,2026-05-01,2026-05-07,Not Specified,Production Executive,[]
1474171,Assistant Electrical Engineer ? Horana Plant (Male Preferred)  (1),Royal Ceramics Lanka PLC,Please refer to the attached advertisement.,2026-05-01,2026-05-07,Horana,Assistant Electrical Engineer ? Horana Plant (Male Preferred),[]
1468240,Engineer - R & D  (1),Royal Ceramics Lanka PLC,Please refer to the advert.,2026-05-01,2026-05-07,Not Specified,Engineer,[]
1452838,Head of Project Sales  (1),Royal Ceramics Lanka PLC,Please refer to the attached advert.,2026-05-01,2026-05-07,Not Specified,Head of Project Sales,[]
1452785,Head of Channel Sales (1),Royal Ceramics Lanka PLC,Please refer to the attached advertisement.,2026-05-01,2026-05-07,Not Specified,Head of Channel Sales,[]
1436440,Machine Operator / Electrician / Helpers   (3),Royal Ceramics Lanka PLC,Please refer to the attached advertisement.,2026-05-01,2026-05-07,Not Specified,Machine Operator / Electrician / Helpers,[]
1495705,Hot Kitchen - Commis 3 | Trainee Commis,Doner & Durum,Please refer the vacancy,,2026-05-07,Not Specified,Hot Kitchen - Commis 3 | Trainee Commis,['Internship']
1495704,Restaurant Cashier | Operations Executive,Doner & Durum,Please refer the vacancy,,2026-05-07,Not Specified,Restaurant Cashier | Operations Executive,[]
1495703,Customer Engagement Associate - Call Center Executive,Prime Lands (Pvt) Ltd,Please refer the vacancy,,2026-05-14,Not Specified,Customer Engagement Associate - Call Center Executive,[]
1495702,Senior School Teacher of English Language and Literature,The British School in Colombo,Please refer the vacancy,,2026-05-14,Not Specified,Senior School Teacher of English Language and Literature,[]
1495701,Receptionist,Gamma Interpharm Pvt Ltd,Please refer the vacancy,,2026-05-14,Not Specified,Receptionist,[]
1495699,Assistant Manager - Tax,Ernst & Young,Please refer the vacancy,,2026-05-14,Not Specified,Assistant Manager - Tax,[]
1495698,Analysts,Ernst & Young,Please refer the vacancy,,2026-05-14,Not Specified,Analysts,[]
1495697,Work Supervisor | Technical Officer,Sierra Construction Ltd,Please refer the vacancy,,2026-05-14,Not Specified,Work Supervisor | Technical Officer,[]
1495695,Assistant Branch Managers (Colombo Branches) (1),Pan Asia Banking Corporation PLC,Please refer to the advertisement,,2026-05-14,Colombo,Assistant Branch Managers (Colombo Branches),[]
1495694,"Junior Executive - Branch Banking (Hatton, Kegalle and Colombo Branches) (1)",Pan Asia Banking Corporation PLC,Please refer the advertisement,,2026-05-07,Colombo,"Junior Executive - Branch Banking (Hatton, Kegalle and Colombo Branches)",[]
1495693,Trainee Business Development Officers (1),Pan Asia Banking Corporation PLC,Please refer the advertisement,,2026-05-07,Not Specified,Trainee Business Development Officers,['Internship']
1495692,Maintenance Engineer  (1),Metropolitan Technologies (Pvt) Ltd,Please refer the vacancy,,2026-05-07,Not Specified,Maintenance Engineer,[]
1495691,After Sales Executive - Elevators & Escalators (1),Metropolitan Technologies (Pvt) Ltd,Please refer the vacancy,,2026-05-07,Not Specified,After Sales Executive,[]
1495690,Project Engineer - Elevators & Escalators (1),Metropolitan Technologies (Pvt) Ltd,Please refer the vacancy,,2026-05-07,Not Specified,Project Engineer,[]
1495689,Manager - Retail Marketing Communication (1),Metropolitan Technologies (Pvt) Ltd,Please refer the vacancy,,2026-05-07,Not Specified,Manager,[]
1495688,Debt Collection Officer  (1),Metropolitan Technologies (Pvt) Ltd,Please refer the vacancy,,2026-05-07,Not Specified,Debt Collection Officer,[]
1495687,Executive - Administration & Facilities Management (1),Metropolitan Technologies (Pvt) Ltd,Please refer the vacancy,,2026-05-07,Not Specified,Executive,[]
1495686,Marketing Executive  (1),Metropolitan Technologies (Pvt) Ltd,Please refer the vacancy,,2026-05-14,Not Specified,Marketing Executive,[]
1495685,Pharma Trade Specialist  (Morison Limited)  (1),Hemas Holdings PLC,Please find the attachment.,,2026-05-14,Not Specified,Pharma Trade Specialist  (Morison Limited),[]
1495684,Bid Manager - Software Tenders (1),Bileeta (Private) Limited,Please refer the advertisement,,2026-05-07,Not Specified,Bid Manager,[]
1495683,Junior Finance Executive (1),Bileeta (Private) Limited,Please refer the advertisement,,2026-05-07,Not Specified,Junior Finance Executive,[]
1495682,Field Officer - Marketing (Matale),Company Name Withheld,Please refer the vacancy,,2026-05-14,Matale,Field Officer - Marketing (Matale),[]
1495681,Country Lead (Sales) (1),Bileeta (Private) Limited,Please refer the advertisement,,2026-05-06,Not Specified,Country Lead (Sales),[]
1495680,Credit Officer - Matale,Company Name Withheld,Please refer the vacancy,,2026-05-14,Matale,Credit Officer - Matale,[]
1495679,Visual Merchandising Manager,Zuzi (The Clothing Store),Please refer the vacancy,,2026-05-14,Not Specified,Visual Merchandising Manager,[]
1495678,Accounts Executive | Assistant Accountant,Company Name Withheld,Please refer the vacancy,,2026-05-14,Not Specified,Accounts Executive | Assistant Accountant,[]
1495677,Showroom Manager,Zuzi (The Clothing Store),Please refer the vacancy,,2026-05-14,Not Specified,Showroom Manager,[]
1495676,Manager- Learning and Development,Hayleys Group,"Click on the flyer to apply.
Join the World of Hayleys.",,2026-05-14,Not Specified,Manager- Learning and Development,[]
1495675,Accounts Executive  (1),NOLIMIT,Please refer to the job advertisement.,,2026-05-07,Not Specified,Accounts Executive,[]
1495674,Senior Tearista,Chatime,Please refer the vacancy,,2026-05-14,Not Specified,Senior Tearista,[]
1495673,HR & Admin Assistant,Zuzi (The Clothing Store),Please refer the vacancy,,2026-05-14,Not Specified,HR & Admin Assistant,[]
1495672,Operation Manager,Zuzi (The Clothing Store),Please refer the vacancy,,2026-05-14,Not Specified,Operation Manager,[]
1495671,Graphic Designer (1),NOLIMIT,Please refer to the advertisement.,,2026-05-07,Not Specified,Graphic Designer,[]
1495670,E Commerce Executive,Fairway Colombo,Please refer the vacancy,,2026-05-14,Not Specified,E Commerce Executive,[]
1495669,Maintenance Manager,Zuzi (The Clothing Store),Please refer the vacancy,,2026-05-14,Not Specified,Maintenance Manager,[]
1495668,Brand Manager,Zuzi (The Clothing Store),Please refer the vacancy,,2026-05-14,Not Specified,Brand Manager,[]
1495667,OFFICER - RESEARCH & DEVELOPMENT (1),Samson Manufactures Ltd,Please refer the advertisement,,2026-05-07,Not Specified,OFFICER,[]
1495666,Graphic Designer,Zuzi (The Clothing Store),Please refer the vacancy,,2026-05-14,Not Specified,Graphic Designer,[]
1495665,Intern - Finance,Hayleys Group,Join the World of Hayleys.,,2026-05-14,Not Specified,Intern - Finance,['Internship']
1495664,Credit Control Executive  (1),Metropolitan Technologies (Pvt) Ltd,Please refer the vacancy,,2026-05-07,Not Specified,Credit Control Executive,[]
1495663,Accounts Executive | Accounts Assistrants,Company Name Withheld,Please refer the vacancy,,2026-05-14,Not Specified,Accounts Executive | Accounts Assistrants,[]
1495662,Creative Designer,Royal Institute Campus (RIC),Please refer the vacancy,,2026-05-14,Not Specified,Creative Designer,[]
1495661,Electrical Engineer / Electrical Draughtsman / Senior Workshop Engineer - Business Development,Kent Engineers (Pvt) Ltd,Please refer the vacancy,,2026-05-14,Not Specified,Electrical Engineer / Electrical Draughtsman / Senior Workshop Engineer - Business Development,[]
1495660,Coordinator (Administration),Techno Instruments (Pvt) Ltd,Please refer the vacancy,,2026-05-14,Not Specified,Coordinator (Administration),[]
1495659,Shipping Assistant,Singer (Sri Lanka) PLC,Please refer the vacancy,,2026-05-14,Not Specified,Shipping Assistant,[]
1495658,Procurement Executive / Stores Assistant,Kent Engineers (Pvt) Ltd,Please refer the vacancy,,2026-05-14,Not Specified,Procurement Executive / Stores Assistant,[]
1495657,Chief Pharmacist,Nawaloka Medicare (Pvt) Ltd,Please refer the vacancy,,2026-05-14,Not Specified,Chief Pharmacist,[]
1495655,Intern - Digital Marketing,Causeway Paints Lanka (Pvt) Ltd,Please refer the vacancy,,2026-05-14,Not Specified,Intern - Digital Marketing,['Internship']
1495653,Accounts Assistant,Emerald Isle Manpower & Travel Services,Please refer the vacancy,,2026-05-14,Not Specified,Accounts Assistant,[]
1495652,Technical Executive,Causeway Paints Lanka (Pvt) Ltd,Please refer the vacancy,,2026-05-14,Not Specified,Technical Executive,[]
1495650,Executive - Imports (1),Hirdaramani - H CONNECT (PVT) LIMITED,Please refer the Job Advert,,2026-05-07,Not Specified,Executive,[]
1495649,Deputy Head of Finance,People's Micro-commerce Ltd (PML),Please refer the vacancy,,2026-05-14,Not Specified,Deputy Head of Finance,[]
1495648,Sales Executive,Unitec Software Solutions- Gampaha,Please refer the vacancy,,2026-05-14,Not Specified,Sales Executive,[]
1495647,Assistant Accountant | Accounts Assistant,Academics Group Ventures (Pvt) Ltd,Please refer the vacancy,,2026-05-14,Not Specified,Assistant Accountant | Accounts Assistant,[]
1495646,Deputy Head - Administration & Logistics,People's Micro-commerce Ltd (PML),Please refer the vacancy,,2026-05-14,Not Specified,Deputy Head - Administration & Logistics,[]
1495645,Medical Laboratory Technician (MLT),MCARD Hospital & Laboratory,Please refer the vacancy,,2026-05-14,Not Specified,Medical Laboratory Technician (MLT),[]
1495644,Stores Officer,Greenfield Bio Plantation Pvt Ltd,Please refer the vacancy,,2026-05-14,Not Specified,Stores Officer,[]
1495643,Graphic Designer,Gamma Interpharm (Pvt) Ltd,Please refer the vacancy,,2026-05-14,Not Specified,Graphic Designer,[]
1495642,Accounts cum Human Resource Assistant,MCARD Hospital & Laboratory,Please refer the vacancy,,2026-05-14,Not Specified,Accounts cum Human Resource Assistant,[]
1495641,HR Executive,J. M. Wickramarachchi & Co. (Pvt) Ltd,Please refer the vacancy,,2026-05-14,Not Specified,HR Executive,[]
1495640,Head of Motor Underwriting,Co-Operative Insurance Company PLC,Please refer the vacancy,,2026-05-14,Not Specified,Head of Motor Underwriting,[]
1495639,Assistant Manager - Human Resource (1),Browns Hotels & Resorts,Please Refer the advert,,2026-05-14,Not Specified,Assistant Manager,[]
1495638,Marketing Executive / Assistant,Fresh World Exporters (Pvt) Ltd,Please refer the vacancy,,2026-05-14,Not Specified,Marketing Executive / Assistant,[]
1495636,Intern - Cyber Security (1),Fortude,Please refer to the attached advert and click to apply.,,2026-05-14,Not Specified,Intern,['Internship']
1495634,Supply Chain Executive,Enrich Tea & Food Exports (Pvt) Ltd,Please refer the vacancy,,2026-05-14,Not Specified,Supply Chain Executive,[]
1495632,Stores & Purchasing Executive,Thermo Plastics (Pvt) Ltd,Please refer the vacancy,,2026-05-14,Not Specified,Stores & Purchasing Executive,[]
1495631,Executive - Human Resources (1),MAS Holdings,Refer the Advertisement,,2026-05-14,Not Specified,Executive,[]
1495630,Intern - Cyber Security (1),Fortude,Please refer to the attached advert and click to apply.,,2026-05-14,Not Specified,Intern,['Internship']
1495629,Management Trainee For Keells Outlet (Batticoloa) (1),Jaykay Marketing Services (Pvt) Ltd,Please refer the job advert,,2026-05-07,Not Specified,Management Trainee For Keells Outlet (Batticoloa),['Internship']
1495628,Industrial Engineer Trainee,Sithma Associates (Pvt) Ltd,Offset Printing & Packaging Industry,,2026-05-14,Not Specified,Industrial Engineer Trainee,['Internship']
1495627,Junior Executive - Outbound Holidays,NKAR Travels & Tours (Pvt) Ltd,Please refer the vacancy,,2026-05-14,Not Specified,Junior Executive - Outbound Holidays,[]
1495626,EXECUTIVE - GENERAL LEDGER (1),Orit Apparels (Pvt) Ltd,Please Refer the Advertisement,,2026-05-05,Not Specified,EXECUTIVE,[]
1495625,Consultant for the Endline Evaluation of the PAIRS Project,National Peace Council of Sri Lanka,Please refer the vacancy,,2026-05-14,Not Specified,Consultant for the Endline Evaluation of the PAIRS Project,[]
1495624,Executive Quality Control  (1),Sunshine Holdings PLC,Please refer the advertisement,,2026-05-14,Not Specified,Executive Quality Control,[]
1495623,Strategic Content Writer,"Atmos Solutions, Inc",Please refer the vacancy,,2026-05-14,Not Specified,Strategic Content Writer,[]
1495622,Management Trainee For Keells Outlet (Jaffna) (1),Jaykay Marketing Services (Pvt) Ltd,Please refer the job advert,,2026-05-07,Jaffna,Management Trainee For Keells Outlet (Jaffna),['Internship']
1495621,Junior Executive - Visa,NKAR Travels & Tours (Pvt) Ltd,Please refer the vacancy,,2026-05-14,Not Specified,Junior Executive - Visa,[]
1495620,Intern - Industrial Engineering (1),MAS Holdings,Please click on the image to apply.,,2026-05-07,Not Specified,Intern,['Internship']
1495619,Administration Executive - Two Wheeler,Singer (Sri Lanka) PLC,Please refer the vacancy,,2026-05-14,Not Specified,Administration Executive - Two Wheeler,[]
1495618,Principal - Nugegoda Branch,Royal Institute International School,Please refer the vacancy,,2026-05-14,Nugegoda,Principal - Nugegoda Branch,[]
1495617,INTERN FINANCE (1),Orit Apparels (Pvt) Ltd,Please Refer the Advertisement,,2026-05-14,Not Specified,INTERN FINANCE,['Internship']
1495614,Restaurant Vacancies,Ram Cinemas,Please refer the vacancy,,2026-05-14,Not Specified,Restaurant Vacancies,[]
1495613,Intern - Mechanical (1),MAS Holdings,Please click on the image to apply.,,2026-05-07,Not Specified,Intern,['Internship']
1495611,Technical Officer,Sierra Construction Ltd,Please refer the vacancy,,2026-05-14,Not Specified,Technical Officer,[]
1495609,Social Officer,Sierra Construction Ltd,Please refer the vacancy,,2026-05-14,Not Specified,Social Officer,[]
1495608,Deputy Head (Credit Administration),People's Micro-Commerce Ltd,Please refer the vacancy,,2026-05-14,Not Specified,Deputy Head (Credit Administration),[]
1495607,BUSINESS DEVELOPMENT CONSULTANT (WITH EXPERIENCE IN INTERNATIONAL / OFFSHORE BUSINESS DEVELOPMENT) (1),Maritime Placements (Pvt) Ltd,"Business Development Consultant -Proven experience in business development, sales, or consulting is a must, Exposure to offshore or international markets i ....",,2026-05-07,Not Specified,BUSINESS DEVELOPMENT CONSULTANT (WITH EXPERIENCE IN INTERNATIONAL / OFFSHORE BUSINESS DEVELOPMENT),[]
1495606,Administrative Intern,Company Name Withheld,Please refer the vacancy,,2026-05-14,Not Specified,Administrative Intern,['Internship']
1495605,Assistant Accountant | Accounts Executive,WKV Hydro Technics (Pvt) Ltd,Please refer the vacancy,,2026-05-14,Not Specified,Assistant Accountant | Accounts Executive,[]
1495604,Customer Support Executive,London Sleep Company,Please refer the vacancy,,2026-05-14,Not Specified,Customer Support Executive,[]
1495603,HR Executive,P&A Insurance Brokers (Pvt) Ltd,Please refer the vacancy,,2026-05-14,Not Specified,HR Executive,[]
1495602,HR Officer,People's Micro-Commerce Ltd,Please refer the vacancy,,2026-05-14,Not Specified,HR Officer,[]
1495601,Finance Manager,SP Solutions (Pvt) Ltd,Please refer the vacancy,,2026-05-14,Not Specified,Finance Manager,[]
1495600,CCTV OPERATOR,SITREK Security Solutions (Pvt) Ltd,Please refer to the advertisement,,2026-05-07,Not Specified,CCTV OPERATOR,[]
1495599,Intern ? Autonomation ( Mawathagama ) (1),MAS Holdings,Click on the vacancy image to apply.,,2026-05-10,Not Specified,Intern ? Autonomation ( Mawathagama ),['Internship']
1495597,Management Trainee - Business Development,East Link Engineering Co.(Pvt) Ltd,Please refer the vacancy,,2026-05-14,Not Specified,Management Trainee - Business Development,['Internship']
1495596,Consultant - Projects (Salt Cluster) (1),Raigam Marketing Services (Pvt) Ltd,Please refer the advertisement.,,2026-05-07,Not Specified,Consultant - Projects (Salt Cluster),[]
1495595,Technician,Worldwide Commodities (Pvt) Ltd,Please refer the vacancy,,2026-05-14,Not Specified,Technician,[]
1495594,Internship - Actuarial Department,Ceylinco Life Insurance Ltd,Please refer the vacancy,,2026-05-14,Not Specified,Internship - Actuarial Department,[]
1495593,Stores Assistant (1),St.Anthony's Industries Group (Pvt) Ltd.,Please refer the advertisement,,2026-05-07,Not Specified,Stores Assistant,[]
1495592,Senior Accountant | Accountant - UK,Veracity Managed Services (Pvt) Ltd,Work Opportunities from Home/office UK calendar,,2026-05-14,Not Specified,Senior Accountant | Accountant - UK,[]
1495591,Attorneys-At-Law & Notaries CLub,John Wilson Partners,Please refer the vacancy,,2026-05-14,Not Specified,Attorneys-At-Law & Notaries CLub,[]
1495590,Officer - Export,Texlan Center (Pvt) Ltd,Please refer the vacancy,,2026-05-14,Not Specified,Officer - Export,[]
1495589,Quantity Surveyor / Assistant Quantity Surveyor,Sripalie Contarctors (Pvt) Ltd,Please refer the vacancy,,2026-05-14,Not Specified,Quantity Surveyor / Assistant Quantity Surveyor,[]
1495588,Senior Manager - Imports (1),EURO MOTORS (PVT) LTD,Reputed automobile company in colombo,,2026-05-07,Not Specified,Senior Manager,[]
1495587,Quality Assurance Assistant (1),St.Anthony's Industries Group (Pvt) Ltd.,Please refer the advertisement,,2026-05-07,Not Specified,Quality Assurance Assistant,['QA/Testing']
1495586,Accountant,Veracity Group,Working Opportunities from Home/office on Middle East Calendar,,2026-05-14,Not Specified,Accountant,[]
1495585,Associate Lawyer,John Wilson Partners,Please refer the vacancy,,2026-05-14,Not Specified,Associate Lawyer,[]
1495584,Japanese Interpreter,Codimite (Pvt) Ltd,Please refer the vacancy,,2026-05-14,Not Specified,Japanese Interpreter,[]
1495583,Site Engineer | Site Manager | Foreman,Sky Homes & Engineering (Private) Ltd,Please refer the vacancy,,2026-05-14,Not Specified,Site Engineer | Site Manager | Foreman,[]
1495582,Medical Laboratory Technician (MLT),Company Name Withheld,Please refer the vacancy,,2026-05-14,Not Specified,Medical Laboratory Technician (MLT),[]
1495581,Quantity Surveyor | Assistant Quantity Surveyor,Alpha Fire Services PLC,Please refer the vacancy,,2026-05-14,Not Specified,Quantity Surveyor | Assistant Quantity Surveyor,[]
1495580,Account Executive (Ja-Ela),Chart Consultants (Private) Limited,Please refer the vacancy,,2026-05-14,Ja-Ela,Account Executive (Ja-Ela),[]
1495579,Head Of Strategic Healthcare Initiatives & Regulatory Compliance (1),Nawaloka Hospitals PLC,Please refer the advertisement.,,2026-05-14,Not Specified,Head Of Strategic Healthcare Initiatives & Regulatory Compliance,[]
1495577,Pharmacy Assistant,Company Name Withheld,Please refer the vacancy,,2026-05-14,Not Specified,Pharmacy Assistant,[]
1495576,Executive - Autonomation Engineer (1),MAS Holdings,Click on the advert to apply,,2026-05-14,Not Specified,Executive,[]
1495574,Associate - Accounts,Chart Consultants (Private) Limited,Please refer the vacancy,,2026-05-14,Not Specified,Associate - Accounts,[]
1495573,Project Manager | Project Engineer,Alpha Fire Services PLC,Please refer the vacancy,,2026-05-14,Not Specified,Project Manager | Project Engineer,[]
1495572,Accounts Assistant,Company Name Withheld,Please refer the vacancy,,2026-05-14,Not Specified,Accounts Assistant,[]
1495571,Senior Finance Manager,Kandy City Centre,Please refer the vacancy,,2026-05-14,Not Specified,Senior Finance Manager,[]
1495570,Accountant,R.C.A Alu.Craft Engineers (Pvt) Ltd,Please refer the vacancy,,2026-05-14,Not Specified,Accountant,[]
1495569,Safety Officer | Supervisor,Ewmi Holdings (Pvt) Ltd,Please refer the vacancy,,2026-05-14,Not Specified,Safety Officer | Supervisor,[]
1495568,Accountant / Accounts Assistant (Colombo),Kandy City Center,Please refer the vacancy,,2026-05-14,Colombo,Accountant / Accounts Assistant (Colombo),[]
1495567,Process Engineer - Activated Carbon,PLAC Global Holdings Pvt Ltd,Please refer the vacancy,,2026-05-14,Not Specified,Process Engineer - Activated Carbon,[]
1495566,Civil Engineer (Tekla Structures),Swetch Colombo (Private) Limited,Please refer the vacancy,,2026-05-14,Not Specified,Civil Engineer (Tekla Structures),[]
1495565,BAR MANAGER - SEYCHELLES (3),Maritime International Limited,"To work in star Class Hotel in Seychelles. Experienced in Bar Manager. . Please refer Topjobs advertisement for details. Fluent in English. 
													 ....",,2026-05-04,Not Specified,BAR MANAGER,[]
1495564,Network Administrator,Kandy City Centre,Please refer the vacancy,,2026-05-14,Not Specified,Network Administrator,['Network/Security']
1495563,Operation Manager (1),Debug Group of Companies,Please refer to the advertisement,,2026-05-14,Not Specified,Operation Manager,[]
1495562,Senior Executive | Executive - Actuarial Services,Ceylinco Life Insurance Limited,Please refer the vacancy,,2026-05-14,Not Specified,Senior Executive | Executive - Actuarial Services,[]
1495561,Community Management Coordinator,U.S Embassy,Please refer the vacancy,,2026-05-14,Not Specified,Community Management Coordinator,[]
1495560,Service Coordinator (1),Debug Group of Companies,Please refer the job advertisement,,2026-05-14,Not Specified,Service Coordinator,[]
1495559,Teacher Vacancies,Guidance International School,Please refer the vacancy,,2026-05-14,Not Specified,Teacher Vacancies,[]
1495558,Electrician,Varun Beverages Lanka (Pvt) Ltd,Please refer the vacancy,,2026-05-14,Not Specified,Electrician,[]
1495557,Associate Architect / Senior Tech Lead,Altria Consulting (Pvt) Ltd,Please refer the vacancy,,2026-05-14,Not Specified,Associate Architect / Senior Tech Lead,[]
1495556,Assistant Store Keeper (1),Richardson Group of Companies,Please refer the job advert,,2026-05-14,Not Specified,Assistant Store Keeper,[]
1495555,Branch Manager,Honey Pot,Please refer the vacancy,,2026-05-14,Not Specified,Branch Manager,[]
1495554,Executive - Human Resources,Printcare PLC,Please refer the vacancy,,2026-05-14,Not Specified,Executive - Human Resources,[]
1495553,F&B Manager,Chives Cafe and Bistro,Please refer the vacancy,,2026-05-14,Not Specified,F&B Manager,[]
1495552,Quantity Surveyor (Water Supply & Road Construction Projects),Sierra Construction (Pvt) Ltd,Please refer the vacancy,,2026-05-14,Not Specified,Quantity Surveyor (Water Supply & Road Construction Projects),[]
1495551,Accountant,Lavanga Beach Hotel,Please refer the vacancy,,2026-05-14,Not Specified,Accountant,[]
1495550,Hotel Vacancies,Saltasia Botique Beach Villa,Please refer the vacancy,,2026-05-14,Not Specified,Hotel Vacancies,[]
1495549,"Environmental, Health and Safety Officer (Road Construction Projects)",Sierra Construction (Pvt) Ltd,Please refer the vacancy,,2026-05-14,Not Specified,"Environmental, Health and Safety Officer (Road Construction Projects)",[]
1495548,Warehouse Assistant,NCG Warehouse Solutions (Pvt) Ltd,Please refer the vacancy,,2026-05-14,Not Specified,Warehouse Assistant,[]
1495546,Draftsman (Road Projects & Water Projects),Sierra Construction (Pvt) Ltd,Please refer the vacancy,,2026-05-14,Not Specified,Draftsman (Road Projects & Water Projects),[]
1495545,Executive/ Senior Executive/ Assistant Manager - Sales (Fixed Deposits) (11),Softlogic Finance PLC,Kindly refer the job advertisement.,,2026-05-14,Not Specified,Executive/ Senior Executive/ Assistant Manager - Sales (Fixed Deposits),[]
1495544,Head of Finance (Transport Sector),Lyceum Global Holdings (Pvt) Ltd,Please refer the vacancy,,2026-05-14,Not Specified,Head of Finance (Transport Sector),[]
1495543,Medical Laboratory Technicians,Winlanka Hospital,Please refer the vacancy,,2026-05-14,Not Specified,Medical Laboratory Technicians,[]
1495542,Digital Brand & Growth Manager,Hashtag Clothing,Please refer the vacancy,,2026-05-14,Not Specified,Digital Brand & Growth Manager,[]
1495541,Assistant Manager - Sales,Packages Lanka (Pvt) Ltd,Please refer the vacancy,,2026-05-14,Not Specified,Assistant Manager - Sales,[]
1495540,Sales Coordinators (Crate Division),Nilkamal Eswaran Plastics (Pvt) Ltd,Please refer the vacancy,,2026-05-14,Not Specified,Sales Coordinators (Crate Division),[]
1495539,Maintenance Officer,Puwakaramba Enterprises (Pvt) Ltd,Please refer the vacancy,,2026-05-14,Not Specified,Maintenance Officer,[]
1495538,Junior Executive - Operations,Lyceum Global Holdings (Pvt) Ltd,Please refer the vacancy,,2026-05-14,Not Specified,Junior Executive - Operations,[]
1495537,Senior Executive - Compliance (EHS),Packages Lanka (Pvt) Ltd,Please refer the vacancy,,2026-05-14,Not Specified,Senior Executive - Compliance (EHS),[]
1495536,Intern - Human Resources (1),MAS Holdings,Refer the Advertisement,,2026-05-14,Not Specified,Intern,['Internship']
1495535,Store Keeper - Bandarawela (Poonagala),Senura Civil Engineering (Pvt) Ltd,Please refer the vacancy,,2026-05-14,Not Specified,Store Keeper - Bandarawela (Poonagala),[]
1495534,Secretary to MD,Packages Lanka (Pvt) Ltd,Please refer the vacancy,,2026-05-14,Not Specified,Secretary to MD,[]
1495533,Filling Station Supervisor (Wattala),RTT Group,Please refer the vacancy,,2026-05-14,Wattala,Filling Station Supervisor (Wattala),[]
1495532,Graphic Designer,Sanasa General Insurance Company Ltd,Please refer the vacancy,,2026-05-14,Not Specified,Graphic Designer,[]
1495531,Finance Intern,ACME Logistics Pvt Ltd,Please refer the vacancy,,2026-05-14,Not Specified,Finance Intern,['Internship']
1495530,Hotel Vacancies,NH Collection Colombo,Please refer the vacancy,,2026-05-14,Not Specified,Hotel Vacancies,[]
1495529,Technical Officer | Quantity Surveyor,ArckiBuild (Pvt) Ltd,Please refer the vacancy,,2026-05-14,Not Specified,Technical Officer | Quantity Surveyor,[]
1495528,Sales Executive (1),Debug Group of Companies,Please refer the job advertisement,,2026-05-14,Not Specified,Sales Executive,[]
1495527,Accounts Assistant - Asphalt Plant & Crusher Plant (Wadakada),Senura Civil Engineering (Pvt) Ltd,Please refer the vacancy,,2026-05-14,Not Specified,Accounts Assistant - Asphalt Plant & Crusher Plant (Wadakada),[]
1495526,HR Trainee | HR Executive | Senior HR Executive,Nikro Management Services,Please refer the vacancy,,2026-05-14,Not Specified,HR Trainee | HR Executive | Senior HR Executive,['Internship']
1495525,Graduate Quantity Surveyor,International Construction Consortium (Pvt) Ltd,Please refer the vacancy,,2026-05-14,Not Specified,Graduate Quantity Surveyor,['Internship']
1495524,Telemarketing / Sales Executive,Orient Glass (Pvt) Ltd,Please refer the vacancy,,2026-05-14,Not Specified,Telemarketing / Sales Executive,[]
1495523,Associate Branch Operations-Battaramulla (1),Softlogic Life Insurance PLC,Please refer the advert.,,2026-05-07,Battaramulla,Associate Branch Operations,[]
1495522,Accounts Assistant cum Storekeeper - Asphalt Plant (Wellawaya - Badulla),Senura Civil Engineering (Pvt) Ltd,Please refer the vacancy,,2026-05-14,Badulla,Accounts Assistant cum Storekeeper - Asphalt Plant (Wellawaya - Badulla),[]
1495521,CEO,EAP Films & Theatres,Please refer the vacancy,,2026-05-14,Not Specified,CEO,[]
1495520,Construction Project Manager,Colombo Export & Import Agencies (Pvt) Ltd,Please refer the vacancy,,2026-05-14,Not Specified,Construction Project Manager,[]
1495519,Quantity Surveyor,Orient Glass (Pvt) Ltd,Please refer the vacancy,,2026-05-14,Not Specified,Quantity Surveyor,[]
1495518,Associate Branch Operations (1),Softlogic Life Insurance PLC,Please refer the advert.,,2026-05-07,Not Specified,Associate Branch Operations,[]
1495517,Manager - Research,HNB Stockbrokers (Pvt) Ltd,Please refer the vacancy,,2026-05-14,Not Specified,Manager - Research,[]
1495516,Head of Sales,Megakem Lanka (Pvt) Ltd,Please refer the vacancy,,2026-05-14,Not Specified,Head of Sales,[]
1495515,Trainee - Financial Planning,Engage Financial Solutions,Please refer the vacancy,,2026-05-14,Not Specified,Trainee - Financial Planning,['Internship']
1495514,Operation Officer,Honey Pot,Please refer the vacancy,,2026-05-14,Not Specified,Operation Officer,[]
1495513,Executive - Quality Assurance (1),Teejay Lanka,Please refer the advert.,,2026-05-14,Not Specified,Executive,[]
1495512,Senior Executive - Marketing & Brand Management,Royal Institute Campus (RIC),Please refer the vacancy,,2026-05-14,Not Specified,Senior Executive - Marketing & Brand Management,[]
1495511,Store Keeper - Crusher Plant (Wellawaya - Badulla),Senura Civil Engineering (Pvt) Ltd,Please refer the vacancy,,2026-05-14,Badulla,Store Keeper - Crusher Plant (Wellawaya - Badulla),[]
1495510,Executive - Quality Assurance (1),Teejay Lanka,Please refer the advert,,2026-05-14,Not Specified,Executive,[]
1495509,Sales Executive | Account Managers - HoReCa,MA's Kitchen,Please refer the vacancy,,2026-05-14,Not Specified,Sales Executive | Account Managers - HoReCa,[]
1495508,Sales and Admin Support,Rinstrum (Private) Limited,Please refer the vacancy,,2026-05-14,Not Specified,Sales and Admin Support,[]
1495507,Assistant Manager ? Inventory Management  (1),Sunshine Holdings PLC,Please refer the advertisement,,2026-05-14,Not Specified,Assistant Manager ? Inventory Management,[]
1495506,Branch Operations Officer (2),Softlogic Finance PLC,Kindly refer the job advertisement.,,2026-05-14,Not Specified,Branch Operations Officer,[]
1495505,Logistics & Supply Chain Executive - Dambulla,MA's Kitchen,Please refer the vacancy,,2026-05-14,Not Specified,Logistics & Supply Chain Executive - Dambulla,[]
1495504,Accounts Assistant,Insight Business Consultants Pvt Ltd,Please refer the vacancy,,2026-05-14,Not Specified,Accounts Assistant,[]
1495503,Account Executive / Accounts Assistant (Female),Nadeeka Group of Companies,Please refer the vacancy,,2026-05-14,Not Specified,Account Executive / Accounts Assistant (Female),[]
1495502,Sales and Admin Support,Rinstrum (Private) Limited,Please refer the vacancy,,2026-05-14,Not Specified,Sales and Admin Support,[]
1495501,Front Office Executive - Uga Ghiri  (1),Uga Resorts,Please refer advert.,,2026-05-14,Not Specified,Front Office Executive,[]
1495500,Security Assistant,British High Commission Colombo,Please refer the vacancy,,2026-05-14,Not Specified,Security Assistant,[]
1495499,Intern UI | UX Designer,OXO Tech (Pvt) Ltd,Please refer the vacancy,,2026-05-14,Not Specified,Intern UI | UX Designer,['Internship']
1495498,Junior Executive - Quantity Surveyor Cum Draftsman (1),Ceyline Group,Please refer the vacancy,,2026-05-14,Not Specified,Junior Executive,[]
1495497,Head of Marketing,Company Name Withheld,Please refer the vacancy,,2026-05-14,Not Specified,Head of Marketing,[]
1495496,Sales and Admin Support,Rinstrum (Private) Limited,Please refer the vacancy,,2026-05-14,Not Specified,Sales and Admin Support,[]
1495495,Senior Human Resources Coordinator,Livest (Pvt) Ltd,Please refer the vacancy,,2026-05-14,Not Specified,Senior Human Resources Coordinator,[]
1495494,Chef De Partie (Indian Specialty Chef) | Sous Chef (A La Carte),Silver Ray Grand,Please refer the vacancy,,2026-05-14,Not Specified,Chef De Partie (Indian Specialty Chef) | Sous Chef (A La Carte),[]
1495493,Receptionist (Male | Female),Upali's by Nawaloka,Please refer the vacancy,,2026-05-14,Not Specified,Receptionist (Male | Female),[]
1495492,Senior Accounts Executive,Rathna Group,Please refer the vacancy,,2026-05-14,Not Specified,Senior Accounts Executive,[]
1495491,Receptionist (Head Office),Singer Finance (Lanka) Ltd,Please refer the vacancy,,2026-05-14,Not Specified,Receptionist (Head Office),[]
1495490,Restaurant Vacancies - Colombo 07,Thilapiya Colombo,Please refer the vacancy,,2026-05-14,Colombo,Restaurant Vacancies - Colombo 07,[]
1495488,Full Stack Developer,Yaden Pharmacy (Private) Limited,Please refer the vacancy,,2026-05-14,Not Specified,Full Stack Developer,[]
1495486,Senior Executive / Executive (Signage Solutions),Emerging Media (Pvt) Ltd,Please refer the vacancy,,2026-05-14,Not Specified,Senior Executive / Executive (Signage Solutions),[]
1495485,Sr. Executive | Assistant Manager - Procurement & Inventory,Yaden Laboratories (Pvt) Ltd,Please refer the vacancy,,2026-05-14,Not Specified,Sr. Executive | Assistant Manager - Procurement & Inventory,[]
1495484,Marketing Executive,Emerging Media (Pvt) Ltd,Please refer the vacancy,,2026-05-14,Not Specified,Marketing Executive,[]
1495483,Field Officer,Emerging Media (Pvt) Ltd,Please refer the vacancy,,2026-05-14,Not Specified,Field Officer,[]
1495482,Graphic Designer & AI Video Creator / Editor,Emerging Media (Pvt) Ltd,Please refer the vacancy,,2026-05-14,Not Specified,Graphic Designer & AI Video Creator / Editor,[]
1495481,Engineering Assistant (Electrical) - Junior Executive Grade,Property Development Limited,Please refer the vacancy,,2026-05-14,Not Specified,Engineering Assistant (Electrical) - Junior Executive Grade,[]
1495480,Lecturer - Full time,Royal Institute Campus (RIC),Please refer the vacancy,,2026-05-14,Not Specified,Lecturer - Full time,[]
1495479,Assistant Accountant,Nawaloka Aviation (Pvt) Ltd,Please refer the vacancy,,2026-05-14,Not Specified,Assistant Accountant,[]
1495478,Office Assistant,Quantum,Please refer the vacancy,,2026-05-14,Not Specified,Office Assistant,[]
1495477,Junior Technical Positions (Plumbing / Electrical) / Senior Technical Positions,Property Development Limited,Please refer the vacancy,,2026-05-14,Not Specified,Junior Technical Positions (Plumbing / Electrical) / Senior Technical Positions,[]
1495476,Stores Executive,J.N Interiors (Pvt) Ltd,Please refer the vacancy,,2026-05-14,Not Specified,Stores Executive,[]
1495475,Senior Executive - Fourth Party Logistics (4PL),Hellmann MAS Supply Chain (Private) Limited,Please refer the vacancy,,2026-05-14,Not Specified,Senior Executive - Fourth Party Logistics (4PL),[]
1495474,Learning & Development Executive,Sigiriya Village Hotels PLC,Please refer the vacancy,,2026-05-14,Not Specified,Learning & Development Executive,[]
1495473,Teaching Vacancies (Female),Rawdha Aa'ishah Girl's School & Pre School,Please refer the vacancy,,2026-05-14,Not Specified,Teaching Vacancies (Female),[]
1495472,Area Sales Executive,Evolution Auto,Please refer the vacancy,,2026-05-14,Not Specified,Area Sales Executive,[]
1495471,Trainee Programme Support Officer - Remote,Imperial Edutech (Pvt) Ltd,Please refer the vacancy,,2026-05-14,Not Specified,Trainee Programme Support Officer - Remote,['Internship']
1495470,Construction Vacancies,Corporate Constructions (Pvt) Limited,Please refer the vacancy,,2026-05-14,Not Specified,Construction Vacancies,[]
1495469,Teacher Vacancies,Royal Institute International School,Please refer the vacancy,,2026-05-14,Not Specified,Teacher Vacancies,[]
1495468,Showroom Executive,Evolution Auto,Please refer the vacancy,,2026-05-14,Not Specified,Showroom Executive,[]
1495467,Chief Operating Officer - Mobile Health & Insurance Company,Talentra People Management Solutions,Please refer the vacancy,,2026-05-14,Not Specified,Chief Operating Officer - Mobile Health & Insurance Company,['Mobile Dev']
1495466,Call Center Executives,I3 Connect Solution (Pvt) Limited,Please refer the vacancy,,2026-05-14,Not Specified,Call Center Executives,[]
1495465,Draftsman,Archedium (Pvt.) Ltd,Please refer the vacancy,,2026-05-14,Not Specified,Draftsman,[]
1495464,Interior Designer | Project Manager,Design Edit (Pvt) Ltd,Please refer the vacancy,,2026-05-14,Not Specified,Interior Designer | Project Manager,[]
1495463,Laundry Manager,Earl's Court,Please refer the vacancy,,2026-05-14,Not Specified,Laundry Manager,[]
1495462,Call Center Executive,Adaptra (Pvt) Ltd,Please refer the vacancy,,2026-05-14,Not Specified,Call Center Executive,[]
1495461,Customer Service Executive,Hutchison Telecommunications Lanka (Pvt) Ltd,Please refer the vacancy,,2026-05-14,Not Specified,Customer Service Executive,[]
1495460,Sales Executive,Keselwatta Diistribution Pvt Ltd,Please refer the vacancy,,2026-05-14,Not Specified,Sales Executive,[]
1495458,Visiting Lecturers - Business Management,ICBT Campus,Please refer the vacancy,,2026-05-14,Not Specified,Visiting Lecturers - Business Management,[]
1495457,Agricultural Development Executive - Male,Company Name Withheld,Please refer the vacancy,,2026-05-14,Not Specified,Agricultural Development Executive - Male,[]
1495456,Islam Teacher  - Kotikawatta Branch,Campbell International School,Please refer the vacancy,,2026-05-14,Not Specified,Islam Teacher  - Kotikawatta Branch,[]
1495454,Accounts Executive,Company Name Withheld,Please refer the vacancy,,2026-05-14,Not Specified,Accounts Executive,[]
1495453,Sales Consultant - Pumping Solutions,Matrix (Pvt) Ltd,Please refer the vacancy,,2026-05-14,Not Specified,Sales Consultant - Pumping Solutions,[]
1495452,Officer / Junior Executive - Sales (Material Handling Equipment),Matrix (Pvt) Ltd,Please refer the vacancy,,2026-05-14,Not Specified,Officer / Junior Executive - Sales (Material Handling Equipment),[]
1495451,Junior Drafter,Areca Collection (Private) Limited,Please refer the vacancy,,2026-05-14,Not Specified,Junior Drafter,[]
1495450,Sales Executive - Automobile Division,Matrix (Pvt) Ltd,Please refer the vacancy,,2026-05-14,Not Specified,Sales Executive - Automobile Division,[]
1495449,Electrician,Ansell,Please refer the vacancy,,2026-05-14,Not Specified,Electrician,[]
1495448,Assistant Engineer - Material Handling Division,Matrix (Pvt) Ltd,Please refer the vacancy,,2026-05-14,Not Specified,Assistant Engineer - Material Handling Division,[]
1495447,Accountant | Assistant Accountant | Senior Accounts Executive,Company Name Withheld,Please refer the vacancy,,2026-05-14,Not Specified,Accountant | Assistant Accountant | Senior Accounts Executive,[]
1495446,Tech Lead - RPG,ORYSYS Limited,Please refer the vacancy,,2026-05-14,Not Specified,Tech Lead - RPG,[]
1495445,Security Officer,De La Rue Lanka Currency & Security Print (Pvt) Ltd,Please refer the vacancy,,2026-05-14,Not Specified,Security Officer,[]
1495444,Interns | Travel Executives | Junior Travel Executives,Company Name Withheld,Please refer the vacancy,,2026-05-14,Not Specified,Interns | Travel Executives | Junior Travel Executives,[]
1495443,Information Security Officer,ORYSYS Limited,Please refer the vacancy,,2026-05-14,Not Specified,Information Security Officer,[]
1495442,Demand planner - Fresh Produce ( Executive Level)  (1),Jaykay Marketing Services (Pvt) Ltd,Please apply via link.,,2026-05-07,Not Specified,Demand planner - Fresh Produce ( Executive Level),[]
1495441,Junior Application Support / Application Support Intern,Webappclouds (Pvt) Ltd,Please refer the vacancy,,2026-05-14,Not Specified,Junior Application Support / Application Support Intern,['Internship']
1495440,Executive | Senior Executive - Student Enrolments | Sales,Australasian Academy,Please refer the vacancy,,2026-05-14,Not Specified,Executive | Senior Executive - Student Enrolments | Sales,[]
1495439,Field Officer - Outdoor Advertising (1),Richardson Group of Companies,Please refer to the job advert.,,2026-05-07,Not Specified,Field Officer,[]
1495438,Field Officer - Outdoor Advertising (1),Richardson Group of Companies,Please refer to the job advert.,,2026-05-07,Not Specified,Field Officer,[]
1495437,Claims Adjuster,Webappclouds (Pvt) Ltd,Please refer the vacancy,,2026-05-14,Not Specified,Claims Adjuster,[]
1495436,Accountant,Maalu Maalu Resort & Spa,Please refer the vacancy,,2026-05-14,Not Specified,Accountant,[]
1495435,Accounting Executive,Webappclouds (Pvt) Ltd,Please refer the vacancy,,2026-05-14,Not Specified,Accounting Executive,[]
1495434,General Manager - Land Sales,Foresight Engineering (Pvt) Ltd,Please refer the vacancy,,2026-05-14,Not Specified,General Manager - Land Sales,[]
1495433,Sales Representative,APS Knitters (Pvt) Ltd,Please refer the vacancy,,2026-05-14,Not Specified,Sales Representative,[]
1495432,IT Officer & Graphic Designer (Anuradhapura Branch),Daham Lanka Foreign Employment Agency,Please refer the vacancy,,2026-05-14,Anuradhapura,IT Officer & Graphic Designer (Anuradhapura Branch),[]
1495431,Hotel Vacancies,Kings Grand Hotel,Please refer the vacancy,,2026-05-14,Not Specified,Hotel Vacancies,[]
1495430,Customer Care & Calling Center Officers,Daham Lanka Foreign Employment Agency,Please refer the vacancy,,2026-05-14,Not Specified,Customer Care & Calling Center Officers,[]
1495429,Office Cleaners,Daham Lanka Foreign Employment Agency,Please refer the vacancy,,2026-05-14,Not Specified,Office Cleaners,[]
1495428,Sales Executive,Metalmann International Pvt. Ltd,Please refer the vacancy,,2026-05-14,Not Specified,Sales Executive,[]
1495427,Reservations Executive - Rajagiriya  (1),Teardrop Boutique Management,Please refer the advert.,,2026-05-15,Rajagiriya,Reservations Executive,[]
1495426,Human Recourses Manager,Daham Lanka Foreign Employment Agency,Please refer the vacancy,,2026-05-14,Not Specified,Human Recourses Manager,[]
1495425,Junior Sales Associate,Geoffrey Bawa Trust,Please refer the vacancy,,2026-05-14,Not Specified,Junior Sales Associate,[]
1495424,Assistant Manager - Internal Audit,PMF Finance PLC,Please refer the vacancy,,2026-05-14,Not Specified,Assistant Manager - Internal Audit,[]
1495423,Head of Finance,Management Systems (Pvt) Ltd,Please refer the vacancy,,2026-05-14,Not Specified,Head of Finance,[]
1495422,Executive Internal Audit,PMF Finance PLC,Please refer the vacancy,,2026-05-14,Not Specified,Executive Internal Audit,[]
1495421,Head of Legal,Management Systems (Pvt) Ltd,Please refer the vacancy,,2026-05-14,Not Specified,Head of Legal,[]
1495420,Data Entry Operator - School leavers can apply (1),Jobfactory,Please refer the advertisement,,2026-05-14,Not Specified,Data Entry Operator,[]
1495419,Shipping Coordinator,Haddad Brands,Please refer the vacancy,,2026-05-14,Not Specified,Shipping Coordinator,[]
1495418,Helpdesk IT Support Specialist,Haddad Brands,Please refer the vacancy,,2026-05-14,Not Specified,Helpdesk IT Support Specialist,[]
1495417,Legal Officer - Special Recoveries,PMF Finance PLC,Please refer the vacancy,,2026-05-14,Not Specified,Legal Officer - Special Recoveries,[]
1495416,Front Office Manager - Ahangama (1),Teardrop Boutique Management,Please refer to the advert,,2026-05-21,Not Specified,Front Office Manager,[]
1495415,Manager - Business Development (Micro Leasing),PMF Finance PLC,Please refer the vacancy,,2026-05-14,Not Specified,Manager - Business Development (Micro Leasing),[]
1495414,Receptionist,Happy Smiles Kids & Family Dental,Happy Smiles Dental is looking for a friendly receptionist with 2+ years of experience,,2026-05-14,Not Specified,Receptionist,[]
1495413,Senior Procurement Executive |  Procurement Executive,Ceylon Steel Corporation Limited,Please refer the vacancy,,2026-05-14,Not Specified,Senior Procurement Executive |  Procurement Executive,[]
1495412,Import Executive - Female,AKAS Marketing,Please refer the vacancy,,2026-05-14,Not Specified,Import Executive - Female,[]
1495411,Assistant Brand Manager  (1),Odel PLC,Please refer the advertisement,,2026-05-14,Not Specified,Assistant Brand Manager,[]
1495410,Cashier cum Receptionist (Front-Line Sales Focus),Unmixes (Pvt) Ltd,Please refer the vacancy,,2026-05-14,Not Specified,Cashier cum Receptionist (Front-Line Sales Focus),[]
1495409,Jnr. Sales Coordinator,Exel Holdings (Pvt) Ltd,Please refer the vacancy,,2026-05-14,Not Specified,Jnr. Sales Coordinator,[]
1495408,Restaurant Operations Manager - A growing Restaurant Chain,Hansagiri Group of Companies,Please refer the vacancy,,2026-05-14,Not Specified,Restaurant Operations Manager - A growing Restaurant Chain,[]
1495407,Civil Engineer,Mode Engineering (Pvt) Ltd,Please refer the vacancy,,2026-05-14,Not Specified,Civil Engineer,[]
1495405,MEP Engineers,Mode Engineering (Pvt) Ltd,Please refer the vacancy,,2026-05-14,Not Specified,MEP Engineers,[]
1495404,Assistant Accountant - F & B Sector,Alankulama Group,Please refer the vacancy,,2026-05-14,Not Specified,Assistant Accountant - F & B Sector,[]
1495403,Internal Auditor,Senura Civil Engineering (Pvt) Ltd,Please refer the vacancy,,2026-05-14,Not Specified,Internal Auditor,[]
1495401,Veterinarian - Technical Manager (Animal Health),Astron Limited,Please refer the vacancy,,2026-05-14,Not Specified,Veterinarian - Technical Manager (Animal Health),[]
1495400,Cashiers,Colombo Bartender & Barista School (Pvt) Ltd,Please refer the vacancy,,2026-05-14,Not Specified,Cashiers,[]
1495399,Account Assistant,Nalaka Stationery,Please refer the vacancy,,2026-05-14,Not Specified,Account Assistant,[]
1495398,Accounts Executive,ECLOF Lanka (GTE) Ltd,Please refer the vacancy,,2026-05-14,Not Specified,Accounts Executive,[]
1495397,Accounts Staff,Company Name Withheld,Please refer the vacancy,,2026-05-14,Not Specified,Accounts Staff,[]
1495396,Production Supervisor - Hanwella,Wichy Beverage (Private) Limited,Please refer the vacancy,,2026-05-14,Not Specified,Production Supervisor - Hanwella,[]
1495395,Crew Member,Chicken Depot,Please refer the vacancy,,2026-05-14,Not Specified,Crew Member,[]
1495394,Junior Executive - Inventory Control,Fine Group,Please refer the vacancy,,2026-05-14,Not Specified,Junior Executive - Inventory Control,[]
1495393,Office Assistant,Emirates Travels (Pvt) Ltd,Please refer the vacancy,,2026-05-14,Not Specified,Office Assistant,[]
1495392,Control Room Assistant Operator,Ross Hydro Power (Pvt) Ltd,Please refer the vacancy,,2026-05-14,Not Specified,Control Room Assistant Operator,[]
1495391,Cook,Baby Valentina,Please refer the vacancy,,2026-05-14,Not Specified,Cook,[]
1495390,Sales and Marketing Opportunities - Executive Level | Manager Level,Suwani Talent Solutions (Pvt) Ltd,Please refer the vacancy,,2026-05-14,Not Specified,Sales and Marketing Opportunities - Executive Level | Manager Level,[]
1495389,Supervisors (Negombo/ Wattala/ Panadura/ Kalutara & Island-wide),Pronto Lanka (Pvt) Ltd,Please refer the vacancy,,2026-05-14,Negombo,Supervisors (Negombo/ Wattala/ Panadura/ Kalutara & Island-wide),[]
1495388,Head of Risk and Compliance,Sanasa Life Insurance Company PLC,Please refer the vacancy,,2026-05-14,Not Specified,Head of Risk and Compliance,[]
1495387,Commi I / II / III,PVR Lanka Ltd,Please refer the vacancy,,2026-05-14,Not Specified,Commi I / II / III,[]
1495386,Executive - Finance (1),MAS Holdings,Please click on the image to apply,,2026-05-14,Not Specified,Executive,[]
1495385,Management Accountant,Medisurg International (Pvt) Ltd,Please refer the vacancy,,2026-05-14,Not Specified,Management Accountant,[]
1495384,Marketing Content Executive (1),Informatics Group of Companies,We are looking for a creative and driven Marketing Content Executive to develop engaging promotional materials and digital content that support student rec ....,,2026-05-18,Not Specified,Marketing Content Executive,[]
1495383,Assistant Manager - Finance,Sanasa Life Insurance Company PLC,Please refer the vacancy,,2026-05-14,Not Specified,Assistant Manager - Finance,[]
1495382,Creative Designer / Graphic Designer (1),Informatics Group of Companies,"The Creative Designer / Graphic Designer position at the Informatics Institute of Technology, focuses on creating and adapting designs for digital and prin ....",,2026-05-18,Not Specified,Creative Designer / Graphic Designer,[]
1495381,Field Marketing Executive (Sales),ikman.lk (Pvt) Ltd,Please refer the vacancy,,2026-05-14,Not Specified,Field Marketing Executive (Sales),[]
1495380,Technician,BC Agro Tronics (Pvt) Ltd,Please refer the vacancy,,2026-05-14,Not Specified,Technician,[]
1495379,Personal Assistant To The CEO (1),Teejay Lanka,Please Refer the Advert,,2026-05-14,Not Specified,Personal Assistant To The CEO,[]
1495378,ASSISTANT MANAGER / SENIOR EXECUTIVE - SALES & MARKETING (1),Informatics Group of Companies,Student Counsellor @ IIT - Are you ready to make an impact in Sales & Marketing? We?re hiring a Sales & Marketing expert to drive student recruitment and r ....,,2026-05-18,Not Specified,ASSISTANT MANAGER / SENIOR EXECUTIVE,[]
1495377,General Manager - Banking Industry (Tonga),Mega Global Resources (Pvt) Ltd,Please refer the vacancy,,2026-05-14,Not Specified,General Manager - Banking Industry (Tonga),[]
1495376,Personal Assistant To The CEO (1),Teejay Lanka,Please Refer the Advertisement.,,2026-05-14,Not Specified,Personal Assistant To The CEO,[]
1495375,Customer Service Officer,Import - Export Company,Please refer the vacancy,,2026-05-14,Not Specified,Customer Service Officer,[]
1495374,Digital Communications Executive (1),Informatics Group of Companies,Are you a strategic digital marketing leader ready to shape the future of higher education? Join Sri Lanka?s premier private higher education institute and ....,,2026-05-18,Not Specified,Digital Communications Executive,[]
1495373,Electrical Technicians,ZPMC Lanka Company (Pvt) Ltd,Please refer the vacancy,,2026-05-14,Not Specified,Electrical Technicians,[]
1495372,Lecturers/Senior Lecturers - Business School (1),Informatics Group of Companies,Informatics Institute of Technology is seeking highly qualified and motivated individuals to join as Lecturers. The successful candidates will be responsib ....,,2026-05-18,Not Specified,Lecturers/Senior Lecturers,[]
1495371,Office Maintenance Officer,Phoenix Ogilvy,Please refer the vacancy,,2026-05-14,Not Specified,Office Maintenance Officer,[]
1495370,Personal Assistant To The CEO (1),Teejay Lanka,Please Refer the Advertisement.,,2026-05-14,Not Specified,Personal Assistant To The CEO,[]
1495369,Finance Intern,EDOTCO Group,Please refer the vacancy,,2026-05-14,Not Specified,Finance Intern,['Internship']
1495368,Accountant  | Accounts Assistants,Vericass Cassims International,Please refer the vacancy,,2026-05-14,Not Specified,Accountant  | Accounts Assistants,[]
1495367,AI Engineer (Intern),Cosmetics.lk (Pvt) Ltd,Please refer the vacancy,,2026-05-14,Not Specified,AI Engineer (Intern),['Internship']
1495366,Commerce Teacher cum Programme Coordinator (1),Informatics Group of Companies,"IIT is looking for a Commerce Teacher cum Programme Coordinator for the IIT School Programme. The role includes teaching Commerce for Grades 6?10, O/L, and ....",,2026-05-18,Not Specified,Commerce Teacher cum Programme Coordinator,[]
1495365,Junior Executive - Finance,Cosmetics.lk (Pvt) Ltd,Please refer the vacancy,,2026-05-14,Not Specified,Junior Executive - Finance,[]
1495364,Digital Marketing Executive,Company Name Withheld,Please refer the vacancy,,2026-05-14,Not Specified,Digital Marketing Executive,[]
1495363,Accountant,Vella Corporate  (Pvt) Ltd,Please refer the vacancy,,2026-05-14,Not Specified,Accountant,[]
1495362,ICT Teacher cum Program Coordinator (1),Informatics Group of Companies,"Join the Informatics Institute of Technology (IIT), a pioneer in Sri Lanka?s higher education sector, as an ICT Teacher under our Digital and Distance Lear ....",,2026-05-18,Not Specified,ICT Teacher cum Program Coordinator,[]
1495361,Front Office Co-ordinators (Females),Data Management Systems (Pvt) Ltd,Please refer the advertisement,,2026-05-30,Not Specified,Front Office Co-ordinators (Females),[]
1495360,Purchasing Executive,Company Name Withheld,Please refer the vacancy,,2026-05-14,Not Specified,Purchasing Executive,[]
1495359,Product Specialist (Male),Data Management Systems (Pvt) Ltd,Please refer the advertisement.,,2026-05-30,Not Specified,Product Specialist (Male),[]
1495358,Electrical Engineers | Mechanical Engineers,Company Name Withheld,Please refer the vacancy,,2026-05-14,Not Specified,Electrical Engineers | Mechanical Engineers,[]
1495357,Accounts Assistant - Recoveries,Vishwa Graphics (Pvt) Ltd,Please refer the vacancy,,2026-05-14,Not Specified,Accounts Assistant - Recoveries,[]
1495356,Executive Student Success (PDU) (1),Informatics Group of Companies,We are seeking a self-motivated and target-oriented individual to join our team as an Executive - Student Success to Professional Development Unit. This ro ....,,2026-05-18,Not Specified,Executive Student Success (PDU),[]
1495354,LECTURERS & SENIOR LECTURERS (1),Informatics Group of Companies,Informatics Institute of Technology is seeking highly qualified and motivated individuals to join our school of computing as Lecturers/Senior Lecturers. Th ....,,2026-05-18,Not Specified,LECTURERS & SENIOR LECTURERS,[]
1495353,Architecture & Interior Design Students,THE ARCH LAB,Please refer the vacancy,,2026-05-14,Not Specified,Architecture & Interior Design Students,[]
1495352,Personal Assistant to Senior Management,BConnected (Pvt) Ltd,Please refer the vacancy,,2026-05-14,Not Specified,Personal Assistant to Senior Management,[]
1495351,Senior Executive ? Admissions & Marketing (PDU) (1),Informatics Group of Companies,"The Senior Executive ? Admissions & Marketing position at the IIT under the Professional Development Unit (PDU) focuses on managing student counseling, adm ....",,2026-05-18,Not Specified,Senior Executive ? Admissions & Marketing (PDU),[]
1495350,Assistant Manager | Marketing and Enrollment,Althia Health Uni (Pvt) Ltd,Please refer the vacancy,,2026-05-14,Not Specified,Assistant Manager | Marketing and Enrollment,[]
1495349,Finance Manager,Ceylon Royal Teas (Pvt) Ltd,Please refer the vacancy,,2026-05-14,Not Specified,Finance Manager,[]
1495348,Banking Assistant - Digital Banking Department (1),DFCC Bank,Please refer the advert for more information.,,2026-05-07,Not Specified,Banking Assistant,[]
1495347,Computer Operator / Multi Duty Clerk/Sales & Service Coordinator,Denme Company Ltd,Please refer the vacancy,,2026-05-14,Not Specified,Computer Operator / Multi Duty Clerk/Sales & Service Coordinator,[]
1495346,Digital Marketing Executive,Halcyon Private Limited,Please refer the vacancy,,2026-05-14,Not Specified,Digital Marketing Executive,[]
1495345,Manager - Administration,Kplus by Helanka,Please refer the vacancy,,2026-05-14,Not Specified,Manager - Administration,[]
1495344,Business Analyst,SITREK Security Solutions (Pvt) Ltd,Please refer to the advertisement,,2026-05-07,Not Specified,Business Analyst,['Business Analyst']
1495343,Sales Executive | Sales Trainee,Savi Lands (Pvt) Ltd,Please refer the vacancy,,2026-05-14,Not Specified,Sales Executive | Sales Trainee,['Internship']
1495342,Finance Executive,Kplus by Helanka,Please refer the vacancy,,2026-05-14,Not Specified,Finance Executive,[]
1495341,Sales Executive,HICO Industry and Trade (Pvt) Ltd,Please refer the vacancy,,2026-05-14,Not Specified,Sales Executive,[]
1495340,"Marketing & Sales Specialists for ATMs, CRMs and Card Personalization Solutions (Male)",Data Management Systems (Pvt) Ltd,Please refer the advertisement,,2026-05-30,Not Specified,"Marketing & Sales Specialists for ATMs, CRMs and Card Personalization Solutions (Male)",[]
1495339,Accountant,Savi Lands (Pvt) Ltd,Please refer the vacancy,,2026-05-14,Not Specified,Accountant,[]
1495338,Engineers for Entrust Systems,Data Management Systems (Pvt) Ltd,Please refer the advertisement,,2026-05-30,Not Specified,Engineers for Entrust Systems,[]
1495337,Accounts Assistant,Sikija Chemicals,Please refer the vacancy,,2026-05-14,Not Specified,Accounts Assistant,[]
1495336,Sales Executives,Platinum Packaging Industries (Pvt) Ltd,Please refer the vacancy,,2026-05-14,Not Specified,Sales Executives,[]
1495335,Software Engineer (Male),Data Management Systems (Pvt) Ltd,Please refer the advertisement.,,2026-05-30,Not Specified,Software Engineer (Male),[]
1495334,Assistant Sales Manager,Savi Lands (Pvt) Ltd,Please refer the vacancy,,2026-05-14,Not Specified,Assistant Sales Manager,[]
1495333,Senior Tour Executive - Inbound Travel,Overa Tours (Pvt) Ltd,Please refer the vacancy,,2026-05-14,Not Specified,Senior Tour Executive - Inbound Travel,[]
1495332,Electronics Engineers,Data Management Systems (Pvt) Ltd,Please refer the advertisement,,2026-05-30,Not Specified,Electronics Engineers,[]
1495331,Manager - Operations (Head Office & Branch Network),Company Name Withheld,Please refer the vacancy,,2026-05-14,Not Specified,Manager - Operations (Head Office & Branch Network),['Network/Security']
1495330,Design Engineer - Electrical,Environ (Pvt) Ltd,Please refer the vacancy,,2026-05-14,Not Specified,Design Engineer - Electrical,[]
1495329,Quality Assurance Executive,Magline Switchboards (Pvt) Ltd,Please refer the vacancy,,2026-05-14,Not Specified,Quality Assurance Executive,['QA/Testing']
1495328,Store Executive,Dyno Innovations (Private) Limited,Please refer the vacancy,,2026-05-14,Not Specified,Store Executive,[]
1495327,Auditors for System Certification (1),SGS Lanka (Pvt) Ltd,Please refer the vacancy,,2026-05-14,Not Specified,Auditors for System Certification,[]
1495326,Manager / Assistant Manager (Parcel Sorting Center),Company Name Withheld,Please refer the vacancy,,2026-05-14,Not Specified,Manager / Assistant Manager (Parcel Sorting Center),[]
1495325,Cost Controller (Stores)  - Uga Jungle Beach  (1),Uga Resorts,Please refer advert.,,2026-05-14,Not Specified,Cost Controller (Stores),[]
1495324,Accounts Trainee | Accounts Assistant,GKUC International (Pvt) Ltd,Please refer the vacancy,,2026-05-14,Not Specified,Accounts Trainee | Accounts Assistant,['Internship']
1495323,Auditors for System Certification (1),SGS Lanka (Pvt) Ltd,Please refer the vacancy,,2026-05-14,Not Specified,Auditors for System Certification,[]
1495322,Head of Operations/ Head of 3PL,Hayleys Group,"Click on the flyer to apply.
Join the World of Hayleys.",,2026-05-14,Not Specified,Head of Operations/ Head of 3PL,[]
1495321,Full Stack Web Developer - Backend-Focused,Oscar Wylee,Please refer the vacancy,,2026-05-14,Not Specified,Full Stack Web Developer - Backend-Focused,[]
1495320,Cost Controller (Stores)  - Uga Jungle Beach  (1),Uga Resorts,Please refer advert.,,2026-05-14,Not Specified,Cost Controller (Stores),[]
1495319,Manager / Assistant Manager (Audit & Compliance),Company Name Withheld,Please refer the vacancy,,2026-05-14,Not Specified,Manager / Assistant Manager (Audit & Compliance),[]
1495318,Executive - Administration,ikman.lk (Pvt) Ltd,Please refer the vacancy,,2026-05-14,Not Specified,Executive - Administration,[]
1495317,Accounts Executive | Accounts Assistant | Intern,Dyno Innovations (Private) Limited,Please refer the vacancy,,2026-05-14,Not Specified,Accounts Executive | Accounts Assistant | Intern,['Internship']
1495316,Engineering Service Executives for Anuradhapura Area (Male),Data Management Systems (Pvt) Ltd,Please refer the advertisement,,2026-05-30,Anuradhapura,Engineering Service Executives for Anuradhapura Area (Male),[]
1495315,Business Analyst to President,Norfolk Foods (Pvt) Ltd,Please refer the vacancy,,2026-05-14,Not Specified,Business Analyst to President,['Business Analyst']
1495314,Engineering Service Executives for Matara and Tangalle areas (Male),Data Management Systems (Pvt) Ltd,Please refer the advertisement,,2026-05-30,Galle,Engineering Service Executives for Matara and Tangalle areas (Male),[]
1495313,Automobile Electrician (Experienced / Trainee),Automobile Technologies (Pvt) Ltd,Please refer the vacancy,,2026-05-14,Not Specified,Automobile Electrician (Experienced / Trainee),['Internship']
1495312,Engineering Service Executives for Rathnapura and Balangoda Areas (Male),Data Management Systems (Pvt) Ltd,Please refer the advertisement,,2026-05-30,Not Specified,Engineering Service Executives for Rathnapura and Balangoda Areas (Male),[]
1495311,Technician  (1),Finco Technologies (pvt) Ltd,Please refer the vacancy,,2026-05-07,Not Specified,Technician,[]
1495310,Teachers Vacancies,Royal Institute International School,Please refer the vacancy,,2026-05-14,Not Specified,Teachers Vacancies,[]
1495309,Business Development Executive -Technical Services  (1),Finco Technologies (pvt) Ltd,Please refer the vacancy,,2026-05-07,Not Specified,Business Development Executive,[]
1495308,Office Administrator - Female,Master Academy,Please refer the vacancy,,2026-05-14,Not Specified,Office Administrator - Female,[]
1495307,AC & Refrigerator Technicians (Trainee / Experience),Automobile Technologies (Pvt) Ltd,Please refer the vacancy,,2026-05-14,Not Specified,AC & Refrigerator Technicians (Trainee / Experience),['Internship']
1495305,Office Peon / Office Assistant  (1),Finco Technologies (pvt) Ltd,Please refer the vacancy,,2026-05-07,Not Specified,Office Peon / Office Assistant,[]
1495304,Teachers Vacancies,Royal Institute International School,Please refer the vacancy,,2026-05-14,Not Specified,Teachers Vacancies,[]
1495303,Manager - Dealer Development & Quality (Automobile),Automobile Technologies (Pvt) Ltd,Please refer the vacancy,,2026-05-14,Not Specified,Manager - Dealer Development & Quality (Automobile),[]
1495302,Senior Technical Executive (Technical Services) (1),Finco Technologies (pvt) Ltd,Please refer the job,,2026-05-07,Not Specified,Senior Technical Executive (Technical Services),[]
1495301,Teachers Vacancies,Royal Institute International School,Please refer the vacancy,,2026-05-14,Not Specified,Teachers Vacancies,[]
1495300,HoReCa Sales Executive,Ceylon Beverage International (Pvt) Ltd,Please refer the vacancy,,2026-05-14,Not Specified,HoReCa Sales Executive,[]
1495299,CCTV & Network Technician (1),Finco Technologies (pvt) Ltd,Please refer attached,,2026-05-07,Not Specified,CCTV & Network Technician,['Network/Security']
1495298,Teaching Vacancies for Avissawella & Balangoda,Hilburn College (Pvt) Ltd,Please refer the vacancy,,2026-05-14,Not Specified,Teaching Vacancies for Avissawella & Balangoda,[]
1495297,Sales Executive,Ceylon Beverage International (Pvt) Ltd,Please refer the vacancy,,2026-05-14,Not Specified,Sales Executive,[]
1495296,Medical Marketing Executive-Cardiology (1),Sunshine Healthcare Lanka Ltd,Please refer the job advert.,,2026-05-14,Not Specified,Medical Marketing Executive,[]
1495295,Sales Representatives,Secure Security and Investigation (Pvt) Ltd,Please refer the vacancy,,2026-05-14,Not Specified,Sales Representatives,[]
1495294,RI_Teacher Vacancy_ Maharagama Branch,Royal Institute International School,Please refer the vacancy,,2026-05-14,Maharagama,RI_Teacher Vacancy_ Maharagama Branch,[]
1495293,RI_Teacher Vacancy_ Girls School ( Female Candidates Only ),Royal Institute International School,Please refer the vacancy,,2026-05-14,Not Specified,RI_Teacher Vacancy_ Girls School ( Female Candidates Only ),[]
1495292,Assistant Accountant | Accounts Executive,M&M Militzer & Muench (Pvt) Ltd,Please refer the vacancy,,2026-05-14,Not Specified,Assistant Accountant | Accounts Executive,[]
1495291,Teachers Vacancies,Australian International College,Please refer the vacancy,,2026-05-14,Not Specified,Teachers Vacancies,[]
1495290,Client Services & Marketing Executive,Mind Spark (Pvt) Ltd,Please refer the vacancy,,2026-05-14,Not Specified,Client Services & Marketing Executive,[]
1495289,Branch Manager - Galle,Orient Insurance Limited,Please refer the vacancy,,2026-05-14,Galle,Branch Manager - Galle,[]
1495287,Finance and Admin Executive,Genesis Motor Group,Please refer the vacancy,,2026-05-14,Not Specified,Finance and Admin Executive,[]
1495286,Chief Financial Officer,Company Name Withheld,Please refer the vacancy,,2026-05-14,Not Specified,Chief Financial Officer,[]
1495285,Junior Executive | Executive - Motor Claims,Orient Insurance Limited,Please refer the vacancy,,2026-05-14,Not Specified,Junior Executive | Executive - Motor Claims,[]
1495283,Senior Procurement Executive,Hayleys Group,"Click on the flyer to apply.
Join the World of Hayleys.",,2026-05-14,Not Specified,Senior Procurement Executive,[]
1495282,Senior Student Counselor / Assistant Manager/Managers (Sales & Marketing),Innovatus Campus,Please refer the vacancy,,2026-05-14,Not Specified,Senior Student Counselor / Assistant Manager/Managers (Sales & Marketing),[]
1495281,Group Entertainment Manager,Radisson Hotel,Please refer the vacancy,,2026-05-14,Not Specified,Group Entertainment Manager,[]
1495280,Intern - Accounting & Payables,Fresh Harvest (Pvt) Ltd,Please refer the vacancy,,2026-05-14,Not Specified,Intern - Accounting & Payables,['Internship']
1495279,Sales Representative - Male,Udapussellawa Agro (Pvt) Ltd,Please refer the vacancy,,2026-05-14,Not Specified,Sales Representative - Male,[]
1495278,Assistant Manager -Trade Marketing and Channel Development,Hayleys Group,"Click on the flyer to apply.
Join the World of Hayleys.",,2026-05-14,Not Specified,Assistant Manager -Trade Marketing and Channel Development,[]
1495276,Pre School Teacher,Pristine Montessori School,Please refer the vacancy,,2026-05-14,Not Specified,Pre School Teacher,[]
1495275,Food Safety Officer,Anantaya Resorts & Spa,Please refer the vacancy,,2026-05-14,Not Specified,Food Safety Officer,[]
1495273,General Manager Sales - Freight Forwarding & Logistics,Premium Trading and Logistics (Pvt) Ltd,Please refer the vacancy,,2026-05-14,Not Specified,General Manager Sales - Freight Forwarding & Logistics,[]
1495272,Marketing Executive,ICBT Study Abroad,Please refer the vacancy,,2026-05-14,Not Specified,Marketing Executive,[]
1495271,Lifeguard / Boat Associate - Uga Jungle Beach  (1),Uga Resorts,Please refer advert.,,2026-05-14,Not Specified,Lifeguard / Boat Associate,[]
1495270,Customer Engineers (Male),Data Management Systems (Pvt) Ltd,Please Refer the Advertisement,,2026-05-30,Not Specified,Customer Engineers (Male),[]
1495269,Restaurant Operations Manager Cum Sales Manager,J?FANS Restaurant,Please refer the vacancy,,2026-05-14,Not Specified,Restaurant Operations Manager Cum Sales Manager,[]
1495268,Band Instructor | Athletic Coach,Hejaaz International School,Please refer the vacancy,,2026-05-14,Not Specified,Band Instructor | Athletic Coach,[]
1495267,Creative Designer - Rajagiriya (1),Teardrop Boutique Management,Please refer to the Advert,,2026-05-07,Rajagiriya,Creative Designer,[]
1495266,Wellness Practitioner - Teardrop Hotels  (1),Teardrop Boutique Management,Please refer to the advert,,2026-05-15,Not Specified,Wellness Practitioner,[]
1495265,Head of Factory,Management Systems (Pvt) Ltd,Please refer the vacancy,,2026-05-14,Not Specified,Head of Factory,[]
1495264,Student Relations Executive,ICBT Campus,Please refer the vacancy,,2026-05-14,Not Specified,Student Relations Executive,[]
1495263,Secretary Cum HR Coordinator,The Capital Maharaja Group,Please refer the vacancy,,2026-05-14,Not Specified,Secretary Cum HR Coordinator,[]
1495262,????? ???? /  ??????  (1),Micronet Global Services (Pvt) Ltd,???? ??? ????  ?????????? ???????? ?????? ??????...,,2026-05-07,Not Specified,????? ???? /  ??????,[]
1495261,Head of Factory,Management Systems (Pvt) Ltd,Please refer the vacancy,,2026-05-14,Not Specified,Head of Factory,[]
1495260,Purchasing Executive,GPV Lanka (Pvt) Ltd,Please refer the vacancy,,2026-05-14,Not Specified,Purchasing Executive,[]
1495259,Senior Storekeeper (Male),Data Management Systems (Pvt) Ltd,Please refer the advertisement,,2026-05-30,Not Specified,Senior Storekeeper (Male),[]
1495258,Executive Sustainable Finance - Head Office,UB Finance PLC,Please refer the vacancy,,2026-05-14,Not Specified,Executive Sustainable Finance - Head Office,[]
1495257,Assistant Manager ? Transport & Logistics (1),R.M.D Consultants (Pvt) Ltd,Please refer to the advert for more details,,2026-05-14,Not Specified,Assistant Manager ? Transport & Logistics,[]
1495256,Associate Operations Analyst,Synergen Health (Pvt) Ltd,Please refer the vacancy,,2026-05-14,Not Specified,Associate Operations Analyst,[]
1495255,Marketing Content Writer - Remote,iMET Imperial Edutech,Please refer the vacancy,,2026-05-14,Not Specified,Marketing Content Writer - Remote,[]
1495253,Business Development Trainees (Entry-Level  (1),R.M.D Consultants (Pvt) Ltd,Please refer to the advert for more details,,2026-05-14,Not Specified,Business Development Trainees (Entry,[]
1495252,Video Editor - Inter (Remote - UK Hours),iMET Imperial Edutech,Please refer the vacancy,,2026-05-14,Not Specified,Video Editor - Inter (Remote - UK Hours),[]
1495251,Construction Vacancies,Company Name Withheld,Please refer the vacancy,,2026-05-14,Not Specified,Construction Vacancies,[]
1495249,Junior HR Executive (Remote - Full Time),iMET Imperial Edutech,Please refer the vacancy,,2026-05-14,Not Specified,Junior HR Executive (Remote - Full Time),[]
1495248,In-House Photographer,Anantaya Resorts & Spa,Please refer the vacancy,,2026-05-14,Not Specified,In-House Photographer,[]
1495247,Head of Department | Senior Lecturer - Psychology,ICBT Campus,Please refer the vacancy,,2026-05-14,Not Specified,Head of Department | Senior Lecturer - Psychology,[]
1495246,Data Entry Executive - Intern (Remote - UK Hours),iMET Imperial Edutech,Please refer the vacancy,,2026-05-14,Not Specified,Data Entry Executive - Intern (Remote - UK Hours),['Internship']
1495245,Female Lawyer,Company Name Withheld,Please refer the vacancy,,2026-05-14,Not Specified,Female Lawyer,[]
1495244,Research Manager,Survey Research Lanka (Pvt) Ltd,Please refer the vacancy,,2026-05-14,Not Specified,Research Manager,[]
1495243,Sales Promotion Officer,Douglas & Sons (Pvt) Ltd,Please refer the vacancy,,2026-05-14,Not Specified,Sales Promotion Officer,[]
1495242,Call Center Agents  (5),R.M.D Consultants (Pvt) Ltd,Please refer to the advert for more details,,2026-05-14,Not Specified,Call Center Agents,[]
1495241,Accounts Assistant,Horton Investments Private Limited,Please refer the vacancy,,2026-05-14,Not Specified,Accounts Assistant,[]
1495240,Export & Supply Chain Officer,Japlan Holdings (Pvt) Ltd,Please refer the vacancy,,2026-05-14,Not Specified,Export & Supply Chain Officer,[]
1495239,Assistant Accounts Manager,Horton Investments Private Limited,Please refer the vacancy,,2026-05-14,Not Specified,Assistant Accounts Manager,[]
1495238,Manager - Legal (Commercial),People's Leasing & Finance PLC,Please refer the vacancy,,2026-05-07,Not Specified,Manager - Legal (Commercial),[]
1495237,Senior Lab Technician,Ansell,Please refer the vacancy,,2026-05-14,Not Specified,Senior Lab Technician,[]
1495236,Manager - Legal (Commercial),People's Leasing & Finance PLC,Please refer the vacancy,,2026-05-07,Not Specified,Manager - Legal (Commercial),[]
1495235,Legal Officer (1),Richardson Group of Companies,Please refer the job advert,,2026-05-14,Not Specified,Legal Officer,[]
1495233,Content Creator & Visual Designer,Japlan Holdings (Pvt) Ltd,Please refer the vacancy,,2026-05-14,Not Specified,Content Creator & Visual Designer,[]
1495232,Front Office Staff,Agnus Hotels,Please refer the vacancy,,2026-05-14,Not Specified,Front Office Staff,[]
1495231,Trainee Structural Draughtsperson,Civil & Structural Engineering Consortium (Pvt) Ltd,Please refer the vacancy,,2026-05-14,Not Specified,Trainee Structural Draughtsperson,['Internship']
1495230,Assistant Field Manager (1),Sunshine Healthcare Lanka Ltd,Please refer the job advert.,,2026-05-14,Not Specified,Assistant Field Manager,[]
1495229,Academic Coordinator cum Counsellor,PGC Education,Please refer the vacancy,,2026-05-14,Not Specified,Academic Coordinator cum Counsellor,[]
1495228,Junior Executive Operation,Lineage,Please refer the vacancy,,2026-05-14,Not Specified,Junior Executive Operation,[]
1495227,Student Counsellor,PGC Education,Please refer the vacancy,,2026-05-14,Not Specified,Student Counsellor,[]
1495226,Executive Operation - Warehouse Lead | Senior Warehouse Supervisor,Lineage,Please refer the vacancy,,2026-05-14,Not Specified,Executive Operation - Warehouse Lead | Senior Warehouse Supervisor,[]
1495224,Assistant Quantity Surveyor,Lex Duco (Pvt) Ltd,Please refer the vacancy,,2026-05-14,Not Specified,Assistant Quantity Surveyor,[]
1495223,Shift Manager - New Projects - Consumer Foods Sector (1),Ceylon Cold Stores PLC,Please refer the advert.,,2026-05-14,Not Specified,Shift Manager,[]
1495222,Assistant Manager ? Management Accounting  (1),JKH Property Group,Please refer the advert attached.,,2026-05-07,Not Specified,Assistant Manager ? Management Accounting,[]
1495221,Pharmacists,Company Name Withheld,Please refer the vacancy,,2026-05-14,Not Specified,Pharmacists,[]
1495220,Executive - Pre Sales (1),JKH Property Group,Please refer the job advert,,2026-05-07,Not Specified,Executive,[]
1495218,Preschool Class Teacher | Daycare Teacher (English Medium),Mahamevnawa Buddhist College,Please refer the vacancy,,2026-05-14,Not Specified,Preschool Class Teacher | Daycare Teacher (English Medium),[]
1495217,HR Intern - Uga Jungle Beach  (1),Uga Resorts,Please refer advert.,,2026-05-14,Not Specified,HR Intern,['Internship']
1495216,Trainee Plate Maker - CTP Machine | Plate Maker - CTP Machine,SML Dualplast Lanka (Pvt) Ltd,Please refer the vacancy,,2026-05-14,Not Specified,Trainee Plate Maker - CTP Machine | Plate Maker - CTP Machine,['Internship']
1495215,Head of Leasing,LCB Finance PLC,Please refer the vacancy,,2026-05-14,Not Specified,Head of Leasing,[]
1495214,Warehouse Manager,Company Name Withheld,Please refer the vacancy,,2026-05-14,Not Specified,Warehouse Manager,[]
1495213,Credit Control Executive | Assistant - Wattala,TVS Lanka (Pvt) Ltd,Please refer the vacancy,,2026-05-14,Wattala,Credit Control Executive | Assistant - Wattala,[]
1495212,HR Intern - Uga Jungle Beach  (1),Uga Resorts,Please refer advert.,,2026-05-14,Not Specified,HR Intern,['Internship']
1495211,Branch Manager,LCB Finance PLC,Please refer the vacancy,,2026-05-14,Not Specified,Branch Manager,[]
1495210,Preschool & Day Care Teacher | Assistant,Kiddie Cove,Please refer the vacancy,,2026-05-14,Not Specified,Preschool & Day Care Teacher | Assistant,[]
1495209,Personal Assistant | Secretary (Female),Sigma Pharmaceuticals (Pvt) Ltd - Colombo,Please refer the vacancy,,2026-05-14,Not Specified,Personal Assistant | Secretary (Female),[]
1495208,Accounts Executive (1),JKH Property Group,Please refer the job advert,,2026-05-07,Not Specified,Accounts Executive,[]
1495207,Senior Brand Executive | Brand Executive,TVS Lanka (Pvt) Ltd,Please refer the vacancy,,2026-05-14,Not Specified,Senior Brand Executive | Brand Executive,[]
1495206,Executive - Customer Service (1),JKH Property Group,Please refer the job advert.,,2026-05-07,Not Specified,Executive,[]
1495205,Executive - Customer Service (1),JKH Property Group,Please refer the job advert.,,2026-05-07,Not Specified,Executive,[]
1495204,Area Sales Manager - Colombo | Kalutara,Sigma Pharmaceuticals (Pvt) Ltd - Colombo,Please refer the vacancy,,2026-05-14,Colombo,Area Sales Manager - Colombo | Kalutara,[]
1495203,Executive - Legal (1),JKH Property Group,Please refer the job advert.,,2026-05-07,Not Specified,Executive,[]
1495202,Area Sales Manager - Kurunegala | Kandy | Chilaw,Broxbury Pets (Pvt) Ltd,Please refer the vacancy,,2026-05-14,Kandy,Area Sales Manager - Kurunegala | Kandy | Chilaw,[]
1495201,Outlet Manager - New Projects - Consumer Foods Sector  (1),Ceylon Cold Stores PLC,Please refer the advert.,,2026-05-14,Not Specified,Outlet Manager,[]
1495200,Supervisor - Stewarding (Uga Jungle Beach)  (1),Uga Resorts,Please refer advert.,,2026-05-14,Not Specified,Supervisor - Stewarding (Uga Jungle Beach),[]
1495199,HR and Admin Executive,Cosmos Sports Solutions Pvt Ltd,Please refer the vacancy,,2026-05-14,Not Specified,HR and Admin Executive,[]
1495198,Area Sales Manager,Broxbury Pets (Pvt) Ltd,Please refer the vacancy,,2026-05-14,Not Specified,Area Sales Manager,[]
1495197,Accounts Executive (1),Maliban Wovens (Pvt) Ltd,We are seeking a detail-oriented and proactive accounting professional to manage both Accounts Payable and Accounts Receivable functions. The role involves ....,,2026-05-14,Not Specified,Accounts Executive,[]
1495196,Accountant,Sigma Pharmaceuticals (Pvt) Ltd - Colombo,Please refer the vacancy,,2026-05-14,Not Specified,Accountant,[]
1495195,Stewarding Associate - Uga Jungle Beach   (1),Uga Resorts,Please refer advert.,,2026-05-14,Not Specified,Stewarding Associate,[]
1495194,Assistant Manager ? Sales & Marketing (Cambridge Programmes) - PDU (1),Informatics Group of Companies,"Assistant Manager ? Sales & Marketing (Cambridge Programmes) role at IIT within the Professional Development Unit (PDU) is centered on managing sales, mark ....",,2026-05-18,Not Specified,Assistant Manager ? Sales & Marketing (Cambridge Programmes),[]
1495193,Video Editor and Content Creator,Berendina Micro Investments Company Limited,Please refer the vacancy,,2026-05-14,Not Specified,Video Editor and Content Creator,[]
1495191,Manager/Assistant Manager - Treasury (1),David Pieris Holdings (Pvt) Ltd,Please refer the attachment,,2026-05-07,Not Specified,Manager/Assistant Manager,[]
1495190,Accounts Assistant (1),Sumathi Group,Please refer to the job advertisement.,,2026-05-14,Not Specified,Accounts Assistant,[]
1495189,Sales Representative,Hemachandra and Company (Private) Limited,Please refer the vacancy,,2026-05-14,Not Specified,Sales Representative,[]
1495188,Naturalist - Uga Ghiri  (1),Uga Resorts,Please refer advert.,,2026-05-14,Not Specified,Naturalist,[]
1495187,Assistant Manager - Stores,SITREK Security Solutions (Pvt) Ltd,Please refer to the advertisement,,2026-05-07,Not Specified,Assistant Manager - Stores,[]
1495186,Finance and Administration Officer (Category F) | Senior Management Information System (MIS) Officer (Category E),"Ministry of Agriculture, Livestock, Lands and Irrigation",Please refer the vacancy,,2026-05-14,Not Specified,Finance and Administration Officer (Category F) | Senior Management Information System (MIS) Officer (Category E),[]
1495185,Naturalist - Uga Ghiri  (1),Uga Resorts,Please refer advert.,,2026-05-14,Not Specified,Naturalist,[]
1495184,Product Development Engineer,LAUGFS Corporation (Rubber) Ltd,Please refer the vacancy,,2026-05-14,Not Specified,Product Development Engineer,[]
1495183,Head of Branch - Jaffna (1),Citizens Development Business Finance PLC,Please refer the job advert for further details.,,2026-05-07,Jaffna,Head of Branch,[]
1495182,Head of Branch - Jaffna (1),Citizens Development Business Finance PLC,Please refer the job advert for further details.,,2026-05-07,Jaffna,Head of Branch,[]
1495181,Manager | Assistant Manager - Electrical,LAUGFS Corporation (Rubber) Ltd,Please refer the vacancy,,2026-05-14,Not Specified,Manager | Assistant Manager - Electrical,[]
1495180,Intern - Business Development (1),Hemas Holdings PLC,Please refer to the job advert.,,2026-05-14,Not Specified,Intern,['Internship']
1495179,Head of Branch - Jaffna (1),Citizens Development Business Finance PLC,Please refer the job advert for further details.,,2026-05-07,Jaffna,Head of Branch,[]
1495178,Junior Executive - Human Resources & Administration,Wichy Plantation Company (Private) Limited,Please refer the vacancy,,2026-05-14,Not Specified,Junior Executive - Human Resources & Administration,[]
1495177,HR Executive,Tahoma Coconut Products (Pvt) Ltd,Please refer the vacancy,,2026-05-14,Not Specified,HR Executive,[]
1495176,Fish Cutter,Ocean Cool (Pvt) Ltd,Please refer the vacancy,,2026-05-14,Not Specified,Fish Cutter,[]
1495175,Senior Operations Assistant - Training & Quality Assurance Contact Center (1),Citizens Development Business Finance PLC,Please refer the job advert for further details.,,2026-05-14,Not Specified,Senior Operations Assistant,[]
1495174,Credit Assistant,Arthavida Imtermediary Ltd,Please refer the vacancy,,2026-05-14,Not Specified,Credit Assistant,[]
1495173,Information Technology Specialist - Data & Platform Integration,International Water Management Institute (IWMI),Please refer the vacancy,,2026-05-14,Not Specified,Information Technology Specialist - Data & Platform Integration,[]
1495172,Junior Executive - Quality Assurance & Regulatory Affairs,Wichy Plantation Company (Pvt) Ltd,Please refer the vacancy,,2026-05-14,Not Specified,Junior Executive - Quality Assurance & Regulatory Affairs,['QA/Testing']
1495171,Operational Finance Executive,Sejaya Micro Credit Limited,Please refer the vacancy,,2026-05-14,Not Specified,Operational Finance Executive,[]
1495170,Senior Operations Assistant - Training & Quality Assurance Contact Center (1),Citizens Development Business Finance PLC,Please refer the job advert for further details.,,2026-05-14,Not Specified,Senior Operations Assistant,[]
1495168,Senior Operations Assistant - Training & Quality Assurance Contact Center (1),Citizens Development Business Finance PLC,Please refer the job advert for further details.,,2026-05-14,Not Specified,Senior Operations Assistant,[]
1495167,Executive - Learning & Development (Uga Ghiri) (1),Uga Resorts,Please refer advert.,,2026-05-14,Not Specified,Executive - Learning & Development (Uga Ghiri),[]
1495166,Senior Executive - Sales & Marketing,Horizon College International,Please refer the vacancy,,2026-05-14,Not Specified,Senior Executive - Sales & Marketing,[]
1495165,Office Assistant - Female,SS Clothing Distributors (Pvt) Ltd,Please refer the vacancy,,2026-05-14,Not Specified,Office Assistant - Female,[]
1495164,Senior Medical Marketing Executive (1),Sunshine Healthcare Lanka Ltd,Please refer to the advert.,,2026-05-14,Not Specified,Senior Medical Marketing Executive,[]
1495163,Executive - Risk Management & Internal Control,Biomed International (Pvt) Ltd,Please refer the vacancy,,2026-05-14,Not Specified,Executive - Risk Management & Internal Control,[]
1495162,Executive - Learning & Development (Uga Ghiri) (1),Uga Resorts,Please refer advert.,,2026-05-14,Not Specified,Executive - Learning & Development (Uga Ghiri),[]
1495161,Manager - People & Culture,Radisson Blu Resort Galle,Please refer the vacancy,,2026-05-14,Not Specified,Manager - People & Culture,[]
1495160,Graphic Designer cum Social Media Executive,McLarens Containers (Pvt) Ltd,Please refer the vacancy,,2026-05-14,Not Specified,Graphic Designer cum Social Media Executive,[]
1495159,Manager Operations - Collections,HealthRecon Connect,Please refer the vacancy,,2026-05-14,Not Specified,Manager Operations - Collections,[]
1495158,Quantity Surveyor (1),Sumathi Group,Please refer to the job advertisement.,,2026-05-07,Not Specified,Quantity Surveyor,[]
1495157,Account and Audit Associate,Wijeyeratne & Company,Please refer the vacancy,,2026-05-14,Not Specified,Account and Audit Associate,[]
1495156,Service Advisor Bodyshop,Sterling Automobiles Lanka (Pvt) Ltd,Please refer the vacancy,,2026-05-14,Not Specified,Service Advisor Bodyshop,[]
1495155,Quantity Surveyor - MEP / Building Services (1),Sumathi Group,Please refer to the job advertisement.,,2026-05-07,Not Specified,Quantity Surveyor,[]
1495154,Assistant Manager - Human Resources,Leader Kaijie Battery (Pvt) Ltd,Please refer the vacancy,,2026-05-14,Not Specified,Assistant Manager - Human Resources,[]
1495153,Junior Executive | Assistant - Front Office,Sterling Automobiles Lanka (Pvt) Ltd,Please refer the vacancy,,2026-05-14,Not Specified,Junior Executive | Assistant - Front Office,[]
1495152,Graphic Designer (1),DSI Samson Group,Please refer the advert.,,2026-05-14,Not Specified,Graphic Designer,[]
1495151,Hotel Vacancies ? Uga Ghiri (1),Uga Resorts,Please refer advert.,,2026-05-14,Not Specified,Hotel Vacancies ? Uga Ghiri,[]
1495150,Project Engineer - Construction (1),D.Samson & Sons Ltd,Please refer the advertisement,,2026-05-14,Not Specified,Project Engineer,[]
1495149,Production Management Trainee,R.M.Perera (Pvt) Ltd,Please refer the vacancy,,2026-05-14,Not Specified,Production Management Trainee,['Internship']
1495147,Internal Audit Executive,Tasma Group of Companies,Minimum 03 years? experience in a similar field. Please refer to the advertisement,,2026-05-14,Not Specified,Internal Audit Executive,[]
1495146,Procurement Merchandiser (1),Vogue Tex (Pvt) Ltd,Please refer the advertisement,,2026-05-14,Not Specified,Procurement Merchandiser,[]
1495145,Oracle ERP Cloud Functional Consultants & Associate Functional Consultants (5),Deloitte,Please refer to the advert,,2026-05-31,Not Specified,Oracle ERP Cloud Functional Consultants & Associate Functional Consultants,['SQL']
1495144,Merchandiser - Development (1),MAS Holdings,Please click on the image to apply,,2026-05-06,Not Specified,Merchandiser,[]
1495143,Merchandiser - Development (1),MAS Holdings,Please click on the image to apply,,2026-05-06,Not Specified,Merchandiser,[]
1495141,Senior Business Analyst (1),MAS Holdings,Please click on the image to apply,,2026-05-14,Not Specified,Senior Business Analyst,['Business Analyst']
1495140,Senior Business Analyst (1),MAS Holdings,Please click on the image to apply,,2026-05-14,Not Specified,Senior Business Analyst,['Business Analyst']
1495090,Accounts Clerk,Colombo Colts Cricket Club,Please refer the vacancy,,2026-05-13,Not Specified,Accounts Clerk,[]
1495088,Administration Officer,Aarking Engineering (Pvt) Ltd,Please refer the vacancy,,2026-05-14,Not Specified,Administration Officer,[]
1495047,Accountant,KUK Group,Please refer the vacancy,,2026-05-13,Not Specified,Accountant,[]
1494918,Internal Auditor,National Institute of Business Management,Please refer the vacancy,,2026-05-13,Not Specified,Internal Auditor,[]
1494916,Software Developer,National Institute of Business Management,Please refer the vacancy,,2026-05-13,Not Specified,Software Developer,[]
1494884,Inventory Clerk (Female) | Store Keeper (Male),International Corp Sciences Pvt Ltd,Please refer the vacancy,,2026-05-13,Not Specified,Inventory Clerk (Female) | Store Keeper (Male),[]
1494633,Sales & Marketing Executive,Teaser Beverages (Pvt) Ltd,Please refer the vacancy,,2026-05-13,Not Specified,Sales & Marketing Executive,[]
1494223,Business Coordinator,Innovate Solutions,Coordinate sub-orders with suppliers and buyers via phone and update management,,2026-05-12,Not Specified,Business Coordinator,[]
1494216,Travel Desk Agent (Full Time),The Ocean Colombo (Pvt) Ltd,Please refer the vacancy,,2026-05-12,Not Specified,Travel Desk Agent (Full Time),[]
1494014,Assistant Sales Manager - Public Sector,Telesonic Lanka (Pvt) Ltd,Please refer the vacancy,,2026-05-11,Not Specified,Assistant Sales Manager - Public Sector,[]
1493923,Audit & Tax Manager - Colombo,Company Name Withheld,Please refer the vacancy,,2026-05-11,Colombo,Audit & Tax Manager - Colombo,[]
1493521,ACCOUNTS ASSISTANT (1),Konnect Net Pvt Ltd,Please refer the advert.,,2026-05-14,Not Specified,ACCOUNTS ASSISTANT,[]
1493206,Accounts Executive | Accounts Assistant - Kadawatha,Dilushan Engineering (Pvt) Ltd,Please refer the vacancy,,2026-05-08,Kadawatha,Accounts Executive | Accounts Assistant - Kadawatha,[]
1493103,Area Sales Manager,Cargills Dairies (Pvt) Limited,Please refer the vacancy,,2026-05-08,Not Specified,Area Sales Manager,[]
1493102,Intern | Executive - Warehouse (Banduragoda),Cargills Dairies (Pvt) Limited,Please refer the vacancy,,2026-05-08,Not Specified,Intern | Executive - Warehouse (Banduragoda),['Internship']
1492945,Manager - Order Processing & Logistics,Fine Enterprises,Please refer the vacancy,,2026-05-08,Not Specified,Manager - Order Processing & Logistics,[]
1492931,Accounts Executive,Kings Rent A Car Pvt Ltd,Please refer the vacancy,,2026-05-08,Not Specified,Accounts Executive,[]
1492922,Accountant,Sirocco Air Technolgies (Pvt) Ltd,Please refer the vacancy,,2026-05-08,Not Specified,Accountant,[]
1492761,Junior Executive- Payroll (1),Debug Group of Companies,Please refer to the advertisement,,2026-05-08,Not Specified,Junior Executive,[]
1492416,Sales Executives - Power Tools,Fine Group,Please refer the vacancy,,2026-05-07,Not Specified,Sales Executives - Power Tools,[]
1492414,Showroom Manager - Nittambuwa,Colombo Tools Private Limited,Please refer the vacancy,,2026-05-07,Not Specified,Showroom Manager - Nittambuwa,[]
1491408,Site Supervisor,Global Mark (Pvt) Ltd,Please refer the vacancy,,2026-05-05,Not Specified,Site Supervisor,[]
1491357,Secretary,Ernst & Young,Please refer the vacancy,,2026-05-05,Not Specified,Secretary,[]
1491149,Junior Account Executive (Male),Gills Foods,Please refer the vacancy,,2026-05-08,Not Specified,Junior Account Executive (Male),[]
1490984,Social Media Specialist,Dongsan Food,Please refer the vacancy,,2026-05-05,Not Specified,Social Media Specialist,[]
1490858,Assistant Store Keeper | Store Keeper,?Lanka Canneries (Pvt) Ltd,Please refer the vacancy,,2026-05-04,Not Specified,Assistant Store Keeper | Store Keeper,[]
1490696,Accounts Assistant (Female),Shoe Fashions (Pvt) Ltd,Please refer the vacancy,,2026-05-04,Not Specified,Accounts Assistant (Female),[]
1490551,Full Stack .Net Engineer (1),CMS (Pvt) Ltd,Please click on the job advertisement to apply,,2026-05-11,Not Specified,Full Stack .Net Engineer,[]
1490479,Intern - Talent Acquisition  (2),Deloitte,Please refer to the advert.,,2026-05-28,Not Specified,Intern,['Internship']
1489765,Business Operations Analyst - Assurance (2),Deloitte,Please refer the advertisement to apply,,2026-05-05,Not Specified,Business Operations Analyst,[]
1486088,Assistant Manager - Learning and Employee Engagement (1),Deloitte,Please refer to the advert.,,2026-05-28,Not Specified,Assistant Manager,[]
1483611,Assistant Manager Financial Planning & Business Partnering Alawwa (1),Konnect Net Pvt Ltd,Please refer the advert,,2026-05-09,Not Specified,Assistant Manager Financial Planning & Business Partnering Alawwa,[]
1483610,Manager -Financial Planning & Business Partnering-Alawwa (1),Konnect Net Pvt Ltd,Please refer the advert,,2026-05-09,Not Specified,Manager,[]
1477323,Credit Control Coordinator (1),Debug Group of Companies,Please refer the advertisement,,2026-05-07,Not Specified,Credit Control Coordinator,[]
1477321,Debt Collector (1),Debug Group of Companies,Please refer the advertisement,,2026-05-07,Not Specified,Debt Collector,[]
1455612,Associate Project Manager  (1),CMS (Pvt) Ltd,Please click on the advertisement to apply,,2026-05-11,Not Specified,Associate Project Manager,[]
1455608,Associate Project Manager  (1),CMS (Pvt) Ltd,Please click on the advertisement to apply,,2026-05-11,Not Specified,Associate Project Manager,[]
1431810,Operations Assistant (Colombo),Hayleys Group,Join the World of Hayleys.,,2026-05-14,Colombo,Operations Assistant (Colombo),[]
1421034,Senior SQL Developer (1),CMS (Pvt) Ltd,Please click on the advertisement to apply,,2026-05-11,Not Specified,Senior SQL Developer,['SQL']
1420855,Big Data Engineer (1),CMS (Pvt) Ltd,Please click on the advertisement to apply,,2026-05-11,Not Specified,Big Data Engineer,['Data Engineer']
1306566,Assistant Manager - Facility Management (1),Debug Group of Companies,Please refer the advertisement,,2026-05-06,Not Specified,Assistant Manager,[]
1268715,Junior Executive - Internal Audit  (1),Ideal Group,Please refer the advertisement,,2026-05-07,Not Specified,Junior Executive,[]
1220622,Executive - Inside Sales (Colombo),Hayleys Group,"Click on the flyer to apply.
Join the World of Hayleys.",,2026-05-14,Colombo,Executive - Inside Sales (Colombo),[]
1495138,Showroom Cashier | Showroom Sales Assistant,Supun Group of Companies,Please refer the vacancy,,2026-05-13,Not Specified,Showroom Cashier | Showroom Sales Assistant,[]
1495137,AC Technician,Supun Group of Companies,Please refer the vacancy,,2026-05-13,Not Specified,AC Technician,[]
1495136,Intern - Lean Enterprise  (1),MAS Holdings,Click on the advert to apply.,,2026-05-13,Not Specified,Intern,['Internship']
1495135,Tele Sales Executive,Payable (Pvt) Ltd,Please refer the vacancy,,2026-05-13,Not Specified,Tele Sales Executive,[]
1495134,Intern - Lean Enterprise  (1),MAS Holdings,Click on the advert to apply,,2026-05-13,Not Specified,Intern,['Internship']
1495133,Senior Customer Service Executive,Payable (Pvt) Ltd,Please refer the vacancy,,2026-05-13,Not Specified,Senior Customer Service Executive,[]
1495132,Executive - Human Resources Business Partnering (1),MAS Holdings,Click on the advert to apply.,,2026-05-13,Not Specified,Executive,[]
1495131,Executive - Human Resources Business Partnering (1),MAS Holdings,Click on the advert to apply.,,2026-05-13,Not Specified,Executive,[]
1495130,Maintenance Technician,Omilco Export (Pvt) Ltd,Please refer the vacancy,,2026-05-13,Not Specified,Maintenance Technician,[]
1495129,Quality Assurance Manager,Shield Restraint Systems (Pvt) Ltd,Please refer the vacancy,,2026-05-13,Not Specified,Quality Assurance Manager,['QA/Testing']
1495128,Intern - Merchandising (1),MAS Holdings,Click on the advert to apply.,,2026-05-13,Not Specified,Intern,['Internship']
1495127,Mechanical Engineer (Male),K & A Engineers (Pvt) Ltd,Please refer the vacancy,,2026-05-13,Not Specified,Mechanical Engineer (Male),[]
1495126,CCTV Technician,Sujatha Vidyalaya,Please refer the vacancy,,2026-05-13,Not Specified,CCTV Technician,[]
1495125,Sales Associate (Male | Female),Sujatha Vidyalaya,Please refer the vacancy,,2026-05-13,Not Specified,Sales Associate (Male | Female),[]
1495124,Intern - Merchandising (1),MAS Holdings,Click on the advert to apply.,,2026-05-13,Not Specified,Intern,['Internship']
1495123,CHIEF ACCOUNTANT (HOSPITALITY INDUSTRY) (1),Maritime Placements (Pvt) Ltd,"Chief Accountant ? Minimum 5+ years of experience in a similar role within the hospitality industry is a must, Strong working knowledge of QuickBooks (QB)  ....",,2026-05-09,Not Specified,CHIEF ACCOUNTANT (HOSPITALITY INDUSTRY),[]
1495122,Junior Executive | Executive - Medical Claims,Digital Services Global (Pvt) Ltd,Please refer the vacancy,,2026-05-13,Not Specified,Junior Executive | Executive - Medical Claims,[]
1495121,CHIEF ACCOUNTANT (HOSPITALITY INDUSTRY) (1),Maritime Placements (Pvt) Ltd,"Chief Accountant ? Minimum 5+ years of experience in a similar role within the hospitality industry is a must, Strong working knowledge of QuickBooks (QB)  ....",,2026-05-09,Not Specified,CHIEF ACCOUNTANT (HOSPITALITY INDUSTRY),[]
1495120,MARKETING MANAGER (EXPORT INDUSTRY) (1),Maritime Placements (Pvt) Ltd,"Marketing Manager   - Minimum 5+ years of experience in marketing within the export tea or food industry is a must, Bachelor?s degree in Marketing, Busines ....",,2026-05-09,Not Specified,MARKETING MANAGER (EXPORT INDUSTRY),[]
1495119,ASSISTANT MANAGER ? SUPERVISOR (WITH BPO / KPO INDUSTRY EXPOSURE) (1),Maritime Placements (Pvt) Ltd,"Assistant Manager ? Supervisor ? Minimum 3?5 years of experience in the BPO / KPO industry, with at least 1?2 years in a supervisory role, Bachelor?s degre ....",,2026-05-09,Not Specified,ASSISTANT MANAGER ? SUPERVISOR (WITH BPO / KPO INDUSTRY EXPOSURE),[]
1495118,ASSISTANT BRAND MANAGER (1),Maritime Placements (Pvt) Ltd,"ASSISTANT BRAND MANAGER - 2?4 years of experience in brand management, marketing, or a similar role,  Bachelor?s degree in Marketing, Business Administrati ....",,2026-05-09,Not Specified,ASSISTANT BRAND MANAGER,[]
1495117,Intern - Innovation (1),MAS Holdings,Click on advert to apply,,2026-05-13,Not Specified,Intern,['Internship']
1495116,Junior Executive - Human Resource (1),Sumathi Group,Please refer to the advertisement.,,2026-05-06,Not Specified,Junior Executive,[]
1495115,Senior Executive - Private Label  (1),Jaykay Marketing Services (Pvt) Ltd,"Please apply via link,",,2026-05-06,Not Specified,Senior Executive,[]
1495114,Intern - Category Management  (1),Jaykay Marketing Services (Pvt) Ltd,Please apply via link.,,2026-05-06,Not Specified,Intern,['Internship']
1495113,Executive - Standard Assurance (1),Jaykay Marketing Services (Pvt) Ltd,Please apply via link,,2026-05-06,Not Specified,Executive,[]
1495112,Intern - Sustainability & CSR (1),Browns Hotels & Resorts,Refer the advert,,2026-05-13,Not Specified,Intern,['Internship']
1495111,Warehouse Assistant (1),Samson Manufactures Ltd,Please refer the advertisement,,2026-05-06,Not Specified,Warehouse Assistant,[]
1495110,Assistant Manager / Senior Executive - Cybersecurity,Hayleys Group,"Click on the flyer to apply.
Join the World of Hayleys.",,2026-05-13,Not Specified,Assistant Manager / Senior Executive - Cybersecurity,['Network/Security']
1495109,Collection Executive (1),Lankem Ceylon PLC,Please refer the advertisement.,,2026-05-20,Not Specified,Collection Executive,[]
1495108,IT System Specialist - SAP Basis (1),Michelin,Click on the advertisement to apply.,,2026-05-20,Not Specified,IT System Specialist,[]
1495107,Assistant Sales Manager | Senior Sales Executive,Baili Investments Lanka (Pvt) Ltd,Please refer the vacancy,,2026-05-13,Not Specified,Assistant Sales Manager | Senior Sales Executive,[]
1495106,Online Sales Account Manager - Amazon,Asiawise Lanka (Pvt) Ltd,Please refer the vacancy,,2026-05-29,Not Specified,Online Sales Account Manager - Amazon,[]
1495105,Digital Assistant (1),Micronet Global Services (Pvt) Ltd,Urgent,,2026-05-13,Not Specified,Digital Assistant,[]
1495104,Student Enrollment Executive - Business School,The Institute of Chartered Accountants of Sri Lanka (CA Sri Lanka),Please refer the vacancy,,2026-05-13,Not Specified,Student Enrollment Executive - Business School,[]
1495103,Performance Marketer - Meta & Google Ads,Apex Consulting,Please refer the vacancy,,2026-05-13,Not Specified,Performance Marketer - Meta & Google Ads,[]
1495102,Digital Assistant (1),Micronet Global Services (Pvt) Ltd,Urgent,,2026-05-13,Not Specified,Digital Assistant,[]
